id,transcript,ayah_assignment,confidence,transcript_split_by_ayahs,actual_ayahs
train-001,قل هو الله أحد,112001,high,"[{""id"": ""112001"", ""transcript"": ""قل هو الله أحد""}]","[{""id"": ""112001"", ""type"": ""ayah"", ""ar"": ""قُلْ هُوَ اللَّهُ أَحَدٌ"", ""clean"": """", ""en"": ""Qul huwaLlaahu aĥad.""}]"
train-002,لا يقاتلونكم إلا في قرى محصنة أو من وراء جدر,059014,medium,"[{""id"": ""059014"", ""transcript"": ""لا يقاتلونكم إلا في قرى محصنة أو من وراء جدر""}]","[{""id"": ""059014"", ""type"": ""ayah"", ""ar"": ""لَا يُقَاتِلُونَكُمْ جَمِيعًا إِلَّا فِي قُرًى مُّحَصَّنَةٍ أَوْ مِن وَرَاءِ جُدُرٍ ۚ بَأْسُهُم بَيْنَهُمْ شَدِيدٌ ۚ تَحْسَبُهُمْ جَمِيعًا وَقُلُوبُهُمْ شَتَّىٰ ۚ ذَٰلِكَ بِأَنَّهُمْ قَوْمٌ لَّا يَعْقِلُونَ"", ""clean"": """", ""en"": """"}]"
train-003,لا يقاتلونكم إلا في قرى محصنة أو من وراء جدر بأسهم بينهم شديد تحسبهم جميعا وقلوبهم شتى ذلك بأنهم قوم لا يفقهون,059014,high,"[{""id"": ""059014"", ""transcript"": ""لا يقاتلونكم إلا في قرى محصنة أو من وراء جدر بأسهم بينهم شديد تحسبهم جميعا وقلوبهم شتى ذلك بأنهم قوم لا يفقهون""}]","[{""id"": ""059014"", ""type"": ""ayah"", ""ar"": ""لَا يُقَاتِلُونَكُمْ جَمِيعًا إِلَّا فِي قُرًى مُّحَصَّنَةٍ أَوْ مِن وَرَاءِ جُدُرٍ ۚ بَأْسُهُم بَيْنَهُمْ شَدِيدٌ ۚ تَحْسَبُهُمْ جَمِيعًا وَقُلُوبُهُمْ شَتَّىٰ ۚ ذَٰلِكَ بِأَنَّهُمْ قَوْمٌ لَّا يَعْقِلُونَ"", ""clean"": """", ""en"": """"}]"
train-004,وإني أعيدكم بسلطان مبين وإني عذت بربي وربكم أن ترجمون وإن لم تؤمنوا لي فاعتزلون فدعا ربه أن هؤلاء القوم مجرمون فأسر بعبادي ليلا إنكم متبعون واترك البحر رهوا إنهم جند مغرقون كم تركوا من جنات وعيون وزروع ومقام كريم ونعمة كانوا فيها فاكهين كذلك وأورثناها قوما آخرين فما بكت عليهم السماء والأرض وما كانوا منظرين,044019-044029,high,"[{""id"": ""044019"", ""transcript"": ""وإني أعيدكم بسلطان مبين""}, {""id"": ""044020"", ""transcript"": ""وإني عذت بربي وربكم أن ترجمون""}, {""id"": ""044021"", ""transcript"": ""وإن لم تؤمنوا لي فاعتزلون""}, {""id"": ""044022"", ""transcript"": ""فدعا ربه أن هؤلاء القوم مجرمون""}, {""id"": ""044023"", ""transcript"": ""فأسر بعبادي ليلا إنكم متبعون""}, {""id"": ""044024"", ""transcript"": ""واترك البحر رهوا إنهم جند مغرقون""}, {""id"": ""044025"", ""transcript"": ""كم تركوا من جنات وعيون""}, {""id"": ""044026"", ""transcript"": ""وزروع ومقام كريم""}, {""id"": ""044027"", ""transcript"": ""ونعمة كانوا فيها فاكهين""}, {""id"": ""044028"", ""transcript"": ""كذلك وأورثناها قوما آخرين""}, {""id"": ""044029"", ""transcript"": ""فما بكت عليهم السماء والأرض وما كانوا منظرين""}]","[{""id"": ""044019"", ""type"": ""ayah"", ""ar"": ""وَأَن لَّا تَعْلُوا عَلَى اللَّهِ ۖ إِنِّي آتِيكُم بِسُلْطَانٍ مُّبِينٍ"", ""clean"": """", ""en"": """"}, {""id"": ""044020"", ""type"": ""ayah"", ""ar"": ""وَإِنِّي عُذْتُ بِرَبِّي وَرَبِّكُمْ أَن تَرْجُمُونِ"", ""clean"": """", ""en"": """"}, {""id"": ""044021"", ""type"": ""ayah"", ""ar"": ""وَإِن لَّمْ تُؤْمِنُوا لِي فَاعْتَزِلُونِ"", ""clean"": """", ""en"": """"}, {""id"": ""044022"", ""type"": ""ayah"", ""ar"": ""فَدَعَا رَبَّهُ أَنَّ هَـٰؤُلَاءِ قَوْمٌ مُّجْرِمُونَ"", ""clean"": """", ""en"": """"}, {""id"": ""044023"", ""type"": ""ayah"", ""ar"": ""فَأَسْرِ بِعِبَادِي لَيْلًا إِنَّكُم مُّتَّبَعُونَ"", ""clean"": """", ""en"": """"}, {""id"": ""044024"", ""type"": ""ayah"", ""ar"": ""وَاتْرُكِ الْبَحْرَ رَهْوًا ۖ إِنَّهُمْ جُندٌ مُّغْرَقُونَ"", ""clean"": """", ""en"": """"}, {""id"": ""044025"", ""type"": ""ayah"", ""ar"": ""كَمْ تَرَكُوا مِن جَنَّاتٍ وَعُيُونٍ"", ""clean"": """", ""en"": """"}, {""id"": ""044026"", ""type"": ""ayah"", ""ar"": ""وَزُرُوعٍ وَمَقَامٍ كَرِيمٍ"", ""clean"": """", ""en"": """"}, {""id"": ""044027"", ""type"": ""ayah"", ""ar"": ""وَنَعْمَةٍ كَانُوا فِيهَا فَاكِهِينَ"", ""clean"": """", ""en"": """"}, {""id"": ""044028"", ""type"": ""ayah"", ""ar"": ""كَذَٰلِكَ ۖ وَأَوْرَثْنَاهَا قَوْمًا آخَرِينَ"", ""clean"": """", ""en"": """"}, {""id"": ""044029"", ""type"": ""ayah"", ""ar"": ""فَمَا بَكَتْ عَلَيْهِمُ السَّمَاءُ وَالْأَرْضُ وَمَا كَانُوا مُنظَرِينَ"", ""clean"": """", ""en"": """"}]"
train-005,إن يوم الفصل ميقاتهم أجمعين يوم لا يغني مولى عن مولى شيئا ولا هم ينصرون إلا من رحم الله إنه هو العزيز الرحيم إن شجرة الزقوم,044040-044043,high,"[{""id"": ""044040"", ""transcript"": ""إن يوم الفصل ميقاتهم أجمعين""}, {""id"": ""044041"", ""transcript"": ""يوم لا يغني مولى عن مولى شيئا ولا هم ينصرون""}, {""id"": ""044042"", ""transcript"": ""إلا من رحم الله إنه هو العزيز الرحيم""}, {""id"": ""044043"", ""transcript"": ""إن شجرة الزقوم""}]","[{""id"": ""044040"", ""type"": ""ayah"", ""ar"": ""إِنَّ يَوْمَ الْفَصْلِ مِيقَاتُهُمْ أَجْمَعِينَ"", ""clean"": """", ""en"": """"}, {""id"": ""044041"", ""type"": ""ayah"", ""ar"": ""يَوْمَ لَا يُغْنِي مَوْلًى عَن مَّوْلًى شَيْئًا وَلَا هُمْ يُنصَرُونَ"", ""clean"": """", ""en"": """"}, {""id"": ""044042"", ""type"": ""ayah"", ""ar"": ""إِلَّا مَن رَّحِمَ اللَّهُ ۚ إِنَّهُ هُوَ الْعَزِيزُ الرَّحِيمُ"", ""clean"": """", ""en"": """"}, {""id"": ""044043"", ""type"": ""ayah"", ""ar"": ""إِنَّ شَجَرَتَ الزَّقُّومِ"", ""clean"": """", ""en"": """"}]"
train-006,أعوذ بالله من الشيطان الرجيم بسم الله الرحمن الرحيم القارعة ما القارعة وما أدراك ما القارعة,101001-101003,high,"[{""id"": ""101001"", ""transcript"": ""القارعة""}, {""id"": ""101002"", ""transcript"": ""ما القارعة""}, {""id"": ""101003"", ""transcript"": ""وما أدراك ما القارعة""}]","[{""id"": ""101001"", ""type"": ""ayah"", ""ar"": ""الْقَارِعَةُ"", ""clean"": """", ""en"": """"}, {""id"": ""101002"", ""type"": ""ayah"", ""ar"": ""مَا الْقَارِعَةُ"", ""clean"": """", ""en"": """"}, {""id"": ""101003"", ""type"": ""ayah"", ""ar"": ""وَمَا أَدْرَاكَ مَا الْقَارِعَةُ"", ""clean"": """", ""en"": """"}]"
train-007,أعوذ بالله من الشيطان الرجيم بسم الله الرحمن الرحيم والتين والزيتون وطور سينين وهذا البلد الأمين,095001-095003,high,"[{""id"": ""095001"", ""transcript"": ""والتين والزيتون""}, {""id"": ""095002"", ""transcript"": ""وطور سينين""}, {""id"": ""095003"", ""transcript"": ""وهذا البلد الأمين""}]","[{""id"": ""095001"", ""type"": ""ayah"", ""ar"": ""وَالتِّينِ وَالزَّيْتُونِ"", ""clean"": """", ""en"": """"}, {""id"": ""095002"", ""type"": ""ayah"", ""ar"": ""وَطُورِ سِينِينَ"", ""clean"": """", ""en"": """"}, {""id"": ""095003"", ""type"": ""ayah"", ""ar"": ""وَهَـٰذَا الْبَلَدِ الْأَمِينِ"", ""clean"": """", ""en"": """"}]"
train-008,والتين والزيتون وطور سينين وهذا البلد الأمين لقد خلقنا الإنسان في أحسن تقويم ثم رددناه أسفل سافلين إلا الذين آمنوا وعملوا الصالحات فلهم أجر غير ممنون فما يكذبك بعد بالدين أليس الله بأحكم الحاكمين,095001-095007,high,"[{""id"": ""095001"", ""transcript"": ""والتين والزيتون""}, {""id"": ""095002"", ""transcript"": ""وطور سينين""}, {""id"": ""095003"", ""transcript"": ""وهذا البلد الأمين""}, {""id"": ""095004"", ""transcript"": ""لقد خلقنا الإنسان في أحسن تقويم""}, {""id"": ""095005"", ""transcript"": ""ثم رددناه أسفل سافلين""}, {""id"": ""095006"", ""transcript"": ""إلا الذين آمنوا وعملوا الصالحات فلهم أجر غير ممنون""}, {""id"": ""095007"", ""transcript"": ""فما يكذبك بعد بالدين""}]","[{""id"": ""095001"", ""type"": ""ayah"", ""ar"": ""وَالتِّينِ وَالزَّيْتُونِ"", ""clean"": """", ""en"": """"}, {""id"": ""095002"", ""type"": ""ayah"", ""ar"": ""وَطُورِ سِينِينَ"", ""clean"": """", ""en"": """"}, {""id"": ""095003"", ""type"": ""ayah"", ""ar"": ""وَهَـٰذَا الْبَلَدِ الْأَمِينِ"", ""clean"": """", ""en"": """"}, {""id"": ""095004"", ""type"": ""ayah"", ""ar"": ""لَقَدْ خَلَقْنَا الْإِنسَانَ فِي أَحْسَنِ تَقْوِيمٍ"", ""clean"": """", ""en"": """"}, {""id"": ""095005"", ""type"": ""ayah"", ""ar"": ""ثُمَّ رَدَدْنَاهُ أَسْفَلَ سَافِلِينَ"", ""clean"": """", ""en"": """"}, {""id"": ""095006"", ""type"": ""ayah"", ""ar"": ""إِلَّا الَّذِينَ آمَنُوا وَعَمِلُوا الصَّالِحَاتِ فَلَهُمْ أَجْرٌ غَيْرُ مَمْنُونٍ"", ""clean"": """", ""en"": """"}, {""id"": ""095007"", ""type"": ""ayah"", ""ar"": ""فَمَا يُكَذِّبُكَ بَعْدُ بِالدِّينِ"", ""clean"": """", ""en"": """"}]"
train-009,والتين والزيتون وطور سينين وهذا البلد الأمين لقد خلقنا الإنسان في أحسن تقويم ثم رددناه أسفل سافلين إلا الذين آمنوا وعملوا الصالحات فلهم أجر غير ممنون فما يكذبك بعد بالدين أليس الله بأحكم الحاكمين,095001-095008,high,"[{""id"": ""095001"", ""transcript"": ""والتين والزيتون""}, {""id"": ""095002"", ""transcript"": ""وطور سينين""}, {""id"": ""095003"", ""transcript"": ""وهذا البلد الأمين""}, {""id"": ""095004"", ""transcript"": ""لقد خلقنا الإنسان في أحسن تقويم""}, {""id"": ""095005"", ""transcript"": ""ثم رددناه أسفل سافلين""}, {""id"": ""095006"", ""transcript"": ""إلا الذين آمنوا وعملوا الصالحات فلهم أجر غير ممنون""}, {""id"": ""095007"", ""transcript"": ""فما يكذبك بعد بالدين""}, {""id"": ""095008"", ""transcript"": ""أليس الله بأحكم الحاكمين""}]","[{""id"": ""095001"", ""type"": ""ayah"", ""ar"": ""وَالتِّينِ وَالزَّيْتُونِ"", ""clean"": """", ""en"": """"}, {""id"": ""095002"", ""type"": ""ayah"", ""ar"": ""وَطُورِ سِينِينَ"", ""clean"": """", ""en"": """"}, {""id"": ""095003"", ""type"": ""ayah"", ""ar"": ""وَهَـٰذَا الْبَلَدِ الْأَمِينِ"", ""clean"": """", ""en"": """"}, {""id"": ""095004"", ""type"": ""ayah"", ""ar"": ""لَقَدْ خَلَقْنَا الْإِنسَانَ فِي أَحْسَنِ تَقْوِيمٍ"", ""clean"": """", ""en"": """"}, {""id"": ""095005"", ""type"": ""ayah"", ""ar"": ""ثُمَّ رَدَدْنَاهُ أَسْفَلَ سَافِلِينَ"", ""clean"": """", ""en"": """"}, {""id"": ""095006"", ""type"": ""ayah"", ""ar"": ""إِلَّا الَّذِينَ آمَنُوا وَعَمِلُوا الصَّالِحَاتِ فَلَهُمْ أَجْرٌ غَيْرُ مَمْنُونٍ"", ""clean"": """", ""en"": """"}, {""id"": ""095007"", ""type"": ""ayah"", ""ar"": ""فَمَا يُكَذِّبُكَ بَعْدُ بِالدِّينِ"", ""clean"": """", ""en"": """"}, {""id"": ""095008"", ""type"": ""ayah"", ""ar"": ""أَلَيْسَ اللَّهُ بِأَحْكَمِ الْحَاكِمِينَ"", ""clean"": """", ""en"": """"}]"
train-010,لا أعبد ما تعبدون,109002,high,"[{""id"": ""109002"", ""transcript"": ""لا أعبد ما تعبدون""}]","[{""id"": ""109002"", ""type"": ""ayah"", ""ar"": ""لَا أَعْبُدُ مَا تَعْبُدُونَ"", ""clean"": """", ""en"": ""Laa aعbudu maa taعbudoon.""}]"
train-011,حي على الصلاة,non_quran,high,[],[]
train-012,سورة عم آية 45,non_quran,high,[],[]
train-013,صراط الذين أنعمت عليهم,001007,high,"[{""id"": ""001007"", ""transcript"": ""صراط الذين أنعمت عليهم""}]","[{""id"": ""001007"", ""type"": ""ayah"", ""ar"": ""صِرَاطَ الَّذِينَ أَنْعَمْتَ عَلَيْهِمْ غَيْرِ الْمَغْضُوبِ عَلَيْهِمْ وَلَا الضَّالِّينَ"", ""clean"": """", ""en"": ""Ṣiraatal-ladheena anعamta عalaihim, ghairil-magh-ḍoobi عalaihim wa laḍ-ḍaaaalleen.""}]"
train-014,وإذ قلنا ادخلوا هذه القرية فكلوا منها حيث شئتم رغدا وادخلوا الباب سجدا وقولوا حطة نغفر لكم خطاياكم وازيد المحسنين فبدل الذين ظلموا قولا غير الذي قيل لهم فأنزلنا على الذين ظلموا رجزا من السماء بما كانوا يفسقون وإذ استسقى موسى لقومه فقلنا اضرب بعصاك الحجر فانفجرت منه اثنتا عشرة عينا قد علم كل أناس مشربهم كلوا واشربوا من رزق الله ولا تعثوا في الأرض مفسدين وإذ قلتم يا موسى لن نصبر على طعام واحد فادع لنا ربك يخرج لنا مما تنبت الأرض من بقلها وقثائها وفومها وعدسها وبصلها قال أتستبدلون الذي هو أدنى بالذي هو خير اهبطوا مصرا فإن لكم ما سألتم وضربت عليهم الذلة والمسكنة وباءوا بغضب من الله ذلك بأنهم كانوا يكفرون بآيات الله ويقتلون النبيين بغير الحق ذلك بما عصوا وكانوا يعتدون,002058-002061,high,"[{""id"": ""002058"", ""transcript"": ""وإذ قلنا ادخلوا هذه القرية فكلوا منها حيث شئتم رغدا وادخلوا الباب سجدا وقولوا حطة نغفر لكم خطاياكم وازيد المحسنين""}, {""id"": ""002059"", ""transcript"": ""فبدل الذين ظلموا قولا غير الذي قيل لهم فأنزلنا على الذين ظلموا رجزا من السماء بما كانوا يفسقون""}, {""id"": ""002060"", ""transcript"": ""وإذ استسقى موسى لقومه فقلنا اضرب بعصاك الحجر فانفجرت منه اثنتا عشرة عينا قد علم كل أناس مشربهم كلوا واشربوا من رزق الله ولا تعثوا في الأرض مفسدين""}, {""id"": ""002061"", ""transcript"": ""وإذ قلتم يا موسى لن نصبر على طعام واحد فادع لنا ربك يخرج لنا مما تنبت الأرض من بقلها وقثائها وفومها وعدسها وبصلها قال أتستبدلون الذي هو أدنى بالذي هو خير اهبطوا مصرا فإن لكم ما سألتم وضربت عليهم الذلة والمسكنة وباءوا بغضب من الله ذلك بأنهم كانوا يكفرون بآيات الله ويقتلون النبيين بغير الحق ذلك بما عصوا وكانوا يعتدون""}]","[{""id"": ""002058"", ""type"": ""ayah"", ""ar"": ""وَإِذْ قُلْنَا ادْخُلُوا هَـٰذِهِ الْقَرْيَةَ فَكُلُوا مِنْهَا حَيْثُ شِئْتُمْ رَغَدًا وَادْخُلُوا الْبَابَ سُجَّدًا وَقُولُوا حِطَّةٌ نَّغْفِرْ لَكُمْ خَطَايَاكُمْ ۚ وَسَنَزِيدُ الْمُحْسِنِينَ"", ""clean"": """", ""en"": """"}, {""id"": ""002059"", ""type"": ""ayah"", ""ar"": ""فَبَدَّلَ الَّذِينَ ظَلَمُوا قَوْلًا غَيْرَ الَّذِي قِيلَ لَهُمْ فَأَنزَلْنَا عَلَى الَّذِينَ ظَلَمُوا رِجْزًا مِّنَ السَّمَاءِ بِمَا كَانُوا يَفْسُقُونَ"", ""clean"": """", ""en"": """"}, {""id"": ""002060"", ""type"": ""ayah"", ""ar"": ""۞ وَإِذِ اسْتَسْقَىٰ مُوسَىٰ لِقَوْمِهِ فَقُلْنَا اضْرِب بِّعَصَاكَ الْحَجَرَ ۖ فَانفَجَرَتْ مِنْهُ اثْنَتَا عَشْرَةَ عَيْنًا ۖ قَدْ عَلِمَ كُلُّ أُنَاسٍ مَّشْرَبَهُمْ ۖ كُلُوا وَاشْرَبُوا مِن رِّزْقِ اللَّهِ وَلَا تَعْثَوْا فِي الْأَرْضِ مُفْسِدِينَ"", ""clean"": """", ""en"": """"}, {""id"": ""002061"", ""type"": ""ayah"", ""ar"": ""وَإِذْ قُلْتُمْ يَا مُوسَىٰ لَن نَّصْبِرَ عَلَىٰ طَعَامٍ وَاحِدٍ فَادْعُ لَنَا رَبَّكَ يُخْرِجْ لَنَا مِمَّا تُنبِتُ الْأَرْضُ مِن بَقْلِهَا وَقِثَّائِهَا وَفُومِهَا وَعَدَسِهَا وَبَصَلِهَا ۖ قَالَ أَتَسْتَبْدِلُونَ الَّذِي هُوَ أَدْنَىٰ بِالَّذِي هُوَ خَيْرٌ ۚ اهْبِطُوا مِصْرًا فَإِنَّ لَكُم مَّا سَأَلْتُمْ ۗ وَضُرِبَتْ عَلَيْهِمُ الذِّلَّةُ وَالْمَسْكَنَةُ وَبَاءُوا بِغَضَبٍ مِّنَ اللَّهِ ۗ ذَٰلِكَ بِأَنَّهُمْ كَانُوا يَكْفُرُونَ بِآيَاتِ اللَّهِ وَيَقْتُلُونَ النَّبِيِّينَ بِغَيْرِ الْحَقِّ ۗ ذَٰلِكَ بِمَا عَصَوا وَّكَانُوا يَعْتَدُونَ"", ""clean"": """", ""en"": """"}]"
train-015,الحمد لله رب العالمين,001002,high,"[{""id"": ""001002"", ""transcript"": ""الحمد لله رب العالمين""}]","[{""id"": ""001002"", ""type"": ""ayah"", ""ar"": ""الْحَمْدُ لِلَّهِ رَبِّ الْعَالَمِينَ"", ""clean"": """", ""en"": ""Alĥamdu lillaahi rabbil-عaalameen!""}]"
train-016,بسم الله الرحمن الرحيم يا أيها النبي لم تحرم ما أحل الله لك تبتغي مرضات أزواجك والله غفور رحيم,066001,high,"[{""id"": ""066001"", ""transcript"": ""يا أيها النبي لم تحرم ما أحل الله لك تبتغي مرضات أزواجك والله غفور رحيم""}]","[{""id"": ""066001"", ""type"": ""ayah"", ""ar"": ""يَا أَيُّهَا النَّبِيُّ لِمَ تُحَرِّمُ مَا أَحَلَّ اللَّهُ لَكَ ۖ تَبْتَغِي مَرْضَاتَ أَزْوَاجِكَ ۚ وَاللَّهُ غَفُورٌ رَّحِيمٌ"", ""clean"": """", ""en"": """"}]"
train-017,أعوذ بالله من الشيطان الرجيم بسم الله الرحمن الرحيم يا أيها الذين آمنوا توبوا إلى الله توبة نصوحا عسى ربكم أن يكفر عنكم سيئاتكم ويدخلكم جنات تجري من تحتها الأنهار يوم لا يخزي الله النبي والذين آمنوا معه نورهم يسعى بين أيديهم وبأيمانهم يقولون ربنا أتمم لنا نورنا واغفر لنا إنك على كل شيء قدير,066008,high,"[{""id"": ""066008"", ""transcript"": ""يا أيها الذين آمنوا توبوا إلى الله توبة نصوحا عسى ربكم أن يكفر عنكم سيئاتكم ويدخلكم جنات تجري من تحتها الأنهار يوم لا يخزي الله النبي والذين آمنوا معه نورهم يسعى بين أيديهم وبأيمانهم يقولون ربنا أتمم لنا نورنا واغفر لنا إنك على كل شيء قدير""}]","[{""id"": ""066008"", ""type"": ""ayah"", ""ar"": ""يَا أَيُّهَا الَّذِينَ آمَنُوا تُوبُوا إِلَى اللَّهِ تَوْبَةً نَّصُوحًا عَسَىٰ رَبُّكُمْ أَن يُكَفِّرَ عَنكُمْ سَيِّئَاتِكُمْ وَيُدْخِلَكُمْ جَنَّاتٍ تَجْرِي مِن تَحْتِهَا الْأَنْهَارُ يَوْمَ لَا يُخْزِي اللَّهُ النَّبِيَّ وَالَّذِينَ آمَنُوا مَعَهُ ۖ نُورُهُمْ يَسْعَىٰ بَيْنَ أَيْدِيهِمْ وَبِأَيْمَانِهِمْ يَقُولُونَ رَبَّنَا أَتْمِمْ لَنَا نُورَنَا وَاغْفِرْ لَنَا ۖ إِنَّكَ عَلَىٰ كُلِّ شَيْءٍ قَدِيرٌ"", ""clean"": """", ""en"": """"}]"
train-018,اعوذ بالله من الشيطان الرجيم وإذ نجيناكم من آل فرعون يسومونكم سوء العذاب يذبحون أبناءكم ويستحيون نساءكم وفي ذلكم بلاء من ربكم عظيم وإذ فرقنا بكم البحر فأنجيناكم وأغرقنا آل فرعون وأنتم تنظرون,002049-002050,high,"[{""id"": ""002049"", ""transcript"": ""وإذ نجيناكم من آل فرعون يسومونكم سوء العذاب يذبحون أبناءكم ويستحيون نساءكم وفي ذلكم بلاء من ربكم عظيم""}, {""id"": ""002050"", ""transcript"": ""وإذ فرقنا بكم البحر فأنجيناكم وأغرقنا آل فرعون وأنتم تنظرون""}]","[{""id"": ""002049"", ""type"": ""ayah"", ""ar"": ""وَإِذْ نَجَّيْنَاكُم مِّنْ آلِ فِرْعَوْنَ يَسُومُونَكُمْ سُوءَ الْعَذَابِ يُذَبِّحُونَ أَبْنَاءَكُمْ وَيَسْتَحْيُونَ نِسَاءَكُمْ ۚ وَفِي ذَٰلِكُم بَلَاءٌ مِّن رَّبِّكُمْ عَظِيمٌ"", ""clean"": """", ""en"": """"}, {""id"": ""002050"", ""type"": ""ayah"", ""ar"": ""وَإِذْ فَرَقْنَا بِكُمُ الْبَحْرَ فَأَنجَيْنَاكُمْ وَأَغْرَقْنَا آلَ فِرْعَوْنَ وَأَنتُمْ تَنظُرُونَ"", ""clean"": """", ""en"": """"}]"
train-019,أعوذ بالله من الشيطان الرجيم يا أيها الناس اعبدوا ربكم الذي خلقكم والذين من قبلكم لعلكم تتقون الذي جعل لكم الأرض فراشا والسماء بناء وأنزل من السماء ماء فأخرج به من الثمرات رزقا لكم فلا تجعلوا لله أندادا وأنتم تعلمون,002021-002022,high,"[{""id"": ""002021"", ""transcript"": ""يا أيها الناس اعبدوا ربكم الذي خلقكم والذين من قبلكم لعلكم تتقون""}, {""id"": ""002022"", ""transcript"": ""الذي جعل لكم الأرض فراشا والسماء بناء وأنزل من السماء ماء فأخرج به من الثمرات رزقا لكم فلا تجعلوا لله أندادا وأنتم تعلمون""}]","[{""id"": ""002021"", ""type"": ""ayah"", ""ar"": ""يَا أَيُّهَا النَّاسُ اعْبُدُوا رَبَّكُمُ الَّذِي خَلَقَكُمْ وَالَّذِينَ مِن قَبْلِكُمْ لَعَلَّكُمْ تَتَّقُونَ"", ""clean"": """", ""en"": """"}, {""id"": ""002022"", ""type"": ""ayah"", ""ar"": ""الَّذِي جَعَلَ لَكُمُ الْأَرْضَ فِرَاشًا وَالسَّمَاءَ بِنَاءً وَأَنزَلَ مِنَ السَّمَاءِ مَاءً فَأَخْرَجَ بِهِ مِنَ الثَّمَرَاتِ رِزْقًا لَّكُمْ ۖ فَلَا تَجْعَلُوا لِلَّهِ أَندَادًا وَأَنتُمْ تَعْلَمُونَ"", ""clean"": """", ""en"": """"}]"
train-020,وإذ قلنا ادخلوا هذه القرية فكلوا منها حيث شئتم رغدا وادخلوا الباب سجدا وقولوا حطة نغفر لكم خطاياكم وإذ قلنا ادخلوا هذه القرية وكلوا منها حيث شئتم رغدا وادخلوا الباب سجدا وقولوا حطة نغفر لكم خطاياكم وسنزيد المحسنين فبدل الذين ظلموا قولا غير الذي قيل لهم فأنزلنا على الذين ظلموا رجزا من السماء بما كانوا يفسقون وإذ استسقى موسى لقومه فقلنا اضرب عصاك الحجر فانفجرت منه اثنتا عشرة عينا قد علم كل أناس مشربهم كلوا واشربوا من رزق الله ولا تعثوا في الأرض مفسدين وإذ قلتم يا موسى لن نصبر على طعام واحد فادع لنا ربك يخرج لنا مما تنبت الأرض من بقلها وقثائها وفومها وعدسها وبصلها قال أتستبدلون الذي هو أدنى بالذي هو خير اهبطوا مصرا فإن لكم ما سألتم وضربت عليهم الذلة والمسكنة وباؤوا بغضب من الله ذلك بأنهم كانوا يكفرون بآيات الله ويقتلون النبيين بغير الحق ذلك بما عصوا وكانوا يعتدون,002058-002061,high,"[{""id"": ""002058"", ""transcript"": ""وإذ قلنا ادخلوا هذه القرية فكلوا منها حيث شئتم رغدا وادخلوا الباب سجدا وقولوا حطة نغفر لكم خطاياكم وإذ قلنا ادخلوا هذه القرية وكلوا منها حيث شئتم رغدا وادخلوا الباب سجدا وقولوا حطة نغفر لكم خطاياكم وسنزيد المحسنين""}, {""id"": ""002059"", ""transcript"": ""فبدل الذين ظلموا قولا غير الذي قيل لهم فأنزلنا على الذين ظلموا رجزا من السماء بما كانوا يفسقون""}, {""id"": ""002060"", ""transcript"": ""وإذ استسقى موسى لقومه فقلنا اضرب عصاك الحجر فانفجرت منه اثنتا عشرة عينا قد علم كل أناس مشربهم كلوا واشربوا من رزق الله ولا تعثوا في الأرض مفسدين""}, {""id"": ""002061"", ""transcript"": ""وإذ قلتم يا موسى لن نصبر على طعام واحد فادع لنا ربك يخرج لنا مما تنبت الأرض من بقلها وقثائها وفومها وعدسها وبصلها قال أتستبدلون الذي هو أدنى بالذي هو خير اهبطوا مصرا فإن لكم ما سألتم وضربت عليهم الذلة والمسكنة وباؤوا بغضب من الله ذلك بأنهم كانوا يكفرون بآيات الله ويقتلون النبيين بغير الحق ذلك بما عصوا وكانوا يعتدون""}]","[{""id"": ""002058"", ""type"": ""ayah"", ""ar"": ""وَإِذْ قُلْنَا ادْخُلُوا هَـٰذِهِ الْقَرْيَةَ فَكُلُوا مِنْهَا حَيْثُ شِئْتُمْ رَغَدًا وَادْخُلُوا الْبَابَ سُجَّدًا وَقُولُوا حِطَّةٌ نَّغْفِرْ لَكُمْ خَطَايَاكُمْ ۚ وَسَنَزِيدُ الْمُحْسِنِينَ"", ""clean"": """", ""en"": """"}, {""id"": ""002059"", ""type"": ""ayah"", ""ar"": ""فَبَدَّلَ الَّذِينَ ظَلَمُوا قَوْلًا غَيْرَ الَّذِي قِيلَ لَهُمْ فَأَنزَلْنَا عَلَى الَّذِينَ ظَلَمُوا رِجْزًا مِّنَ السَّمَاءِ بِمَا كَانُوا يَفْسُقُونَ"", ""clean"": """", ""en"": """"}, {""id"": ""002060"", ""type"": ""ayah"", ""ar"": ""۞ وَإِذِ اسْتَسْقَىٰ مُوسَىٰ لِقَوْمِهِ فَقُلْنَا اضْرِب بِّعَصَاكَ الْحَجَرَ ۖ فَانفَجَرَتْ مِنْهُ اثْنَتَا عَشْرَةَ عَيْنًا ۖ قَدْ عَلِمَ كُلُّ أُنَاسٍ مَّشْرَبَهُمْ ۖ كُلُوا وَاشْرَبُوا مِن رِّزْقِ اللَّهِ وَلَا تَعْثَوْا فِي الْأَرْضِ مُفْسِدِينَ"", ""clean"": """", ""en"": """"}, {""id"": ""002061"", ""type"": ""ayah"", ""ar"": ""وَإِذْ قُلْتُمْ يَا مُوسَىٰ لَن نَّصْبِرَ عَلَىٰ طَعَامٍ وَاحِدٍ فَادْعُ لَنَا رَبَّكَ يُخْرِجْ لَنَا مِمَّا تُنبِتُ الْأَرْضُ مِن بَقْلِهَا وَقِثَّائِهَا وَفُومِهَا وَعَدَسِهَا وَبَصَلِهَا ۖ قَالَ أَتَسْتَبْدِلُونَ الَّذِي هُوَ أَدْنَىٰ بِالَّذِي هُوَ خَيْرٌ ۚ اهْبِطُوا مِصْرًا فَإِنَّ لَكُم مَّا سَأَلْتُمْ ۗ وَضُرِبَتْ عَلَيْهِمُ الذِّلَّةُ وَالْمَسْكَنَةُ وَبَاءُوا بِغَضَبٍ مِّنَ اللَّهِ ۗ ذَٰلِكَ بِأَنَّهُمْ كَانُوا يَكْفُرُونَ بِآيَاتِ اللَّهِ وَيَقْتُلُونَ النَّبِيِّينَ بِغَيْرِ الْحَقِّ ۗ ذَٰلِكَ بِمَا عَصَوا وَّكَانُوا يَعْتَدُونَ"", ""clean"": """", ""en"": """"}]"
train-021,أعوذ بالله من الشيطان الرجيم بسم الله الرحمن الرحيم تبارك الذي بيده الملك وهو على كل شيء قدير الذي خلق الموت والحياة ليبلوكم أيكم أحسن عملا وهو العزيز الغفور,067001-067002,high,"[{""id"": ""067001"", ""transcript"": ""تبارك الذي بيده الملك وهو على كل شيء قدير""}, {""id"": ""067002"", ""transcript"": ""الذي خلق الموت والحياة ليبلوكم أيكم أحسن عملا وهو العزيز الغفور""}]","[{""id"": ""067001"", ""type"": ""ayah"", ""ar"": ""تَبَارَكَ الَّذِي بِيَدِهِ الْمُلْكُ وَهُوَ عَلَىٰ كُلِّ شَيْءٍ قَدِيرٌ"", ""clean"": """", ""en"": """"}, {""id"": ""067002"", ""type"": ""ayah"", ""ar"": ""الَّذِي خَلَقَ الْمَوْتَ وَالْحَيَاةَ لِيَبْلُوَكُمْ أَيُّكُمْ أَحْسَنُ عَمَلًا ۚ وَهُوَ الْعَزِيزُ الْغَفُورُ"", ""clean"": """", ""en"": """"}]"
train-022,وإذ جعلنا البيت مسابة للناس وأمنا واتخذوا من مقام إبراهيم مصلى وعهدنا إلى إبراهيم وإسماعيل أن طهرا بيتي للطائفين والعاكفين والركع السجود,002125,high,"[{""id"": ""002125"", ""transcript"": ""وإذ جعلنا البيت مسابة للناس وأمنا واتخذوا من مقام إبراهيم مصلى وعهدنا إلى إبراهيم وإسماعيل أن طهرا بيتي للطائفين والعاكفين والركع السجود""}]","[{""id"": ""002125"", ""type"": ""ayah"", ""ar"": ""وَإِذْ جَعَلْنَا الْبَيْتَ مَثَابَةً لِّلنَّاسِ وَأَمْنًا وَاتَّخِذُوا مِن مَّقَامِ إِبْرَاهِيمَ مُصَلًّى ۖ وَعَهِدْنَا إِلَىٰ إِبْرَاهِيمَ وَإِسْمَاعِيلَ أَن طَهِّرَا بَيْتِيَ لِلطَّائِفِينَ وَالْعَاكِفِينَ وَالرُّكَّعِ السُّجُودِ"", ""clean"": """", ""en"": """"}]"
train-023,وإذ جعلنا البيت مثابة للناس وأمنا واتخذوا من مقام إبراهيم مصلى وعهدنا إلى إبراهيم وإسماعيل أن طهرا بيتي للطائفين والعاكفين والركع السجود,002125,high,"[{""id"": ""002125"", ""transcript"": ""وإذ جعلنا البيت مثابة للناس وأمنا واتخذوا من مقام إبراهيم مصلى وعهدنا إلى إبراهيم وإسماعيل أن طهرا بيتي للطائفين والعاكفين والركع السجود""}]","[{""id"": ""002125"", ""type"": ""ayah"", ""ar"": ""وَإِذْ جَعَلْنَا الْبَيْتَ مَثَابَةً لِّلنَّاسِ وَأَمْنًا وَاتَّخِذُوا مِن مَّقَامِ إِبْرَاهِيمَ مُصَلًّى ۖ وَعَهِدْنَا إِلَىٰ إِبْرَاهِيمَ وَإِسْمَاعِيلَ أَن طَهِّرَا بَيْتِيَ لِلطَّائِفِينَ وَالْعَاكِفِينَ وَالرُّكَّعِ السُّجُودِ"", ""clean"": """", ""en"": """"}]"
train-024,وإذ جعلنا البيت مسابة للناس وأمنا واتخذوا من مقام إبراهيم مصلى وعهدنا إلى إبراهيم وإسماعيل أن طهرا بيتي للطائفين والعاكفين والركع السجود,002125,high,"[{""id"": ""002125"", ""transcript"": ""وإذ جعلنا البيت مسابة للناس وأمنا واتخذوا من مقام إبراهيم مصلى وعهدنا إلى إبراهيم وإسماعيل أن طهرا بيتي للطائفين والعاكفين والركع السجود""}]","[{""id"": ""002125"", ""type"": ""ayah"", ""ar"": ""وَإِذْ جَعَلْنَا الْبَيْتَ مَثَابَةً لِّلنَّاسِ وَأَمْنًا وَاتَّخِذُوا مِن مَّقَامِ إِبْرَاهِيمَ مُصَلًّى ۖ وَعَهِدْنَا إِلَىٰ إِبْرَاهِيمَ وَإِسْمَاعِيلَ أَن طَهِّرَا بَيْتِيَ لِلطَّائِفِينَ وَالْعَاكِفِينَ وَالرُّكَّعِ السُّجُودِ"", ""clean"": """", ""en"": """"}]"
train-025,وإذ قلنا ادخلوا هذه القرية وكلوا منها حيث شئتم رغدا وادخلوا الباب سجدا وقولوا حطة نغفر لكم خطاياكم وسنزيد المحسنين فبدل الذين ظلموا قولا غير الذي قيل لهم فأنزلنا على الذين ظلموا رجزا من السماء بما كانوا يفسقون,002058-002059,high,"[{""id"": ""002058"", ""transcript"": ""وإذ قلنا ادخلوا هذه القرية وكلوا منها حيث شئتم رغدا وادخلوا الباب سجدا وقولوا حطة نغفر لكم خطاياكم وسنزيد المحسنين""}, {""id"": ""002059"", ""transcript"": ""فبدل الذين ظلموا قولا غير الذي قيل لهم فأنزلنا على الذين ظلموا رجزا من السماء بما كانوا يفسقون""}]","[{""id"": ""002058"", ""type"": ""ayah"", ""ar"": ""وَإِذْ قُلْنَا ادْخُلُوا هَـٰذِهِ الْقَرْيَةَ فَكُلُوا مِنْهَا حَيْثُ شِئْتُمْ رَغَدًا وَادْخُلُوا الْبَابَ سُجَّدًا وَقُولُوا حِطَّةٌ نَّغْفِرْ لَكُمْ خَطَايَاكُمْ ۚ وَسَنَزِيدُ الْمُحْسِنِينَ"", ""clean"": """", ""en"": """"}, {""id"": ""002059"", ""type"": ""ayah"", ""ar"": ""فَبَدَّلَ الَّذِينَ ظَلَمُوا قَوْلًا غَيْرَ الَّذِي قِيلَ لَهُمْ فَأَنزَلْنَا عَلَى الَّذِينَ ظَلَمُوا رِجْزًا مِّنَ السَّمَاءِ بِمَا كَانُوا يَفْسُقُونَ"", ""clean"": """", ""en"": """"}]"
train-026,وإذ قلنا ادخلوا هذه القرية وكلوا منها حيث شئتم رغدا وادخلوا الباب سجدا وقولوا حطة نغفر لكم خطاياكم وسنزيد المحسنين فبدل الذين ظلموا قولا غير الذي قيل لهم فأنزلنا على الذين ظلموا رجزا من السماء بما كانوا يفسقون,002058-002059,high,"[{""id"": ""002058"", ""transcript"": ""وإذ قلنا ادخلوا هذه القرية وكلوا منها حيث شئتم رغدا وادخلوا الباب سجدا وقولوا حطة نغفر لكم خطاياكم وسنزيد المحسنين""}, {""id"": ""002059"", ""transcript"": ""فبدل الذين ظلموا قولا غير الذي قيل لهم فأنزلنا على الذين ظلموا رجزا من السماء بما كانوا يفسقون""}]","[{""id"": ""002058"", ""type"": ""ayah"", ""ar"": ""وَإِذْ قُلْنَا ادْخُلُوا هَـٰذِهِ الْقَرْيَةَ فَكُلُوا مِنْهَا حَيْثُ شِئْتُمْ رَغَدًا وَادْخُلُوا الْبَابَ سُجَّدًا وَقُولُوا حِطَّةٌ نَّغْفِرْ لَكُمْ خَطَايَاكُمْ ۚ وَسَنَزِيدُ الْمُحْسِنِينَ"", ""clean"": """", ""en"": """"}, {""id"": ""002059"", ""type"": ""ayah"", ""ar"": ""فَبَدَّلَ الَّذِينَ ظَلَمُوا قَوْلًا غَيْرَ الَّذِي قِيلَ لَهُمْ فَأَنزَلْنَا عَلَى الَّذِينَ ظَلَمُوا رِجْزًا مِّنَ السَّمَاءِ بِمَا كَانُوا يَفْسُقُونَ"", ""clean"": """", ""en"": """"}]"
train-027,قلنا اهبطوا منها جميعا فإما يأتينكم مني هدى فمن تبع هداي فلا خوف عليهم ولا هم يحزنون,002038,high,"[{""id"": ""002038"", ""transcript"": ""قلنا اهبطوا منها جميعا فإما يأتينكم مني هدى فمن تبع هداي فلا خوف عليهم ولا هم يحزنون""}]","[{""id"": ""002038"", ""type"": ""ayah"", ""ar"": ""قُلْنَا اهْبِطُوا مِنْهَا جَمِيعًا ۖ فَإِمَّا يَأْتِيَنَّكُم مِّنِّي هُدًى فَمَن تَبِعَ هُدَايَ فَلَا خَوْفٌ عَلَيْهِمْ وَلَا هُمْ يَحْزَنُونَ"", ""clean"": """", ""en"": """"}]"
train-028,الحمد لله رب العالمين,001002,high,"[{""id"": ""001002"", ""transcript"": ""الحمد لله رب العالمين""}]","[{""id"": ""001002"", ""type"": ""ayah"", ""ar"": ""الْحَمْدُ لِلَّهِ رَبِّ الْعَالَمِينَ"", ""clean"": """", ""en"": ""Alĥamdu lillaahi rabbil-عaalameen!""}]"
train-029,أعوذ بالله من الشيطان الرجيم إن لما طغى الماء وحملناكم في الجارية لنجعلها لكم تذكرة وتعيها أذن واعية فإذا نوفخ في الصور نفخة واحدة وحملت الأرض والجبال فدكتا دكة واحدة فيومئذ وقعت الواقعة وانشقت السماء فهي يومئذ واهية والملك على أرجائها ويحمل عرش ربك فوقهم يومئذ ثمانية يومئذ تعرضون لا تخفى منكم خافية,069011-069018,high,"[{""id"": ""069011"", ""transcript"": ""إن لما طغى الماء وحملناكم في الجارية""}, {""id"": ""069012"", ""transcript"": ""لنجعلها لكم تذكرة وتعيها أذن واعية""}, {""id"": ""069013"", ""transcript"": ""فإذا نوفخ في الصور نفخة واحدة""}, {""id"": ""069014"", ""transcript"": ""وحملت الأرض والجبال فدكتا دكة واحدة""}, {""id"": ""069015"", ""transcript"": ""فيومئذ وقعت الواقعة""}, {""id"": ""069016"", ""transcript"": ""وانشقت السماء فهي يومئذ واهية""}, {""id"": ""069017"", ""transcript"": ""والملك على أرجائها ويحمل عرش ربك فوقهم يومئذ ثمانية""}, {""id"": ""069018"", ""transcript"": ""يومئذ تعرضون لا تخفى منكم خافية""}]","[{""id"": ""069011"", ""type"": ""ayah"", ""ar"": ""إِنَّا لَمَّا طَغَى الْمَاءُ حَمَلْنَاكُمْ فِي الْجَارِيَةِ"", ""clean"": """", ""en"": """"}, {""id"": ""069012"", ""type"": ""ayah"", ""ar"": ""لِنَجْعَلَهَا لَكُمْ تَذْكِرَةً وَتَعِيَهَا أُذُنٌ وَاعِيَةٌ"", ""clean"": """", ""en"": """"}, {""id"": ""069013"", ""type"": ""ayah"", ""ar"": ""فَإِذَا نُفِخَ فِي الصُّورِ نَفْخَةٌ وَاحِدَةٌ"", ""clean"": """", ""en"": """"}, {""id"": ""069014"", ""type"": ""ayah"", ""ar"": ""وَحُمِلَتِ الْأَرْضُ وَالْجِبَالُ فَدُكَّتَا دَكَّةً وَاحِدَةً"", ""clean"": """", ""en"": """"}, {""id"": ""069015"", ""type"": ""ayah"", ""ar"": ""فَيَوْمَئِذٍ وَقَعَتِ الْوَاقِعَةُ"", ""clean"": """", ""en"": """"}, {""id"": ""069016"", ""type"": ""ayah"", ""ar"": ""وَانشَقَّتِ السَّمَاءُ فَهِيَ يَوْمَئِذٍ وَاهِيَةٌ"", ""clean"": """", ""en"": """"}, {""id"": ""069017"", ""type"": ""ayah"", ""ar"": ""وَالْمَلَكُ عَلَىٰ أَرْجَائِهَا ۚ وَيَحْمِلُ عَرْشَ رَبِّكَ فَوْقَهُمْ يَوْمَئِذٍ ثَمَانِيَةٌ"", ""clean"": """", ""en"": """"}, {""id"": ""069018"", ""type"": ""ayah"", ""ar"": ""يَوْمَئِذٍ تُعْرَضُونَ لَا تَخْفَىٰ مِنكُمْ خَافِيَةٌ"", ""clean"": """", ""en"": """"}]"
train-030,أعوذ بالله من الشيطان الرجيم إنا لما طغ الماء وحملناكم في الجارية لنجعلها لكم تذكرة وتعيها أذن واعية فإذا نفخ في الصور نفخة واحدة وحملت الأرض والجبال فدكتا دكة واحدة,069011-069014,high,"[{""id"": ""069011"", ""transcript"": ""إنا لما طغ الماء وحملناكم في الجارية""}, {""id"": ""069012"", ""transcript"": ""لنجعلها لكم تذكرة وتعيها أذن واعية""}, {""id"": ""069013"", ""transcript"": ""فإذا نفخ في الصور نفخة واحدة""}, {""id"": ""069014"", ""transcript"": ""وحملت الأرض والجبال فدكتا دكة واحدة""}]","[{""id"": ""069011"", ""type"": ""ayah"", ""ar"": ""إِنَّا لَمَّا طَغَى الْمَاءُ حَمَلْنَاكُمْ فِي الْجَارِيَةِ"", ""clean"": """", ""en"": """"}, {""id"": ""069012"", ""type"": ""ayah"", ""ar"": ""لِنَجْعَلَهَا لَكُمْ تَذْكِرَةً وَتَعِيَهَا أُذُنٌ وَاعِيَةٌ"", ""clean"": """", ""en"": """"}, {""id"": ""069013"", ""type"": ""ayah"", ""ar"": ""فَإِذَا نُفِخَ فِي الصُّورِ نَفْخَةٌ وَاحِدَةٌ"", ""clean"": """", ""en"": """"}, {""id"": ""069014"", ""type"": ""ayah"", ""ar"": ""وَحُمِلَتِ الْأَرْضُ وَالْجِبَالُ فَدُكَّتَا دَكَّةً وَاحِدَةً"", ""clean"": """", ""en"": """"}]"
train-031,أعوذ بالله من الشيطان الرجيم فإذا نوفخ في الصور نفخة واحدة وحملت الأرض والجبال فدكتا دكة واحدة فيومئذ وقعت الواقعة وانشقت السماء فهي يومئذ واهية والملك على أرجائها ويحمل عرش ربك فوقهم يومئذ ثمانية يومئذ تعرضون لا تخفى منكم خافية,069013-069018,high,"[{""id"": ""069013"", ""transcript"": ""فإذا نوفخ في الصور نفخة واحدة""}, {""id"": ""069014"", ""transcript"": ""وحملت الأرض والجبال فدكتا دكة واحدة""}, {""id"": ""069015"", ""transcript"": ""فيومئذ وقعت الواقعة""}, {""id"": ""069016"", ""transcript"": ""وانشقت السماء فهي يومئذ واهية""}, {""id"": ""069017"", ""transcript"": ""والملك على أرجائها ويحمل عرش ربك فوقهم يومئذ ثمانية""}, {""id"": ""069018"", ""transcript"": ""يومئذ تعرضون لا تخفى منكم خافية""}]","[{""id"": ""069013"", ""type"": ""ayah"", ""ar"": ""فَإِذَا نُفِخَ فِي الصُّورِ نَفْخَةٌ وَاحِدَةٌ"", ""clean"": """", ""en"": """"}, {""id"": ""069014"", ""type"": ""ayah"", ""ar"": ""وَحُمِلَتِ الْأَرْضُ وَالْجِبَالُ فَدُكَّتَا دَكَّةً وَاحِدَةً"", ""clean"": """", ""en"": """"}, {""id"": ""069015"", ""type"": ""ayah"", ""ar"": ""فَيَوْمَئِذٍ وَقَعَتِ الْوَاقِعَةُ"", ""clean"": """", ""en"": """"}, {""id"": ""069016"", ""type"": ""ayah"", ""ar"": ""وَانشَقَّتِ السَّمَاءُ فَهِيَ يَوْمَئِذٍ وَاهِيَةٌ"", ""clean"": """", ""en"": """"}, {""id"": ""069017"", ""type"": ""ayah"", ""ar"": ""وَالْمَلَكُ عَلَىٰ أَرْجَائِهَا ۚ وَيَحْمِلُ عَرْشَ رَبِّكَ فَوْقَهُمْ يَوْمَئِذٍ ثَمَانِيَةٌ"", ""clean"": """", ""en"": """"}, {""id"": ""069018"", ""type"": ""ayah"", ""ar"": ""يَوْمَئِذٍ تُعْرَضُونَ لَا تَخْفَىٰ مِنكُمْ خَافِيَةٌ"", ""clean"": """", ""en"": """"}]"
train-032,بسم الله الرحمن الرحيم الحمد لله رب العالمين الرحمن الرحيم مالك يوم الدين إياك نعبد وإياك نستعين اهدنا الصراط المستقيم صراط الذين أنعمت عليهم غير المغضوب عليهم ولا الضالين,001001-001007,high,"[{""id"": ""001001"", ""transcript"": ""بسم الله الرحمن الرحيم""}, {""id"": ""001002"", ""transcript"": ""الحمد لله رب العالمين""}, {""id"": ""001003"", ""transcript"": ""الرحمن الرحيم""}, {""id"": ""001004"", ""transcript"": ""مالك يوم الدين""}, {""id"": ""001005"", ""transcript"": ""إياك نعبد وإياك نستعين""}, {""id"": ""001006"", ""transcript"": ""اهدنا الصراط المستقيم""}, {""id"": ""001007"", ""transcript"": ""صراط الذين أنعمت عليهم غير المغضوب عليهم ولا الضالين""}]","[{""id"": ""001001"", ""type"": ""ayah"", ""ar"": ""بِسْمِ اللَّهِ الرَّحْمَـٰنِ الرَّحِيمِ"", ""clean"": """", ""en"": ""Bismillaahir-Raĥmaanir-Raĥeem.""}, {""id"": ""001002"", ""type"": ""ayah"", ""ar"": ""الْحَمْدُ لِلَّهِ رَبِّ الْعَالَمِينَ"", ""clean"": """", ""en"": ""Alĥamdu lillaahi rabbil-عaalameen!""}, {""id"": ""001003"", ""type"": ""ayah"", ""ar"": ""الرَّحْمَـٰنِ الرَّحِيمِ"", ""clean"": """", ""en"": ""Ar-Raĥmaanir-Raĥeem.""}, {""id"": ""001004"", ""type"": ""ayah"", ""ar"": ""مَالِكِ يَوْمِ الدِّينِ"", ""clean"": """", ""en"": ""Maaliki yawmid-deen.""}, {""id"": ""001005"", ""type"": ""ayah"", ""ar"": ""إِيَّاكَ نَعْبُدُ وَإِيَّاكَ نَسْتَعِينُ"", ""clean"": """", ""en"": ""Iyyaaka naعbudu wa iyyaaka nastaعeen.""}, {""id"": ""001006"", ""type"": ""ayah"", ""ar"": ""اهْدِنَا الصِّرَاطَ الْمُسْتَقِيمَ"", ""clean"": """", ""en"": ""Ihdinaṣ-ṣiraatal-mustaqeem.""}, {""id"": ""001007"", ""type"": ""ayah"", ""ar"": ""صِرَاطَ الَّذِينَ أَنْعَمْتَ عَلَيْهِمْ غَيْرِ الْمَغْضُوبِ عَلَيْهِمْ وَلَا الضَّالِّينَ"", ""clean"": """", ""en"": ""Ṣiraatal-ladheena anعamta عalaihim, ghairil-magh-ḍoobi عalaihim wa laḍ-ḍaaaalleen.""}]"
train-033,أعوذ بالله من الشيطان الرجيم فإذا نفخ في الصور نفخة واحدة وحملت الأرض والجبال فدكتا دكة واحدة فيومئذ وقعت الواقعة وانشقت السماء فهي يومئذ واهية والملك على أرجائها ويحمل عرش ربك فوقهم يومئذ ثمانية يومئذ تعرضون لا تخفى منكم خافية,069013-069018,high,"[{""id"": ""069013"", ""transcript"": ""فإذا نفخ في الصور نفخة واحدة""}, {""id"": ""069014"", ""transcript"": ""وحملت الأرض والجبال فدكتا دكة واحدة""}, {""id"": ""069015"", ""transcript"": ""فيومئذ وقعت الواقعة""}, {""id"": ""069016"", ""transcript"": ""وانشقت السماء فهي يومئذ واهية""}, {""id"": ""069017"", ""transcript"": ""والملك على أرجائها ويحمل عرش ربك فوقهم يومئذ ثمانية""}, {""id"": ""069018"", ""transcript"": ""يومئذ تعرضون لا تخفى منكم خافية""}]","[{""id"": ""069013"", ""type"": ""ayah"", ""ar"": ""فَإِذَا نُفِخَ فِي الصُّورِ نَفْخَةٌ وَاحِدَةٌ"", ""clean"": """", ""en"": """"}, {""id"": ""069014"", ""type"": ""ayah"", ""ar"": ""وَحُمِلَتِ الْأَرْضُ وَالْجِبَالُ فَدُكَّتَا دَكَّةً وَاحِدَةً"", ""clean"": """", ""en"": """"}, {""id"": ""069015"", ""type"": ""ayah"", ""ar"": ""فَيَوْمَئِذٍ وَقَعَتِ الْوَاقِعَةُ"", ""clean"": """", ""en"": """"}, {""id"": ""069016"", ""type"": ""ayah"", ""ar"": ""وَانشَقَّتِ السَّمَاءُ فَهِيَ يَوْمَئِذٍ وَاهِيَةٌ"", ""clean"": """", ""en"": """"}, {""id"": ""069017"", ""type"": ""ayah"", ""ar"": ""وَالْمَلَكُ عَلَىٰ أَرْجَائِهَا ۚ وَيَحْمِلُ عَرْشَ رَبِّكَ فَوْقَهُمْ يَوْمَئِذٍ ثَمَانِيَةٌ"", ""clean"": """", ""en"": """"}, {""id"": ""069018"", ""type"": ""ayah"", ""ar"": ""يَوْمَئِذٍ تُعْرَضُونَ لَا تَخْفَىٰ مِنكُمْ خَافِيَةٌ"", ""clean"": """", ""en"": """"}]"
train-034,أعوذ بالله من الشيطان الرجيم فإذا نفخ في الصور نفخة واحدة وحملت الأرض والجبال فدكتا دكة واحدة فيومئذ وقعت الواقعة وانشقت السماء فهي يومئذ واهية والملك على أرجائها ويحمل عرش ربك فوقهم يومئذ ثمانية يومئذ تعرضون لا تخفى منكم خافية,069013-069018,high,"[{""id"": ""069013"", ""transcript"": ""فإذا نفخ في الصور نفخة واحدة""}, {""id"": ""069014"", ""transcript"": ""وحملت الأرض والجبال فدكتا دكة واحدة""}, {""id"": ""069015"", ""transcript"": ""فيومئذ وقعت الواقعة""}, {""id"": ""069016"", ""transcript"": ""وانشقت السماء فهي يومئذ واهية""}, {""id"": ""069017"", ""transcript"": ""والملك على أرجائها ويحمل عرش ربك فوقهم يومئذ ثمانية""}, {""id"": ""069018"", ""transcript"": ""يومئذ تعرضون لا تخفى منكم خافية""}]","[{""id"": ""069013"", ""type"": ""ayah"", ""ar"": ""فَإِذَا نُفِخَ فِي الصُّورِ نَفْخَةٌ وَاحِدَةٌ"", ""clean"": """", ""en"": """"}, {""id"": ""069014"", ""type"": ""ayah"", ""ar"": ""وَحُمِلَتِ الْأَرْضُ وَالْجِبَالُ فَدُكَّتَا دَكَّةً وَاحِدَةً"", ""clean"": """", ""en"": """"}, {""id"": ""069015"", ""type"": ""ayah"", ""ar"": ""فَيَوْمَئِذٍ وَقَعَتِ الْوَاقِعَةُ"", ""clean"": """", ""en"": """"}, {""id"": ""069016"", ""type"": ""ayah"", ""ar"": ""وَانشَقَّتِ السَّمَاءُ فَهِيَ يَوْمَئِذٍ وَاهِيَةٌ"", ""clean"": """", ""en"": """"}, {""id"": ""069017"", ""type"": ""ayah"", ""ar"": ""وَالْمَلَكُ عَلَىٰ أَرْجَائِهَا ۚ وَيَحْمِلُ عَرْشَ رَبِّكَ فَوْقَهُمْ يَوْمَئِذٍ ثَمَانِيَةٌ"", ""clean"": """", ""en"": """"}, {""id"": ""069018"", ""type"": ""ayah"", ""ar"": ""يَوْمَئِذٍ تُعْرَضُونَ لَا تَخْفَىٰ مِنكُمْ خَافِيَةٌ"", ""clean"": """", ""en"": """"}]"
train-035,أعوذ بالله من الشيطان الرجيم ولقد نروا تقلب وجهك في السماء فلنولينك قبلة ترضاها فولي وجهك شطر المسجد الحرام وحيث ما كنتم فولوا وجوهكم شطره وإن الذين أوتوا الكتاب ليعلمون أنه الحق من ربهم وما الله بغافل عما يعملون ولئن أتيت الذين أوتوا الكتاب بكل آية ما تبعوا قبلتك وما أنت بتابع قبلتهم وما بعضهم بتابع قبلة بعض ولئن اتبعت أهواءهم من بعد ما جاءك من العلم ما لك من الله من ولي ولا نصير ولئن أتيت ولئن اتبعت أهواءهم من بعد ما جاءك من العلم إنك إذا لمن الظالمين,002144-002145,high,"[{""id"": ""002144"", ""transcript"": ""ولقد نروا تقلب وجهك في السماء فلنولينك قبلة ترضاها فولي وجهك شطر المسجد الحرام وحيث ما كنتم فولوا وجوهكم شطره وإن الذين أوتوا الكتاب ليعلمون أنه الحق من ربهم وما الله بغافل عما يعملون""}, {""id"": ""002145"", ""transcript"": ""ولئن أتيت الذين أوتوا الكتاب بكل آية ما تبعوا قبلتك وما أنت بتابع قبلتهم وما بعضهم بتابع قبلة بعض ولئن اتبعت أهواءهم من بعد ما جاءك من العلم ما لك من الله من ولي ولا نصير ولئن أتيت ولئن اتبعت أهواءهم من بعد ما جاءك من العلم إنك إذا لمن الظالمين""}]","[{""id"": ""002144"", ""type"": ""ayah"", ""ar"": ""قَدْ نَرَىٰ تَقَلُّبَ وَجْهِكَ فِي السَّمَاءِ ۖ فَلَنُوَلِّيَنَّكَ قِبْلَةً تَرْضَاهَا ۚ فَوَلِّ وَجْهَكَ شَطْرَ الْمَسْجِدِ الْحَرَامِ ۚ وَحَيْثُ مَا كُنتُمْ فَوَلُّوا وُجُوهَكُمْ شَطْرَهُ ۗ وَإِنَّ الَّذِينَ أُوتُوا الْكِتَابَ لَيَعْلَمُونَ أَنَّهُ الْحَقُّ مِن رَّبِّهِمْ ۗ وَمَا اللَّهُ بِغَافِلٍ عَمَّا يَعْمَلُونَ"", ""clean"": """", ""en"": """"}, {""id"": ""002145"", ""type"": ""ayah"", ""ar"": ""وَلَئِنْ أَتَيْتَ الَّذِينَ أُوتُوا الْكِتَابَ بِكُلِّ آيَةٍ مَّا تَبِعُوا قِبْلَتَكَ ۚ وَمَا أَنتَ بِتَابِعٍ قِبْلَتَهُمْ ۚ وَمَا بَعْضُهُم بِتَابِعٍ قِبْلَةَ بَعْضٍ ۚ وَلَئِنِ اتَّبَعْتَ أَهْوَاءَهُم مِّن بَعْدِ مَا جَاءَكَ مِنَ الْعِلْمِ ۙ إِنَّكَ إِذًا لَّمِنَ الظَّالِمِينَ"", ""clean"": """", ""en"": """"}]"
train-036,أعوذ بالله من الشيطان الرجيم ولقد نرى تقلب وجهك في السماء فلنولينك قبلة ترضاها فول وجهك شطر المسجد الحرام وحيث ما كنتم فولوا وجوهكم شطره وحيث ما كنتم فولوا وجوهكم شطره وإن الذين أوتوا الكتاب ليعلمون أنه الحق من ربهم وما الله بغافل عما يعملون ولئن أتيت الذين أوتوا الكتاب بكل آية ما تبعوا قبلتك وما أنت بتابع قبلتهم وما بعضهم بتابع قبلة بعض ولئن اتبعت أهواءهم من بعد ما جاءك من العلم ما لك من الله من ولي ولا نصير ولئن أتيت ولئن اتبعت أهواءهم من بعد ما جاءك من العلم إنك إذا لمن الظالمين,002144-002145,high,"[{""id"": ""002144"", ""transcript"": ""ولقد نرى تقلب وجهك في السماء فلنولينك قبلة ترضاها فول وجهك شطر المسجد الحرام وحيث ما كنتم فولوا وجوهكم شطره وحيث ما كنتم فولوا وجوهكم شطره وإن الذين أوتوا الكتاب ليعلمون أنه الحق من ربهم وما الله بغافل عما يعملون""}, {""id"": ""002145"", ""transcript"": ""ولئن أتيت الذين أوتوا الكتاب بكل آية ما تبعوا قبلتك وما أنت بتابع قبلتهم وما بعضهم بتابع قبلة بعض ولئن اتبعت أهواءهم من بعد ما جاءك من العلم ما لك من الله من ولي ولا نصير ولئن أتيت ولئن اتبعت أهواءهم من بعد ما جاءك من العلم إنك إذا لمن الظالمين""}]","[{""id"": ""002144"", ""type"": ""ayah"", ""ar"": ""قَدْ نَرَىٰ تَقَلُّبَ وَجْهِكَ فِي السَّمَاءِ ۖ فَلَنُوَلِّيَنَّكَ قِبْلَةً تَرْضَاهَا ۚ فَوَلِّ وَجْهَكَ شَطْرَ الْمَسْجِدِ الْحَرَامِ ۚ وَحَيْثُ مَا كُنتُمْ فَوَلُّوا وُجُوهَكُمْ شَطْرَهُ ۗ وَإِنَّ الَّذِينَ أُوتُوا الْكِتَابَ لَيَعْلَمُونَ أَنَّهُ الْحَقُّ مِن رَّبِّهِمْ ۗ وَمَا اللَّهُ بِغَافِلٍ عَمَّا يَعْمَلُونَ"", ""clean"": """", ""en"": """"}, {""id"": ""002145"", ""type"": ""ayah"", ""ar"": ""وَلَئِنْ أَتَيْتَ الَّذِينَ أُوتُوا الْكِتَابَ بِكُلِّ آيَةٍ مَّا تَبِعُوا قِبْلَتَكَ ۚ وَمَا أَنتَ بِتَابِعٍ قِبْلَتَهُمْ ۚ وَمَا بَعْضُهُم بِتَابِعٍ قِبْلَةَ بَعْضٍ ۚ وَلَئِنِ اتَّبَعْتَ أَهْوَاءَهُم مِّن بَعْدِ مَا جَاءَكَ مِنَ الْعِلْمِ ۙ إِنَّكَ إِذًا لَّمِنَ الظَّالِمِينَ"", ""clean"": """", ""en"": """"}]"
train-037,أعوذ بالله من الشيطان الرجيم فإذا نفخ في الصور نفخة واحدة وحملت الأرض والجبال فدكتا دكة واحدة فيومئذ وقعت الواقعة وانشقت السماء فهي يومئذ واهية والملك على أرجائها ويحمل عرش ربك فوقهم يومئذ ثمانية يومئذ تعرضون لا تخفى منكم خافية,069013-069018,high,"[{""id"": ""069013"", ""transcript"": ""فإذا نفخ في الصور نفخة واحدة""}, {""id"": ""069014"", ""transcript"": ""وحملت الأرض والجبال فدكتا دكة واحدة""}, {""id"": ""069015"", ""transcript"": ""فيومئذ وقعت الواقعة""}, {""id"": ""069016"", ""transcript"": ""وانشقت السماء فهي يومئذ واهية""}, {""id"": ""069017"", ""transcript"": ""والملك على أرجائها ويحمل عرش ربك فوقهم يومئذ ثمانية""}, {""id"": ""069018"", ""transcript"": ""يومئذ تعرضون لا تخفى منكم خافية""}]","[{""id"": ""069013"", ""type"": ""ayah"", ""ar"": ""فَإِذَا نُفِخَ فِي الصُّورِ نَفْخَةٌ وَاحِدَةٌ"", ""clean"": """", ""en"": """"}, {""id"": ""069014"", ""type"": ""ayah"", ""ar"": ""وَحُمِلَتِ الْأَرْضُ وَالْجِبَالُ فَدُكَّتَا دَكَّةً وَاحِدَةً"", ""clean"": """", ""en"": """"}, {""id"": ""069015"", ""type"": ""ayah"", ""ar"": ""فَيَوْمَئِذٍ وَقَعَتِ الْوَاقِعَةُ"", ""clean"": """", ""en"": """"}, {""id"": ""069016"", ""type"": ""ayah"", ""ar"": ""وَانشَقَّتِ السَّمَاءُ فَهِيَ يَوْمَئِذٍ وَاهِيَةٌ"", ""clean"": """", ""en"": """"}, {""id"": ""069017"", ""type"": ""ayah"", ""ar"": ""وَالْمَلَكُ عَلَىٰ أَرْجَائِهَا ۚ وَيَحْمِلُ عَرْشَ رَبِّكَ فَوْقَهُمْ يَوْمَئِذٍ ثَمَانِيَةٌ"", ""clean"": """", ""en"": """"}, {""id"": ""069018"", ""type"": ""ayah"", ""ar"": ""يَوْمَئِذٍ تُعْرَضُونَ لَا تَخْفَىٰ مِنكُمْ خَافِيَةٌ"", ""clean"": """", ""en"": """"}]"
train-038,وإذ قلنا ادخلوا هذه القرية فكلوا منها حيث شئتم رغدا وادخلوا الباب سجدا وقولوا حطة نغفر لكم خطاياكم وسنزيد المحسنين فبدل الذين ظلموا قولا غير الذي قيل لهم فأنزلنا على الذين ظلموا رجزا من السماء بما كانوا يفسقون وإذ استسقى موسى لقومه فقلنا اضرب بعصاك الحجر فانفجرت منه اثنتا عشرة عينا قد علم كل أناس مشربهم كلوا واشربوا من رزق الله ولا تعثوا في الأرض مفسدين,002058-002060,high,"[{""id"": ""002058"", ""transcript"": ""وإذ قلنا ادخلوا هذه القرية فكلوا منها حيث شئتم رغدا وادخلوا الباب سجدا وقولوا حطة نغفر لكم خطاياكم وسنزيد المحسنين""}, {""id"": ""002059"", ""transcript"": ""فبدل الذين ظلموا قولا غير الذي قيل لهم فأنزلنا على الذين ظلموا رجزا من السماء بما كانوا يفسقون""}, {""id"": ""002060"", ""transcript"": ""وإذ استسقى موسى لقومه فقلنا اضرب بعصاك الحجر فانفجرت منه اثنتا عشرة عينا قد علم كل أناس مشربهم كلوا واشربوا من رزق الله ولا تعثوا في الأرض مفسدين""}]","[{""id"": ""002058"", ""type"": ""ayah"", ""ar"": ""وَإِذْ قُلْنَا ادْخُلُوا هَـٰذِهِ الْقَرْيَةَ فَكُلُوا مِنْهَا حَيْثُ شِئْتُمْ رَغَدًا وَادْخُلُوا الْبَابَ سُجَّدًا وَقُولُوا حِطَّةٌ نَّغْفِرْ لَكُمْ خَطَايَاكُمْ ۚ وَسَنَزِيدُ الْمُحْسِنِينَ"", ""clean"": """", ""en"": """"}, {""id"": ""002059"", ""type"": ""ayah"", ""ar"": ""فَبَدَّلَ الَّذِينَ ظَلَمُوا قَوْلًا غَيْرَ الَّذِي قِيلَ لَهُمْ فَأَنزَلْنَا عَلَى الَّذِينَ ظَلَمُوا رِجْزًا مِّنَ السَّمَاءِ بِمَا كَانُوا يَفْسُقُونَ"", ""clean"": """", ""en"": """"}, {""id"": ""002060"", ""type"": ""ayah"", ""ar"": ""۞ وَإِذِ اسْتَسْقَىٰ مُوسَىٰ لِقَوْمِهِ فَقُلْنَا اضْرِب بِّعَصَاكَ الْحَجَرَ ۖ فَانفَجَرَتْ مِنْهُ اثْنَتَا عَشْرَةَ عَيْنًا ۖ قَدْ عَلِمَ كُلُّ أُنَاسٍ مَّشْرَبَهُمْ ۖ كُلُوا وَاشْرَبُوا مِن رِّزْقِ اللَّهِ وَلَا تَعْثَوْا فِي الْأَرْضِ مُفْسِدِينَ"", ""clean"": """", ""en"": """"}]"
train-039,اعوذ بالله من الشيطان الرجيم بسم الله الرحمن الرحيم وما تقدموا لأنفسكم من خير تجدوه عند الله هو خيرا وعظما أجرا واستغفروا الله إن الله غفور رحيم,073020,high,"[{""id"": ""073020"", ""transcript"": ""وما تقدموا لأنفسكم من خير تجدوه عند الله هو خيرا وعظما أجرا واستغفروا الله إن الله غفور رحيم""}]","[{""id"": ""073020"", ""type"": ""ayah"", ""ar"": ""۞ إِنَّ رَبَّكَ يَعْلَمُ أَنَّكَ تَقُومُ أَدْنَىٰ مِن ثُلُثَيِ اللَّيْلِ وَنِصْفَهُ وَثُلُثَهُ وَطَائِفَةٌ مِّنَ الَّذِينَ مَعَكَ ۚ وَاللَّهُ يُقَدِّرُ اللَّيْلَ وَالنَّهَارَ ۚ عَلِمَ أَن لَّن تُحْصُوهُ فَتَابَ عَلَيْكُمْ ۖ فَاقْرَءُوا مَا تَيَسَّرَ مِنَ الْقُرْآنِ ۚ عَلِمَ أَن سَيَكُونُ مِنكُم مَّرْضَىٰ ۙ وَآخَرُونَ يَضْرِبُونَ فِي الْأَرْضِ يَبْتَغُونَ مِن فَضْلِ اللَّهِ ۙ وَآخَرُونَ يُقَاتِلُونَ فِي سَبِيلِ اللَّهِ ۖ فَاقْرَءُوا مَا تَيَسَّرَ مِنْهُ ۚ وَأَقِيمُوا الصَّلَاةَ وَآتُوا الزَّكَاةَ وَأَقْرِضُوا اللَّهَ قَرْضًا حَسَنًا ۚ وَمَا تُقَدِّمُوا لِأَنفُسِكُم مِّنْ خَيْرٍ تَجِدُوهُ عِندَ اللَّهِ هُوَ خَيْرًا وَأَعْظَمَ أَجْرًا ۚ وَاسْتَغْفِرُوا اللَّهَ ۖ إِنَّ اللَّهَ غَفُورٌ رَّحِيمٌ"", ""clean"": """", ""en"": """"}]"
train-040,أعوذ بالله من الشيطان الرجيم بسم الله الرحمن الرحيم وما تقدموا لأنفسكم من خير تجدوه عند الله هو خيرا وعظما أجرا واستغفر الله إن الله غفور رحيم,073020,high,"[{""id"": ""073020"", ""transcript"": ""وما تقدموا لأنفسكم من خير تجدوه عند الله هو خيرا وعظما أجرا واستغفر الله إن الله غفور رحيم""}]","[{""id"": ""073020"", ""type"": ""ayah"", ""ar"": ""۞ إِنَّ رَبَّكَ يَعْلَمُ أَنَّكَ تَقُومُ أَدْنَىٰ مِن ثُلُثَيِ اللَّيْلِ وَنِصْفَهُ وَثُلُثَهُ وَطَائِفَةٌ مِّنَ الَّذِينَ مَعَكَ ۚ وَاللَّهُ يُقَدِّرُ اللَّيْلَ وَالنَّهَارَ ۚ عَلِمَ أَن لَّن تُحْصُوهُ فَتَابَ عَلَيْكُمْ ۖ فَاقْرَءُوا مَا تَيَسَّرَ مِنَ الْقُرْآنِ ۚ عَلِمَ أَن سَيَكُونُ مِنكُم مَّرْضَىٰ ۙ وَآخَرُونَ يَضْرِبُونَ فِي الْأَرْضِ يَبْتَغُونَ مِن فَضْلِ اللَّهِ ۙ وَآخَرُونَ يُقَاتِلُونَ فِي سَبِيلِ اللَّهِ ۖ فَاقْرَءُوا مَا تَيَسَّرَ مِنْهُ ۚ وَأَقِيمُوا الصَّلَاةَ وَآتُوا الزَّكَاةَ وَأَقْرِضُوا اللَّهَ قَرْضًا حَسَنًا ۚ وَمَا تُقَدِّمُوا لِأَنفُسِكُم مِّنْ خَيْرٍ تَجِدُوهُ عِندَ اللَّهِ هُوَ خَيْرًا وَأَعْظَمَ أَجْرًا ۚ وَاسْتَغْفِرُوا اللَّهَ ۖ إِنَّ اللَّهَ غَفُورٌ رَّحِيمٌ"", ""clean"": """", ""en"": """"}]"
train-041,أعوذ بالله من الشيطان الرجيم بسم الله الرحمن الرحيم وما تقدموا لأنفسكم من خير تجدوه عند الله هو خيرا وعظما أجرا واستغفروا الله إن الله غفور رحيم,073020,high,"[{""id"": ""073020"", ""transcript"": ""وما تقدموا لأنفسكم من خير تجدوه عند الله هو خيرا وعظما أجرا واستغفروا الله إن الله غفور رحيم""}]","[{""id"": ""073020"", ""type"": ""ayah"", ""ar"": ""۞ إِنَّ رَبَّكَ يَعْلَمُ أَنَّكَ تَقُومُ أَدْنَىٰ مِن ثُلُثَيِ اللَّيْلِ وَنِصْفَهُ وَثُلُثَهُ وَطَائِفَةٌ مِّنَ الَّذِينَ مَعَكَ ۚ وَاللَّهُ يُقَدِّرُ اللَّيْلَ وَالنَّهَارَ ۚ عَلِمَ أَن لَّن تُحْصُوهُ فَتَابَ عَلَيْكُمْ ۖ فَاقْرَءُوا مَا تَيَسَّرَ مِنَ الْقُرْآنِ ۚ عَلِمَ أَن سَيَكُونُ مِنكُم مَّرْضَىٰ ۙ وَآخَرُونَ يَضْرِبُونَ فِي الْأَرْضِ يَبْتَغُونَ مِن فَضْلِ اللَّهِ ۙ وَآخَرُونَ يُقَاتِلُونَ فِي سَبِيلِ اللَّهِ ۖ فَاقْرَءُوا مَا تَيَسَّرَ مِنْهُ ۚ وَأَقِيمُوا الصَّلَاةَ وَآتُوا الزَّكَاةَ وَأَقْرِضُوا اللَّهَ قَرْضًا حَسَنًا ۚ وَمَا تُقَدِّمُوا لِأَنفُسِكُم مِّنْ خَيْرٍ تَجِدُوهُ عِندَ اللَّهِ هُوَ خَيْرًا وَأَعْظَمَ أَجْرًا ۚ وَاسْتَغْفِرُوا اللَّهَ ۖ إِنَّ اللَّهَ غَفُورٌ رَّحِيمٌ"", ""clean"": """", ""en"": """"}]"
train-042,أعوذ بالله من الشيطان الرجيم بسم الله الرحمن الرحيم وما تقدموا لأنفسكم من خير تجدوه عند الله هو خيرا وعظما أجرا واستغفروا الله إن الله غفور رحيم,073020,high,"[{""id"": ""073020"", ""transcript"": ""وما تقدموا لأنفسكم من خير تجدوه عند الله هو خيرا وعظما أجرا واستغفروا الله إن الله غفور رحيم""}]","[{""id"": ""073020"", ""type"": ""ayah"", ""ar"": ""۞ إِنَّ رَبَّكَ يَعْلَمُ أَنَّكَ تَقُومُ أَدْنَىٰ مِن ثُلُثَيِ اللَّيْلِ وَنِصْفَهُ وَثُلُثَهُ وَطَائِفَةٌ مِّنَ الَّذِينَ مَعَكَ ۚ وَاللَّهُ يُقَدِّرُ اللَّيْلَ وَالنَّهَارَ ۚ عَلِمَ أَن لَّن تُحْصُوهُ فَتَابَ عَلَيْكُمْ ۖ فَاقْرَءُوا مَا تَيَسَّرَ مِنَ الْقُرْآنِ ۚ عَلِمَ أَن سَيَكُونُ مِنكُم مَّرْضَىٰ ۙ وَآخَرُونَ يَضْرِبُونَ فِي الْأَرْضِ يَبْتَغُونَ مِن فَضْلِ اللَّهِ ۙ وَآخَرُونَ يُقَاتِلُونَ فِي سَبِيلِ اللَّهِ ۖ فَاقْرَءُوا مَا تَيَسَّرَ مِنْهُ ۚ وَأَقِيمُوا الصَّلَاةَ وَآتُوا الزَّكَاةَ وَأَقْرِضُوا اللَّهَ قَرْضًا حَسَنًا ۚ وَمَا تُقَدِّمُوا لِأَنفُسِكُم مِّنْ خَيْرٍ تَجِدُوهُ عِندَ اللَّهِ هُوَ خَيْرًا وَأَعْظَمَ أَجْرًا ۚ وَاسْتَغْفِرُوا اللَّهَ ۖ إِنَّ اللَّهَ غَفُورٌ رَّحِيمٌ"", ""clean"": """", ""en"": """"}]"
train-043,أعوذ بالله من الشيطان الرجيم بسم الله الرحمن الرحيم وما تقدموا لأنفسكم من خير تجدوه عند الله هو خيرا وعظما أجرا واستغفروا الله إن الله غفور رحيم,073020,high,"[{""id"": ""073020"", ""transcript"": ""وما تقدموا لأنفسكم من خير تجدوه عند الله هو خيرا وعظما أجرا واستغفروا الله إن الله غفور رحيم""}]","[{""id"": ""073020"", ""type"": ""ayah"", ""ar"": ""۞ إِنَّ رَبَّكَ يَعْلَمُ أَنَّكَ تَقُومُ أَدْنَىٰ مِن ثُلُثَيِ اللَّيْلِ وَنِصْفَهُ وَثُلُثَهُ وَطَائِفَةٌ مِّنَ الَّذِينَ مَعَكَ ۚ وَاللَّهُ يُقَدِّرُ اللَّيْلَ وَالنَّهَارَ ۚ عَلِمَ أَن لَّن تُحْصُوهُ فَتَابَ عَلَيْكُمْ ۖ فَاقْرَءُوا مَا تَيَسَّرَ مِنَ الْقُرْآنِ ۚ عَلِمَ أَن سَيَكُونُ مِنكُم مَّرْضَىٰ ۙ وَآخَرُونَ يَضْرِبُونَ فِي الْأَرْضِ يَبْتَغُونَ مِن فَضْلِ اللَّهِ ۙ وَآخَرُونَ يُقَاتِلُونَ فِي سَبِيلِ اللَّهِ ۖ فَاقْرَءُوا مَا تَيَسَّرَ مِنْهُ ۚ وَأَقِيمُوا الصَّلَاةَ وَآتُوا الزَّكَاةَ وَأَقْرِضُوا اللَّهَ قَرْضًا حَسَنًا ۚ وَمَا تُقَدِّمُوا لِأَنفُسِكُم مِّنْ خَيْرٍ تَجِدُوهُ عِندَ اللَّهِ هُوَ خَيْرًا وَأَعْظَمَ أَجْرًا ۚ وَاسْتَغْفِرُوا اللَّهَ ۖ إِنَّ اللَّهَ غَفُورٌ رَّحِيمٌ"", ""clean"": """", ""en"": """"}]"
train-044,أعوذ بالله من الشيطان الرجيم بسم الله الرحمن الرحيم وما تقدموا لأنفسكم من خير تجدوه عند الله هو خيرا وعظم أجرا واستغفروا الله إن الله غفور رحيم,073020,high,"[{""id"": ""073020"", ""transcript"": ""وما تقدموا لأنفسكم من خير تجدوه عند الله هو خيرا وعظم أجرا واستغفروا الله إن الله غفور رحيم""}]","[{""id"": ""073020"", ""type"": ""ayah"", ""ar"": ""۞ إِنَّ رَبَّكَ يَعْلَمُ أَنَّكَ تَقُومُ أَدْنَىٰ مِن ثُلُثَيِ اللَّيْلِ وَنِصْفَهُ وَثُلُثَهُ وَطَائِفَةٌ مِّنَ الَّذِينَ مَعَكَ ۚ وَاللَّهُ يُقَدِّرُ اللَّيْلَ وَالنَّهَارَ ۚ عَلِمَ أَن لَّن تُحْصُوهُ فَتَابَ عَلَيْكُمْ ۖ فَاقْرَءُوا مَا تَيَسَّرَ مِنَ الْقُرْآنِ ۚ عَلِمَ أَن سَيَكُونُ مِنكُم مَّرْضَىٰ ۙ وَآخَرُونَ يَضْرِبُونَ فِي الْأَرْضِ يَبْتَغُونَ مِن فَضْلِ اللَّهِ ۙ وَآخَرُونَ يُقَاتِلُونَ فِي سَبِيلِ اللَّهِ ۖ فَاقْرَءُوا مَا تَيَسَّرَ مِنْهُ ۚ وَأَقِيمُوا الصَّلَاةَ وَآتُوا الزَّكَاةَ وَأَقْرِضُوا اللَّهَ قَرْضًا حَسَنًا ۚ وَمَا تُقَدِّمُوا لِأَنفُسِكُم مِّنْ خَيْرٍ تَجِدُوهُ عِندَ اللَّهِ هُوَ خَيْرًا وَأَعْظَمَ أَجْرًا ۚ وَاسْتَغْفِرُوا اللَّهَ ۖ إِنَّ اللَّهَ غَفُورٌ رَّحِيمٌ"", ""clean"": """", ""en"": """"}]"
train-045,أعوذ بالله من الشيطان الرجيم بسم الله الرحمن الرحيم وما تقدموا لأنفسكم من خير تجدوه عند الله هو خيرا وعظما أجرا واستغفروا الله إن الله غفور رحيم,073020,high,"[{""id"": ""073020"", ""transcript"": ""وما تقدموا لأنفسكم من خير تجدوه عند الله هو خيرا وعظما أجرا واستغفروا الله إن الله غفور رحيم""}]","[{""id"": ""073020"", ""type"": ""ayah"", ""ar"": ""۞ إِنَّ رَبَّكَ يَعْلَمُ أَنَّكَ تَقُومُ أَدْنَىٰ مِن ثُلُثَيِ اللَّيْلِ وَنِصْفَهُ وَثُلُثَهُ وَطَائِفَةٌ مِّنَ الَّذِينَ مَعَكَ ۚ وَاللَّهُ يُقَدِّرُ اللَّيْلَ وَالنَّهَارَ ۚ عَلِمَ أَن لَّن تُحْصُوهُ فَتَابَ عَلَيْكُمْ ۖ فَاقْرَءُوا مَا تَيَسَّرَ مِنَ الْقُرْآنِ ۚ عَلِمَ أَن سَيَكُونُ مِنكُم مَّرْضَىٰ ۙ وَآخَرُونَ يَضْرِبُونَ فِي الْأَرْضِ يَبْتَغُونَ مِن فَضْلِ اللَّهِ ۙ وَآخَرُونَ يُقَاتِلُونَ فِي سَبِيلِ اللَّهِ ۖ فَاقْرَءُوا مَا تَيَسَّرَ مِنْهُ ۚ وَأَقِيمُوا الصَّلَاةَ وَآتُوا الزَّكَاةَ وَأَقْرِضُوا اللَّهَ قَرْضًا حَسَنًا ۚ وَمَا تُقَدِّمُوا لِأَنفُسِكُم مِّنْ خَيْرٍ تَجِدُوهُ عِندَ اللَّهِ هُوَ خَيْرًا وَأَعْظَمَ أَجْرًا ۚ وَاسْتَغْفِرُوا اللَّهَ ۖ إِنَّ اللَّهَ غَفُورٌ رَّحِيمٌ"", ""clean"": """", ""en"": """"}]"
train-046,وما تقدموا لأنفسكم من خير تجدوه عند الله هو خيرا وأعظم أجرا,073020,high,"[{""id"": ""073020"", ""transcript"": ""وما تقدموا لأنفسكم من خير تجدوه عند الله هو خيرا وأعظم أجرا""}]","[{""id"": ""073020"", ""type"": ""ayah"", ""ar"": ""۞ إِنَّ رَبَّكَ يَعْلَمُ أَنَّكَ تَقُومُ أَدْنَىٰ مِن ثُلُثَيِ اللَّيْلِ وَنِصْفَهُ وَثُلُثَهُ وَطَائِفَةٌ مِّنَ الَّذِينَ مَعَكَ ۚ وَاللَّهُ يُقَدِّرُ اللَّيْلَ وَالنَّهَارَ ۚ عَلِمَ أَن لَّن تُحْصُوهُ فَتَابَ عَلَيْكُمْ ۖ فَاقْرَءُوا مَا تَيَسَّرَ مِنَ الْقُرْآنِ ۚ عَلِمَ أَن سَيَكُونُ مِنكُم مَّرْضَىٰ ۙ وَآخَرُونَ يَضْرِبُونَ فِي الْأَرْضِ يَبْتَغُونَ مِن فَضْلِ اللَّهِ ۙ وَآخَرُونَ يُقَاتِلُونَ فِي سَبِيلِ اللَّهِ ۖ فَاقْرَءُوا مَا تَيَسَّرَ مِنْهُ ۚ وَأَقِيمُوا الصَّلَاةَ وَآتُوا الزَّكَاةَ وَأَقْرِضُوا اللَّهَ قَرْضًا حَسَنًا ۚ وَمَا تُقَدِّمُوا لِأَنفُسِكُم مِّنْ خَيْرٍ تَجِدُوهُ عِندَ اللَّهِ هُوَ خَيْرًا وَأَعْظَمَ أَجْرًا ۚ وَاسْتَغْفِرُوا اللَّهَ ۖ إِنَّ اللَّهَ غَفُورٌ رَّحِيمٌ"", ""clean"": """", ""en"": """"}]"
train-047,وما تقدموا لأنفسكم من خير تجدوه عند الله هو خيرا وأعظم أجرا,073020,high,"[{""id"": ""073020"", ""transcript"": ""وما تقدموا لأنفسكم من خير تجدوه عند الله هو خيرا وأعظم أجرا""}]","[{""id"": ""073020"", ""type"": ""ayah"", ""ar"": ""۞ إِنَّ رَبَّكَ يَعْلَمُ أَنَّكَ تَقُومُ أَدْنَىٰ مِن ثُلُثَيِ اللَّيْلِ وَنِصْفَهُ وَثُلُثَهُ وَطَائِفَةٌ مِّنَ الَّذِينَ مَعَكَ ۚ وَاللَّهُ يُقَدِّرُ اللَّيْلَ وَالنَّهَارَ ۚ عَلِمَ أَن لَّن تُحْصُوهُ فَتَابَ عَلَيْكُمْ ۖ فَاقْرَءُوا مَا تَيَسَّرَ مِنَ الْقُرْآنِ ۚ عَلِمَ أَن سَيَكُونُ مِنكُم مَّرْضَىٰ ۙ وَآخَرُونَ يَضْرِبُونَ فِي الْأَرْضِ يَبْتَغُونَ مِن فَضْلِ اللَّهِ ۙ وَآخَرُونَ يُقَاتِلُونَ فِي سَبِيلِ اللَّهِ ۖ فَاقْرَءُوا مَا تَيَسَّرَ مِنْهُ ۚ وَأَقِيمُوا الصَّلَاةَ وَآتُوا الزَّكَاةَ وَأَقْرِضُوا اللَّهَ قَرْضًا حَسَنًا ۚ وَمَا تُقَدِّمُوا لِأَنفُسِكُم مِّنْ خَيْرٍ تَجِدُوهُ عِندَ اللَّهِ هُوَ خَيْرًا وَأَعْظَمَ أَجْرًا ۚ وَاسْتَغْفِرُوا اللَّهَ ۖ إِنَّ اللَّهَ غَفُورٌ رَّحِيمٌ"", ""clean"": """", ""en"": """"}]"
train-048,أعوذ بالله من الشيطان الرجيم بسم الله الرحمن الرحيم وإذ قلنا دخلوا هذه القرية فكلوا منها حيث شئتم رغدا وادخلوا الباب سجدا وقولوا حطة نغفر لكم خطاياكم وسنزيد المحسنين فبدل الذين ظلموا قولا غير الذي قيل لهم فأنزلنا على الذين ظلموا رجزا من السماء بما كانوا يفسقون وإذ استسقى موسى لقومه فقل نضرب بعصاك الحجر فانفجرت منه اثنتا عشرة عينا قد علم كل أناس مشربهم كلوا واشربوا من رزق الله ولا تعثوا في الأرض مفسدين وإذ قلتم يا موسى لن نصبر على طعام واحد فادع لنا ربك يخرج لنا مما تنبت الأرض من بقلها وقثائها وفومها وعدسها وبصلها قال أتستبدلون الذي هو أدنى بالذي هو خير اهبطوا مصرا فإن لكم ما سألتم وضربت عليهم الذلة والمسكنة وباؤوا بغضب من الله ذلك بأنهم كانوا يكفرون بآيات الله ويقتلون النبيين بغير الحق ذلك بما عصوا وكانوا يعتدون,002058-002061,high,"[{""id"": ""002058"", ""transcript"": ""وإذ قلنا دخلوا هذه القرية فكلوا منها حيث شئتم رغدا وادخلوا الباب سجدا وقولوا حطة نغفر لكم خطاياكم وسنزيد المحسنين""}, {""id"": ""002059"", ""transcript"": ""فبدل الذين ظلموا قولا غير الذي قيل لهم فأنزلنا على الذين ظلموا رجزا من السماء بما كانوا يفسقون""}, {""id"": ""002060"", ""transcript"": ""وإذ استسقى موسى لقومه فقل نضرب بعصاك الحجر فانفجرت منه اثنتا عشرة عينا قد علم كل أناس مشربهم كلوا واشربوا من رزق الله ولا تعثوا في الأرض مفسدين""}, {""id"": ""002061"", ""transcript"": ""وإذ قلتم يا موسى لن نصبر على طعام واحد فادع لنا ربك يخرج لنا مما تنبت الأرض من بقلها وقثائها وفومها وعدسها وبصلها قال أتستبدلون الذي هو أدنى بالذي هو خير اهبطوا مصرا فإن لكم ما سألتم وضربت عليهم الذلة والمسكنة وباؤوا بغضب من الله ذلك بأنهم كانوا يكفرون بآيات الله ويقتلون النبيين بغير الحق ذلك بما عصوا وكانوا يعتدون""}]","[{""id"": ""002058"", ""type"": ""ayah"", ""ar"": ""وَإِذْ قُلْنَا ادْخُلُوا هَـٰذِهِ الْقَرْيَةَ فَكُلُوا مِنْهَا حَيْثُ شِئْتُمْ رَغَدًا وَادْخُلُوا الْبَابَ سُجَّدًا وَقُولُوا حِطَّةٌ نَّغْفِرْ لَكُمْ خَطَايَاكُمْ ۚ وَسَنَزِيدُ الْمُحْسِنِينَ"", ""clean"": """", ""en"": """"}, {""id"": ""002059"", ""type"": ""ayah"", ""ar"": ""فَبَدَّلَ الَّذِينَ ظَلَمُوا قَوْلًا غَيْرَ الَّذِي قِيلَ لَهُمْ فَأَنزَلْنَا عَلَى الَّذِينَ ظَلَمُوا رِجْزًا مِّنَ السَّمَاءِ بِمَا كَانُوا يَفْسُقُونَ"", ""clean"": """", ""en"": """"}, {""id"": ""002060"", ""type"": ""ayah"", ""ar"": ""۞ وَإِذِ اسْتَسْقَىٰ مُوسَىٰ لِقَوْمِهِ فَقُلْنَا اضْرِب بِّعَصَاكَ الْحَجَرَ ۖ فَانفَجَرَتْ مِنْهُ اثْنَتَا عَشْرَةَ عَيْنًا ۖ قَدْ عَلِمَ كُلُّ أُنَاسٍ مَّشْرَبَهُمْ ۖ كُلُوا وَاشْرَبُوا مِن رِّزْقِ اللَّهِ وَلَا تَعْثَوْا فِي الْأَرْضِ مُفْسِدِينَ"", ""clean"": """", ""en"": """"}, {""id"": ""002061"", ""type"": ""ayah"", ""ar"": ""وَإِذْ قُلْتُمْ يَا مُوسَىٰ لَن نَّصْبِرَ عَلَىٰ طَعَامٍ وَاحِدٍ فَادْعُ لَنَا رَبَّكَ يُخْرِجْ لَنَا مِمَّا تُنبِتُ الْأَرْضُ مِن بَقْلِهَا وَقِثَّائِهَا وَفُومِهَا وَعَدَسِهَا وَبَصَلِهَا ۖ قَالَ أَتَسْتَبْدِلُونَ الَّذِي هُوَ أَدْنَىٰ بِالَّذِي هُوَ خَيْرٌ ۚ اهْبِطُوا مِصْرًا فَإِنَّ لَكُم مَّا سَأَلْتُمْ ۗ وَضُرِبَتْ عَلَيْهِمُ الذِّلَّةُ وَالْمَسْكَنَةُ وَبَاءُوا بِغَضَبٍ مِّنَ اللَّهِ ۗ ذَٰلِكَ بِأَنَّهُمْ كَانُوا يَكْفُرُونَ بِآيَاتِ اللَّهِ وَيَقْتُلُونَ النَّبِيِّينَ بِغَيْرِ الْحَقِّ ۗ ذَٰلِكَ بِمَا عَصَوا وَّكَانُوا يَعْتَدُونَ"", ""clean"": """", ""en"": """"}]"
train-049,أعوذ بالله من الشيطان الرجيم بسم الله الرحمن الرحيم واذكروا ادخلوا هذه القرية فكلوا منها حيث شئتم رغدا وادخلوا الباب سجدا وقولوا حطة نغفر لكم خطاياكم وسنزيد المحسنين فبدل الذين ظلموا قولا غير الذي قيل لهم فأنزلنا على الذين ظلموا رجزا من السماء بما كانوا يفسقون وإذ استسقى موسى لقومه فقلنا اضرب بعصاك الحجر فانفجرت منه اثنتا عشرة عينا قد علم كل أناس مشربهم كلوا واشربوا من رزق الله ولا تعثوا في الأرض مفسدين وإذ قلتم يا موسى لن نصبر على طعام واحد فادع لنا ربك يخرج لنا مما تنبت الأرض من بقلها وقثائها وفومها وعدسها وبصلها قال أتستبدلون الذي هو أدنى بالذي هو خير اهبطوا مصرا فإن لكم ما سألتم وضربت عليهم الذلة والمسكنة وباؤوا بغضب من الله ذلك بأنهم كانوا يكفرون بآيات الله ويقتلون النبيين بغير الحق ذلك بما عصوا وكانوا يعتدون,002058-002061,high,"[{""id"": ""002058"", ""transcript"": ""واذكروا ادخلوا هذه القرية فكلوا منها حيث شئتم رغدا وادخلوا الباب سجدا وقولوا حطة نغفر لكم خطاياكم وسنزيد المحسنين""}, {""id"": ""002059"", ""transcript"": ""فبدل الذين ظلموا قولا غير الذي قيل لهم فأنزلنا على الذين ظلموا رجزا من السماء بما كانوا يفسقون""}, {""id"": ""002060"", ""transcript"": ""وإذ استسقى موسى لقومه فقلنا اضرب بعصاك الحجر فانفجرت منه اثنتا عشرة عينا قد علم كل أناس مشربهم كلوا واشربوا من رزق الله ولا تعثوا في الأرض مفسدين""}, {""id"": ""002061"", ""transcript"": ""وإذ قلتم يا موسى لن نصبر على طعام واحد فادع لنا ربك يخرج لنا مما تنبت الأرض من بقلها وقثائها وفومها وعدسها وبصلها قال أتستبدلون الذي هو أدنى بالذي هو خير اهبطوا مصرا فإن لكم ما سألتم وضربت عليهم الذلة والمسكنة وباؤوا بغضب من الله ذلك بأنهم كانوا يكفرون بآيات الله ويقتلون النبيين بغير الحق ذلك بما عصوا وكانوا يعتدون""}]","[{""id"": ""002058"", ""type"": ""ayah"", ""ar"": ""وَإِذْ قُلْنَا ادْخُلُوا هَـٰذِهِ الْقَرْيَةَ فَكُلُوا مِنْهَا حَيْثُ شِئْتُمْ رَغَدًا وَادْخُلُوا الْبَابَ سُجَّدًا وَقُولُوا حِطَّةٌ نَّغْفِرْ لَكُمْ خَطَايَاكُمْ ۚ وَسَنَزِيدُ الْمُحْسِنِينَ"", ""clean"": """", ""en"": """"}, {""id"": ""002059"", ""type"": ""ayah"", ""ar"": ""فَبَدَّلَ الَّذِينَ ظَلَمُوا قَوْلًا غَيْرَ الَّذِي قِيلَ لَهُمْ فَأَنزَلْنَا عَلَى الَّذِينَ ظَلَمُوا رِجْزًا مِّنَ السَّمَاءِ بِمَا كَانُوا يَفْسُقُونَ"", ""clean"": """", ""en"": """"}, {""id"": ""002060"", ""type"": ""ayah"", ""ar"": ""۞ وَإِذِ اسْتَسْقَىٰ مُوسَىٰ لِقَوْمِهِ فَقُلْنَا اضْرِب بِّعَصَاكَ الْحَجَرَ ۖ فَانفَجَرَتْ مِنْهُ اثْنَتَا عَشْرَةَ عَيْنًا ۖ قَدْ عَلِمَ كُلُّ أُنَاسٍ مَّشْرَبَهُمْ ۖ كُلُوا وَاشْرَبُوا مِن رِّزْقِ اللَّهِ وَلَا تَعْثَوْا فِي الْأَرْضِ مُفْسِدِينَ"", ""clean"": """", ""en"": """"}, {""id"": ""002061"", ""type"": ""ayah"", ""ar"": ""وَإِذْ قُلْتُمْ يَا مُوسَىٰ لَن نَّصْبِرَ عَلَىٰ طَعَامٍ وَاحِدٍ فَادْعُ لَنَا رَبَّكَ يُخْرِجْ لَنَا مِمَّا تُنبِتُ الْأَرْضُ مِن بَقْلِهَا وَقِثَّائِهَا وَفُومِهَا وَعَدَسِهَا وَبَصَلِهَا ۖ قَالَ أَتَسْتَبْدِلُونَ الَّذِي هُوَ أَدْنَىٰ بِالَّذِي هُوَ خَيْرٌ ۚ اهْبِطُوا مِصْرًا فَإِنَّ لَكُم مَّا سَأَلْتُمْ ۗ وَضُرِبَتْ عَلَيْهِمُ الذِّلَّةُ وَالْمَسْكَنَةُ وَبَاءُوا بِغَضَبٍ مِّنَ اللَّهِ ۗ ذَٰلِكَ بِأَنَّهُمْ كَانُوا يَكْفُرُونَ بِآيَاتِ اللَّهِ وَيَقْتُلُونَ النَّبِيِّينَ بِغَيْرِ الْحَقِّ ۗ ذَٰلِكَ بِمَا عَصَوا وَّكَانُوا يَعْتَدُونَ"", ""clean"": """", ""en"": """"}]"
train-050,أعوذ بالله من الشيطان الرجيم بسم الله الرحمن الرحيم وإذ قلتم يا موسى لن نصبر على طعام واحد فادع لنا ربك يخرج لنا مما تنبت الأرض من بقلها وقثائها وفومها وعدسها وبصلها قال أتستبدلون الذي هو أدنى بالذي هو خير اهبطوا مصرا فإن لكم ما سألتمم وضربت عليهم الذلة والمسكنة وباؤوا بغضب من الله ذلك بأنهم كانوا يكفرون بآيات الله ويقتلون النبيين بغير الحق ذلك بما عصوا وكانوا يعتدون,002061,high,"[{""id"": ""002061"", ""transcript"": ""وإذ قلتم يا موسى لن نصبر على طعام واحد فادع لنا ربك يخرج لنا مما تنبت الأرض من بقلها وقثائها وفومها وعدسها وبصلها قال أتستبدلون الذي هو أدنى بالذي هو خير اهبطوا مصرا فإن لكم ما سألتمم وضربت عليهم الذلة والمسكنة وباؤوا بغضب من الله ذلك بأنهم كانوا يكفرون بآيات الله ويقتلون النبيين بغير الحق ذلك بما عصوا وكانوا يعتدون""}]","[{""id"": ""002061"", ""type"": ""ayah"", ""ar"": ""وَإِذْ قُلْتُمْ يَا مُوسَىٰ لَن نَّصْبِرَ عَلَىٰ طَعَامٍ وَاحِدٍ فَادْعُ لَنَا رَبَّكَ يُخْرِجْ لَنَا مِمَّا تُنبِتُ الْأَرْضُ مِن بَقْلِهَا وَقِثَّائِهَا وَفُومِهَا وَعَدَسِهَا وَبَصَلِهَا ۖ قَالَ أَتَسْتَبْدِلُونَ الَّذِي هُوَ أَدْنَىٰ بِالَّذِي هُوَ خَيْرٌ ۚ اهْبِطُوا مِصْرًا فَإِنَّ لَكُم مَّا سَأَلْتُمْ ۗ وَضُرِبَتْ عَلَيْهِمُ الذِّلَّةُ وَالْمَسْكَنَةُ وَبَاءُوا بِغَضَبٍ مِّنَ اللَّهِ ۗ ذَٰلِكَ بِأَنَّهُمْ كَانُوا يَكْفُرُونَ بِآيَاتِ اللَّهِ وَيَقْتُلُونَ النَّبِيِّينَ بِغَيْرِ الْحَقِّ ۗ ذَٰلِكَ بِمَا عَصَوا وَّكَانُوا يَعْتَدُونَ"", ""clean"": """", ""en"": """"}]"
train-051,أعوذ بالله من الشيطان الرجيم بسم الله الرحمن الرحيم واسكنوا دخلوا هذه القرية فكلوا منها حيث شئتم رغدا وادخلوا الباب سجدا وقولوا حطة نغفر لكم خطاياكم وسنزيد المحسنين فبدل الذين ظلموا قولا غير الذي قيل لهم فأنزلنا على الذين ظلموا رجزا من السماء بما كانوا يفسقون وإذ استسقى موسى لقومه فقلنا اضرب بعصاك الحجر فانفجرت منه اثنتا عشرة عينا قد علم كل أناس مشربهم كلوا واشربوا من رزق الله ولا تعثوا في الأرض مفسدين وإذ قلتم يا موسى لن نصبر على طعام واحد فادع لنا ربك يخرج لنا مما تنبت الأرض من بقلها وقثائها وفومها وعدسها وبصلها قال أتستبدلون الذي هو أدنى بالذي هو خير اهبطوا مصرا فإن لكم ما سألتم وضربت عليهم الذلة والمسكنة وباؤوا بغضب من الله ذلك بأنهم كفروا بآيات الله وقتلوا النبيين بغير الحق ذلك بما عصوا وكانوا يعتدون,002058-002061,high,"[{""id"": ""002058"", ""transcript"": ""واسكنوا دخلوا هذه القرية فكلوا منها حيث شئتم رغدا وادخلوا الباب سجدا وقولوا حطة نغفر لكم خطاياكم وسنزيد المحسنين""}, {""id"": ""002059"", ""transcript"": ""فبدل الذين ظلموا قولا غير الذي قيل لهم فأنزلنا على الذين ظلموا رجزا من السماء بما كانوا يفسقون""}, {""id"": ""002060"", ""transcript"": ""وإذ استسقى موسى لقومه فقلنا اضرب بعصاك الحجر فانفجرت منه اثنتا عشرة عينا قد علم كل أناس مشربهم كلوا واشربوا من رزق الله ولا تعثوا في الأرض مفسدين""}, {""id"": ""002061"", ""transcript"": ""وإذ قلتم يا موسى لن نصبر على طعام واحد فادع لنا ربك يخرج لنا مما تنبت الأرض من بقلها وقثائها وفومها وعدسها وبصلها قال أتستبدلون الذي هو أدنى بالذي هو خير اهبطوا مصرا فإن لكم ما سألتم وضربت عليهم الذلة والمسكنة وباؤوا بغضب من الله ذلك بأنهم كفروا بآيات الله وقتلوا النبيين بغير الحق ذلك بما عصوا وكانوا يعتدون""}]","[{""id"": ""002058"", ""type"": ""ayah"", ""ar"": ""وَإِذْ قُلْنَا ادْخُلُوا هَـٰذِهِ الْقَرْيَةَ فَكُلُوا مِنْهَا حَيْثُ شِئْتُمْ رَغَدًا وَادْخُلُوا الْبَابَ سُجَّدًا وَقُولُوا حِطَّةٌ نَّغْفِرْ لَكُمْ خَطَايَاكُمْ ۚ وَسَنَزِيدُ الْمُحْسِنِينَ"", ""clean"": """", ""en"": """"}, {""id"": ""002059"", ""type"": ""ayah"", ""ar"": ""فَبَدَّلَ الَّذِينَ ظَلَمُوا قَوْلًا غَيْرَ الَّذِي قِيلَ لَهُمْ فَأَنزَلْنَا عَلَى الَّذِينَ ظَلَمُوا رِجْزًا مِّنَ السَّمَاءِ بِمَا كَانُوا يَفْسُقُونَ"", ""clean"": """", ""en"": """"}, {""id"": ""002060"", ""type"": ""ayah"", ""ar"": ""۞ وَإِذِ اسْتَسْقَىٰ مُوسَىٰ لِقَوْمِهِ فَقُلْنَا اضْرِب بِّعَصَاكَ الْحَجَرَ ۖ فَانفَجَرَتْ مِنْهُ اثْنَتَا عَشْرَةَ عَيْنًا ۖ قَدْ عَلِمَ كُلُّ أُنَاسٍ مَّشْرَبَهُمْ ۖ كُلُوا وَاشْرَبُوا مِن رِّزْقِ اللَّهِ وَلَا تَعْثَوْا فِي الْأَرْضِ مُفْسِدِينَ"", ""clean"": """", ""en"": """"}, {""id"": ""002061"", ""type"": ""ayah"", ""ar"": ""وَإِذْ قُلْتُمْ يَا مُوسَىٰ لَن نَّصْبِرَ عَلَىٰ طَعَامٍ وَاحِدٍ فَادْعُ لَنَا رَبَّكَ يُخْرِجْ لَنَا مِمَّا تُنبِتُ الْأَرْضُ مِن بَقْلِهَا وَقِثَّائِهَا وَفُومِهَا وَعَدَسِهَا وَبَصَلِهَا ۖ قَالَ أَتَسْتَبْدِلُونَ الَّذِي هُوَ أَدْنَىٰ بِالَّذِي هُوَ خَيْرٌ ۚ اهْبِطُوا مِصْرًا فَإِنَّ لَكُم مَّا سَأَلْتُمْ ۗ وَضُرِبَتْ عَلَيْهِمُ الذِّلَّةُ وَالْمَسْكَنَةُ وَبَاءُوا بِغَضَبٍ مِّنَ اللَّهِ ۗ ذَٰلِكَ بِأَنَّهُمْ كَانُوا يَكْفُرُونَ بِآيَاتِ اللَّهِ وَيَقْتُلُونَ النَّبِيِّينَ بِغَيْرِ الْحَقِّ ۗ ذَٰلِكَ بِمَا عَصَوا وَّكَانُوا يَعْتَدُونَ"", ""clean"": """", ""en"": """"}]"
train-052,أعوذ بالله من الشيطان الرجيم بسم الله الرحمن الرحيم واذ دخلوا هذه القرية فكلوا منها حيث شئتم رغدا وادخلوا الباب سجدا وقولوا حطة نغفر لكم خطاياكم وسنزيد المحسنين فبدل الذين ظلموا قولا غير الذي قيل لهم فأنزلنا على الذين ظلموا رجزا من السماء بما كانوا يفسقون وإذ استسقى موسى لقومه فقل نضرب بعصاك الحجر فانفجرت منه اثنتا عشرة عينا قد علم كل أناس مشربهم كلوا واشربوا من رزق الله ولا تعثوا في الأرض مفسدين وإذ قلتم يا موسى لن نصبر على طعام واحد فادع لنا ربك يخرج لنا مما تنبت الأرض من بقلها وقثائها وفومها وعدسها وبصلها قال أتستبدلون الذي هو أدنى بالذي هو خير اهبطوا مصرا فإن لكم ما سألتم وضربت عليهم الذلة والمسكنة وباءوا بغضب من الله ذلك بأنهم كانوا يكفرون بآيات الله ويقتلون النبيين بغير الحق ذلك بما عصوا وكانوا يعتدون,002058-002061,high,"[{""id"": ""002058"", ""transcript"": ""واذ دخلوا هذه القرية فكلوا منها حيث شئتم رغدا وادخلوا الباب سجدا وقولوا حطة نغفر لكم خطاياكم وسنزيد المحسنين""}, {""id"": ""002059"", ""transcript"": ""فبدل الذين ظلموا قولا غير الذي قيل لهم فأنزلنا على الذين ظلموا رجزا من السماء بما كانوا يفسقون""}, {""id"": ""002060"", ""transcript"": ""وإذ استسقى موسى لقومه فقل نضرب بعصاك الحجر فانفجرت منه اثنتا عشرة عينا قد علم كل أناس مشربهم كلوا واشربوا من رزق الله ولا تعثوا في الأرض مفسدين""}, {""id"": ""002061"", ""transcript"": ""وإذ قلتم يا موسى لن نصبر على طعام واحد فادع لنا ربك يخرج لنا مما تنبت الأرض من بقلها وقثائها وفومها وعدسها وبصلها قال أتستبدلون الذي هو أدنى بالذي هو خير اهبطوا مصرا فإن لكم ما سألتم وضربت عليهم الذلة والمسكنة وباءوا بغضب من الله ذلك بأنهم كانوا يكفرون بآيات الله ويقتلون النبيين بغير الحق ذلك بما عصوا وكانوا يعتدون""}]","[{""id"": ""002058"", ""type"": ""ayah"", ""ar"": ""وَإِذْ قُلْنَا ادْخُلُوا هَـٰذِهِ الْقَرْيَةَ فَكُلُوا مِنْهَا حَيْثُ شِئْتُمْ رَغَدًا وَادْخُلُوا الْبَابَ سُجَّدًا وَقُولُوا حِطَّةٌ نَّغْفِرْ لَكُمْ خَطَايَاكُمْ ۚ وَسَنَزِيدُ الْمُحْسِنِينَ"", ""clean"": """", ""en"": """"}, {""id"": ""002059"", ""type"": ""ayah"", ""ar"": ""فَبَدَّلَ الَّذِينَ ظَلَمُوا قَوْلًا غَيْرَ الَّذِي قِيلَ لَهُمْ فَأَنزَلْنَا عَلَى الَّذِينَ ظَلَمُوا رِجْزًا مِّنَ السَّمَاءِ بِمَا كَانُوا يَفْسُقُونَ"", ""clean"": """", ""en"": """"}, {""id"": ""002060"", ""type"": ""ayah"", ""ar"": ""۞ وَإِذِ اسْتَسْقَىٰ مُوسَىٰ لِقَوْمِهِ فَقُلْنَا اضْرِب بِّعَصَاكَ الْحَجَرَ ۖ فَانفَجَرَتْ مِنْهُ اثْنَتَا عَشْرَةَ عَيْنًا ۖ قَدْ عَلِمَ كُلُّ أُنَاسٍ مَّشْرَبَهُمْ ۖ كُلُوا وَاشْرَبُوا مِن رِّزْقِ اللَّهِ وَلَا تَعْثَوْا فِي الْأَرْضِ مُفْسِدِينَ"", ""clean"": """", ""en"": """"}, {""id"": ""002061"", ""type"": ""ayah"", ""ar"": ""وَإِذْ قُلْتُمْ يَا مُوسَىٰ لَن نَّصْبِرَ عَلَىٰ طَعَامٍ وَاحِدٍ فَادْعُ لَنَا رَبَّكَ يُخْرِجْ لَنَا مِمَّا تُنبِتُ الْأَرْضُ مِن بَقْلِهَا وَقِثَّائِهَا وَفُومِهَا وَعَدَسِهَا وَبَصَلِهَا ۖ قَالَ أَتَسْتَبْدِلُونَ الَّذِي هُوَ أَدْنَىٰ بِالَّذِي هُوَ خَيْرٌ ۚ اهْبِطُوا مِصْرًا فَإِنَّ لَكُم مَّا سَأَلْتُمْ ۗ وَضُرِبَتْ عَلَيْهِمُ الذِّلَّةُ وَالْمَسْكَنَةُ وَبَاءُوا بِغَضَبٍ مِّنَ اللَّهِ ۗ ذَٰلِكَ بِأَنَّهُمْ كَانُوا يَكْفُرُونَ بِآيَاتِ اللَّهِ وَيَقْتُلُونَ النَّبِيِّينَ بِغَيْرِ الْحَقِّ ۗ ذَٰلِكَ بِمَا عَصَوا وَّكَانُوا يَعْتَدُونَ"", ""clean"": """", ""en"": """"}]"
train-053,أعوذ بالله من الشيطان الرجيم بسم الله الرحمن الرحيم وإذ قلنا دخلوا هذه القرية فكلوا منها حيث شئتم رغدا وادخلوا الباب سجدا وقولوا حطة نغفر لكم خطاياكم وسنزيد المحسنين فبدل الذين ظلموا قولا غير الذي قيل لهم فأنزلنا على الذين ظلموا رجزا من السماء بما كانوا يفسقون وإذ استسقى موسى لقومه فقلنا اضرب بعصاك الحجر فانفجرت منه اثنتا عشرة عينا قد علم كل أناس مشربهم كلوا واشربوا من رزق الله ولا تعثوا في الأرض مفسدين وإذ قلتم يا موسى لن نصبر على طعام واحد فادع لنا ربك يخرج لنا مما تنبت الأرض من بقلها وقثائها وفومها وعدسها وبصلها قال أتستبدلون الذي هو أدنى بالذي هو خير اهبطوا مصرا فإن لكم ما سألتم وضربت عليهم الذلة والمسكنة وباؤوا بغضب من الله ذلك بأنهم كانوا يكفرون بآيات الله ويقتلون النبيين بغير الحق ذلك بما عصوا وكانوا يعتدون,002058-002061,high,"[{""id"": ""002058"", ""transcript"": ""وإذ قلنا دخلوا هذه القرية فكلوا منها حيث شئتم رغدا وادخلوا الباب سجدا وقولوا حطة نغفر لكم خطاياكم وسنزيد المحسنين""}, {""id"": ""002059"", ""transcript"": ""فبدل الذين ظلموا قولا غير الذي قيل لهم فأنزلنا على الذين ظلموا رجزا من السماء بما كانوا يفسقون""}, {""id"": ""002060"", ""transcript"": ""وإذ استسقى موسى لقومه فقلنا اضرب بعصاك الحجر فانفجرت منه اثنتا عشرة عينا قد علم كل أناس مشربهم كلوا واشربوا من رزق الله ولا تعثوا في الأرض مفسدين""}, {""id"": ""002061"", ""transcript"": ""وإذ قلتم يا موسى لن نصبر على طعام واحد فادع لنا ربك يخرج لنا مما تنبت الأرض من بقلها وقثائها وفومها وعدسها وبصلها قال أتستبدلون الذي هو أدنى بالذي هو خير اهبطوا مصرا فإن لكم ما سألتم وضربت عليهم الذلة والمسكنة وباؤوا بغضب من الله ذلك بأنهم كانوا يكفرون بآيات الله ويقتلون النبيين بغير الحق ذلك بما عصوا وكانوا يعتدون""}]","[{""id"": ""002058"", ""type"": ""ayah"", ""ar"": ""وَإِذْ قُلْنَا ادْخُلُوا هَـٰذِهِ الْقَرْيَةَ فَكُلُوا مِنْهَا حَيْثُ شِئْتُمْ رَغَدًا وَادْخُلُوا الْبَابَ سُجَّدًا وَقُولُوا حِطَّةٌ نَّغْفِرْ لَكُمْ خَطَايَاكُمْ ۚ وَسَنَزِيدُ الْمُحْسِنِينَ"", ""clean"": """", ""en"": """"}, {""id"": ""002059"", ""type"": ""ayah"", ""ar"": ""فَبَدَّلَ الَّذِينَ ظَلَمُوا قَوْلًا غَيْرَ الَّذِي قِيلَ لَهُمْ فَأَنزَلْنَا عَلَى الَّذِينَ ظَلَمُوا رِجْزًا مِّنَ السَّمَاءِ بِمَا كَانُوا يَفْسُقُونَ"", ""clean"": """", ""en"": """"}, {""id"": ""002060"", ""type"": ""ayah"", ""ar"": ""۞ وَإِذِ اسْتَسْقَىٰ مُوسَىٰ لِقَوْمِهِ فَقُلْنَا اضْرِب بِّعَصَاكَ الْحَجَرَ ۖ فَانفَجَرَتْ مِنْهُ اثْنَتَا عَشْرَةَ عَيْنًا ۖ قَدْ عَلِمَ كُلُّ أُنَاسٍ مَّشْرَبَهُمْ ۖ كُلُوا وَاشْرَبُوا مِن رِّزْقِ اللَّهِ وَلَا تَعْثَوْا فِي الْأَرْضِ مُفْسِدِينَ"", ""clean"": """", ""en"": """"}, {""id"": ""002061"", ""type"": ""ayah"", ""ar"": ""وَإِذْ قُلْتُمْ يَا مُوسَىٰ لَن نَّصْبِرَ عَلَىٰ طَعَامٍ وَاحِدٍ فَادْعُ لَنَا رَبَّكَ يُخْرِجْ لَنَا مِمَّا تُنبِتُ الْأَرْضُ مِن بَقْلِهَا وَقِثَّائِهَا وَفُومِهَا وَعَدَسِهَا وَبَصَلِهَا ۖ قَالَ أَتَسْتَبْدِلُونَ الَّذِي هُوَ أَدْنَىٰ بِالَّذِي هُوَ خَيْرٌ ۚ اهْبِطُوا مِصْرًا فَإِنَّ لَكُم مَّا سَأَلْتُمْ ۗ وَضُرِبَتْ عَلَيْهِمُ الذِّلَّةُ وَالْمَسْكَنَةُ وَبَاءُوا بِغَضَبٍ مِّنَ اللَّهِ ۗ ذَٰلِكَ بِأَنَّهُمْ كَانُوا يَكْفُرُونَ بِآيَاتِ اللَّهِ وَيَقْتُلُونَ النَّبِيِّينَ بِغَيْرِ الْحَقِّ ۗ ذَٰلِكَ بِمَا عَصَوا وَّكَانُوا يَعْتَدُونَ"", ""clean"": """", ""en"": """"}]"
train-054,أعوذ بالله من الشيطان الرجيم بسم الله الرحمن الرحيم واسكنوا دخلوا هذه القرية فكلوا منها حيث شئتم رغدا وادخلوا الباب سجدا وقولوا حطة نغفر لكم خطاياكم وسنزيد المحسنين فبدل الذين ظلموا قولا غير الذي قيل لهم فأنزلنا على الذين ظلموا رجزا من السماء بما كانوا يفسقون وإذ استسقى موسى لقومه فقلنا اضرب بعصاك الحجر فانفجرت منه اثنتا عشرة عينا قد علم كل أناس مشربهم كلوا واشربوا من رزق الله ولا تعثوا في الأرض مفسدين وإذ قلتم يا موسى لن نصبر على طعام واحد فادع لنا ربك يخرج لنا مما تنبت الأرض من بقلها وقثائها وفومها وعدسها وبصلها قال أتستبدلون الذي هو أدنى بالذي هو خير اهبطوا مصرا فإن لكم ما سألتم وضربت عليهم الذلة والمسكنة وباءوا بغضب من الله ذلك بأنهم كانوا يكفرون بآيات الله ويقتلون النبيين بغير الحق ذلك بما عصوا وكانوا يعتدون,002058-002061,high,"[{""id"": ""002058"", ""transcript"": ""واسكنوا دخلوا هذه القرية فكلوا منها حيث شئتم رغدا وادخلوا الباب سجدا وقولوا حطة نغفر لكم خطاياكم وسنزيد المحسنين""}, {""id"": ""002059"", ""transcript"": ""فبدل الذين ظلموا قولا غير الذي قيل لهم فأنزلنا على الذين ظلموا رجزا من السماء بما كانوا يفسقون""}, {""id"": ""002060"", ""transcript"": ""وإذ استسقى موسى لقومه فقلنا اضرب بعصاك الحجر فانفجرت منه اثنتا عشرة عينا قد علم كل أناس مشربهم كلوا واشربوا من رزق الله ولا تعثوا في الأرض مفسدين""}, {""id"": ""002061"", ""transcript"": ""وإذ قلتم يا موسى لن نصبر على طعام واحد فادع لنا ربك يخرج لنا مما تنبت الأرض من بقلها وقثائها وفومها وعدسها وبصلها قال أتستبدلون الذي هو أدنى بالذي هو خير اهبطوا مصرا فإن لكم ما سألتم وضربت عليهم الذلة والمسكنة وباءوا بغضب من الله ذلك بأنهم كانوا يكفرون بآيات الله ويقتلون النبيين بغير الحق ذلك بما عصوا وكانوا يعتدون""}]","[{""id"": ""002058"", ""type"": ""ayah"", ""ar"": ""وَإِذْ قُلْنَا ادْخُلُوا هَـٰذِهِ الْقَرْيَةَ فَكُلُوا مِنْهَا حَيْثُ شِئْتُمْ رَغَدًا وَادْخُلُوا الْبَابَ سُجَّدًا وَقُولُوا حِطَّةٌ نَّغْفِرْ لَكُمْ خَطَايَاكُمْ ۚ وَسَنَزِيدُ الْمُحْسِنِينَ"", ""clean"": """", ""en"": """"}, {""id"": ""002059"", ""type"": ""ayah"", ""ar"": ""فَبَدَّلَ الَّذِينَ ظَلَمُوا قَوْلًا غَيْرَ الَّذِي قِيلَ لَهُمْ فَأَنزَلْنَا عَلَى الَّذِينَ ظَلَمُوا رِجْزًا مِّنَ السَّمَاءِ بِمَا كَانُوا يَفْسُقُونَ"", ""clean"": """", ""en"": """"}, {""id"": ""002060"", ""type"": ""ayah"", ""ar"": ""۞ وَإِذِ اسْتَسْقَىٰ مُوسَىٰ لِقَوْمِهِ فَقُلْنَا اضْرِب بِّعَصَاكَ الْحَجَرَ ۖ فَانفَجَرَتْ مِنْهُ اثْنَتَا عَشْرَةَ عَيْنًا ۖ قَدْ عَلِمَ كُلُّ أُنَاسٍ مَّشْرَبَهُمْ ۖ كُلُوا وَاشْرَبُوا مِن رِّزْقِ اللَّهِ وَلَا تَعْثَوْا فِي الْأَرْضِ مُفْسِدِينَ"", ""clean"": """", ""en"": """"}, {""id"": ""002061"", ""type"": ""ayah"", ""ar"": ""وَإِذْ قُلْتُمْ يَا مُوسَىٰ لَن نَّصْبِرَ عَلَىٰ طَعَامٍ وَاحِدٍ فَادْعُ لَنَا رَبَّكَ يُخْرِجْ لَنَا مِمَّا تُنبِتُ الْأَرْضُ مِن بَقْلِهَا وَقِثَّائِهَا وَفُومِهَا وَعَدَسِهَا وَبَصَلِهَا ۖ قَالَ أَتَسْتَبْدِلُونَ الَّذِي هُوَ أَدْنَىٰ بِالَّذِي هُوَ خَيْرٌ ۚ اهْبِطُوا مِصْرًا فَإِنَّ لَكُم مَّا سَأَلْتُمْ ۗ وَضُرِبَتْ عَلَيْهِمُ الذِّلَّةُ وَالْمَسْكَنَةُ وَبَاءُوا بِغَضَبٍ مِّنَ اللَّهِ ۗ ذَٰلِكَ بِأَنَّهُمْ كَانُوا يَكْفُرُونَ بِآيَاتِ اللَّهِ وَيَقْتُلُونَ النَّبِيِّينَ بِغَيْرِ الْحَقِّ ۗ ذَٰلِكَ بِمَا عَصَوا وَّكَانُوا يَعْتَدُونَ"", ""clean"": """", ""en"": """"}]"
train-055,أعوذ بالله من الشيطان الرجيم وإذ قلنا دخلوا هذه القرية فكلوا منها حيث شئتم رغدا وادخلوا الباب سجدا وقولوا حطة نغفر لكم خطاياكم وسنزيد المحسنين فبدل الذين ظلموا قولا غير الذي قيل لهم فأنزلنا على الذين ظلموا رجزا من السماء بما كانوا يفسقون وإذ استسقى موسى فقلنا اضرب بعصاك الحجر فانفجرت منه اثنتا عشرة عينا كلوا واشربوا من رزق الله ولا تعثوا في الأرض مفسدين وإذ قلتم يا موسى لن نصبر على طعام واحد فادع لنا ربك يخرج لنا مما تنبت الأرض من بقلها وقثائها وفومها وعدسها وبصلها قال أتستبدلون الذي هو أدنى بالذي هو خير اهبطوا مصرا فإن لكم ما سألتم وضربت عليهم الذلة والمسكنة وباءوا بغضب من الله ذلك بأنهم كانوا يكفرون بآيات الله ويقتلون النبيين بغير الحق ذلك بما عصوا وكانوا يعتدون,002058-002061,high,"[{""id"": ""002058"", ""transcript"": ""وإذ قلنا دخلوا هذه القرية فكلوا منها حيث شئتم رغدا وادخلوا الباب سجدا وقولوا حطة نغفر لكم خطاياكم وسنزيد المحسنين""}, {""id"": ""002059"", ""transcript"": ""فبدل الذين ظلموا قولا غير الذي قيل لهم فأنزلنا على الذين ظلموا رجزا من السماء بما كانوا يفسقون""}, {""id"": ""002060"", ""transcript"": ""وإذ استسقى موسى فقلنا اضرب بعصاك الحجر فانفجرت منه اثنتا عشرة عينا كلوا واشربوا من رزق الله ولا تعثوا في الأرض مفسدين""}, {""id"": ""002061"", ""transcript"": ""وإذ قلتم يا موسى لن نصبر على طعام واحد فادع لنا ربك يخرج لنا مما تنبت الأرض من بقلها وقثائها وفومها وعدسها وبصلها قال أتستبدلون الذي هو أدنى بالذي هو خير اهبطوا مصرا فإن لكم ما سألتم وضربت عليهم الذلة والمسكنة وباءوا بغضب من الله ذلك بأنهم كانوا يكفرون بآيات الله ويقتلون النبيين بغير الحق ذلك بما عصوا وكانوا يعتدون""}]","[{""id"": ""002058"", ""type"": ""ayah"", ""ar"": ""وَإِذْ قُلْنَا ادْخُلُوا هَـٰذِهِ الْقَرْيَةَ فَكُلُوا مِنْهَا حَيْثُ شِئْتُمْ رَغَدًا وَادْخُلُوا الْبَابَ سُجَّدًا وَقُولُوا حِطَّةٌ نَّغْفِرْ لَكُمْ خَطَايَاكُمْ ۚ وَسَنَزِيدُ الْمُحْسِنِينَ"", ""clean"": """", ""en"": """"}, {""id"": ""002059"", ""type"": ""ayah"", ""ar"": ""فَبَدَّلَ الَّذِينَ ظَلَمُوا قَوْلًا غَيْرَ الَّذِي قِيلَ لَهُمْ فَأَنزَلْنَا عَلَى الَّذِينَ ظَلَمُوا رِجْزًا مِّنَ السَّمَاءِ بِمَا كَانُوا يَفْسُقُونَ"", ""clean"": """", ""en"": """"}, {""id"": ""002060"", ""type"": ""ayah"", ""ar"": ""۞ وَإِذِ اسْتَسْقَىٰ مُوسَىٰ لِقَوْمِهِ فَقُلْنَا اضْرِب بِّعَصَاكَ الْحَجَرَ ۖ فَانفَجَرَتْ مِنْهُ اثْنَتَا عَشْرَةَ عَيْنًا ۖ قَدْ عَلِمَ كُلُّ أُنَاسٍ مَّشْرَبَهُمْ ۖ كُلُوا وَاشْرَبُوا مِن رِّزْقِ اللَّهِ وَلَا تَعْثَوْا فِي الْأَرْضِ مُفْسِدِينَ"", ""clean"": """", ""en"": """"}, {""id"": ""002061"", ""type"": ""ayah"", ""ar"": ""وَإِذْ قُلْتُمْ يَا مُوسَىٰ لَن نَّصْبِرَ عَلَىٰ طَعَامٍ وَاحِدٍ فَادْعُ لَنَا رَبَّكَ يُخْرِجْ لَنَا مِمَّا تُنبِتُ الْأَرْضُ مِن بَقْلِهَا وَقِثَّائِهَا وَفُومِهَا وَعَدَسِهَا وَبَصَلِهَا ۖ قَالَ أَتَسْتَبْدِلُونَ الَّذِي هُوَ أَدْنَىٰ بِالَّذِي هُوَ خَيْرٌ ۚ اهْبِطُوا مِصْرًا فَإِنَّ لَكُم مَّا سَأَلْتُمْ ۗ وَضُرِبَتْ عَلَيْهِمُ الذِّلَّةُ وَالْمَسْكَنَةُ وَبَاءُوا بِغَضَبٍ مِّنَ اللَّهِ ۗ ذَٰلِكَ بِأَنَّهُمْ كَانُوا يَكْفُرُونَ بِآيَاتِ اللَّهِ وَيَقْتُلُونَ النَّبِيِّينَ بِغَيْرِ الْحَقِّ ۗ ذَٰلِكَ بِمَا عَصَوا وَّكَانُوا يَعْتَدُونَ"", ""clean"": """", ""en"": """"}]"
train-056,أعوذ بالله من الشيطان الرجيم وإذ قلنا دخلوا هذه القرية فكلوا منها حيث شئتم رغدا وادخلوا الباب سجدا وقولوا حطة نغفر لكم خطاياكم وسنزيد المحسنين فبدل الذين ظلموا قولا غير الذي قيل لهم فأنزلنا على الذين ظلموا رجزا من السماء بما كانوا يفسقون وإذ استسقى موسى فقلنا اضرب بعصاك الحجر فانبجست منه اثنتا عشرة عينا كلوا واشربوا من رزق الله ولا تعثوا في الأرض مفسدين وإذ قلتم يا موسى لن نصبر على طعام واحد فادع لنا ربك يخرج لنا مما تنبت الأرض من بقلها وقثائها وفومها وعدسها وبصلها قال أتستبدلون الذي هو أدنى بالذي هو خير اهبطوا مصرا فإن لكم ما سألتمم وضربت عليهم الذلة والمسكنة وباؤوا بغضب من الله ذلك بأنهم كانوا يكفرون بآيات الله ويقتلون النبيين بغير الحق ذلك بما عصوا وكانوا يعتدون,002058-002061,high,"[{""id"": ""002058"", ""transcript"": ""وإذ قلنا دخلوا هذه القرية فكلوا منها حيث شئتم رغدا وادخلوا الباب سجدا وقولوا حطة نغفر لكم خطاياكم وسنزيد المحسنين""}, {""id"": ""002059"", ""transcript"": ""فبدل الذين ظلموا قولا غير الذي قيل لهم فأنزلنا على الذين ظلموا رجزا من السماء بما كانوا يفسقون""}, {""id"": ""002060"", ""transcript"": ""وإذ استسقى موسى فقلنا اضرب بعصاك الحجر فانبجست منه اثنتا عشرة عينا كلوا واشربوا من رزق الله ولا تعثوا في الأرض مفسدين""}, {""id"": ""002061"", ""transcript"": ""وإذ قلتم يا موسى لن نصبر على طعام واحد فادع لنا ربك يخرج لنا مما تنبت الأرض من بقلها وقثائها وفومها وعدسها وبصلها قال أتستبدلون الذي هو أدنى بالذي هو خير اهبطوا مصرا فإن لكم ما سألتمم وضربت عليهم الذلة والمسكنة وباؤوا بغضب من الله ذلك بأنهم كانوا يكفرون بآيات الله ويقتلون النبيين بغير الحق ذلك بما عصوا وكانوا يعتدون""}]","[{""id"": ""002058"", ""type"": ""ayah"", ""ar"": ""وَإِذْ قُلْنَا ادْخُلُوا هَـٰذِهِ الْقَرْيَةَ فَكُلُوا مِنْهَا حَيْثُ شِئْتُمْ رَغَدًا وَادْخُلُوا الْبَابَ سُجَّدًا وَقُولُوا حِطَّةٌ نَّغْفِرْ لَكُمْ خَطَايَاكُمْ ۚ وَسَنَزِيدُ الْمُحْسِنِينَ"", ""clean"": """", ""en"": """"}, {""id"": ""002059"", ""type"": ""ayah"", ""ar"": ""فَبَدَّلَ الَّذِينَ ظَلَمُوا قَوْلًا غَيْرَ الَّذِي قِيلَ لَهُمْ فَأَنزَلْنَا عَلَى الَّذِينَ ظَلَمُوا رِجْزًا مِّنَ السَّمَاءِ بِمَا كَانُوا يَفْسُقُونَ"", ""clean"": """", ""en"": """"}, {""id"": ""002060"", ""type"": ""ayah"", ""ar"": ""۞ وَإِذِ اسْتَسْقَىٰ مُوسَىٰ لِقَوْمِهِ فَقُلْنَا اضْرِب بِّعَصَاكَ الْحَجَرَ ۖ فَانفَجَرَتْ مِنْهُ اثْنَتَا عَشْرَةَ عَيْنًا ۖ قَدْ عَلِمَ كُلُّ أُنَاسٍ مَّشْرَبَهُمْ ۖ كُلُوا وَاشْرَبُوا مِن رِّزْقِ اللَّهِ وَلَا تَعْثَوْا فِي الْأَرْضِ مُفْسِدِينَ"", ""clean"": """", ""en"": """"}, {""id"": ""002061"", ""type"": ""ayah"", ""ar"": ""وَإِذْ قُلْتُمْ يَا مُوسَىٰ لَن نَّصْبِرَ عَلَىٰ طَعَامٍ وَاحِدٍ فَادْعُ لَنَا رَبَّكَ يُخْرِجْ لَنَا مِمَّا تُنبِتُ الْأَرْضُ مِن بَقْلِهَا وَقِثَّائِهَا وَفُومِهَا وَعَدَسِهَا وَبَصَلِهَا ۖ قَالَ أَتَسْتَبْدِلُونَ الَّذِي هُوَ أَدْنَىٰ بِالَّذِي هُوَ خَيْرٌ ۚ اهْبِطُوا مِصْرًا فَإِنَّ لَكُم مَّا سَأَلْتُمْ ۗ وَضُرِبَتْ عَلَيْهِمُ الذِّلَّةُ وَالْمَسْكَنَةُ وَبَاءُوا بِغَضَبٍ مِّنَ اللَّهِ ۗ ذَٰلِكَ بِأَنَّهُمْ كَانُوا يَكْفُرُونَ بِآيَاتِ اللَّهِ وَيَقْتُلُونَ النَّبِيِّينَ بِغَيْرِ الْحَقِّ ۗ ذَٰلِكَ بِمَا عَصَوا وَّكَانُوا يَعْتَدُونَ"", ""clean"": """", ""en"": """"}]"
train-057,أعوذ بالله من الشيطان الرجيم وإذ قلنا دخلوا هذه القرية فكلوا منها حيث شئتم رغدا وادخلوا الباب سجدا وقولوا حطة نغفر لكم خطاياكم وسنزيد المحسنين فبدل الذين ظلموا قولا غير الذي قيل لهم فأنزلنا على الذين ظلموا رجزا من السماء بما كانوا يفسقون وإذ استسقى موسى فقلنا اضرب بعصاك الحجر فانفجرت منه اثنتا عشرة عينا كلوا واشربوا من رزق الله ولا تعثوا في الأرض مفسدين وإذ قلتم يا موسى لن نصبر على طعام واحد فادع لنا ربك يخرج لنا مما تنبت الأرض من بقلها وقثائها وفومها وعدسها وبصلها قال أتستبدلون الذي هو أدنى بالذي هو خير اهبطوا مصرا فإن لكم ما سألتم وضربت عليهم الذلة والمسكنة ووبئوا بغضب من الله ذلك بأنهم كانوا يكفرون بآيات الله ويقتلون النبيين بغير الحق ذلك بما عصوا وكانوا يعتدون,002058-002061,high,"[{""id"": ""002058"", ""transcript"": ""وإذ قلنا دخلوا هذه القرية فكلوا منها حيث شئتم رغدا وادخلوا الباب سجدا وقولوا حطة نغفر لكم خطاياكم وسنزيد المحسنين""}, {""id"": ""002059"", ""transcript"": ""فبدل الذين ظلموا قولا غير الذي قيل لهم فأنزلنا على الذين ظلموا رجزا من السماء بما كانوا يفسقون""}, {""id"": ""002060"", ""transcript"": ""وإذ استسقى موسى فقلنا اضرب بعصاك الحجر فانفجرت منه اثنتا عشرة عينا كلوا واشربوا من رزق الله ولا تعثوا في الأرض مفسدين""}, {""id"": ""002061"", ""transcript"": ""وإذ قلتم يا موسى لن نصبر على طعام واحد فادع لنا ربك يخرج لنا مما تنبت الأرض من بقلها وقثائها وفومها وعدسها وبصلها قال أتستبدلون الذي هو أدنى بالذي هو خير اهبطوا مصرا فإن لكم ما سألتم وضربت عليهم الذلة والمسكنة ووبئوا بغضب من الله ذلك بأنهم كانوا يكفرون بآيات الله ويقتلون النبيين بغير الحق ذلك بما عصوا وكانوا يعتدون""}]","[{""id"": ""002058"", ""type"": ""ayah"", ""ar"": ""وَإِذْ قُلْنَا ادْخُلُوا هَـٰذِهِ الْقَرْيَةَ فَكُلُوا مِنْهَا حَيْثُ شِئْتُمْ رَغَدًا وَادْخُلُوا الْبَابَ سُجَّدًا وَقُولُوا حِطَّةٌ نَّغْفِرْ لَكُمْ خَطَايَاكُمْ ۚ وَسَنَزِيدُ الْمُحْسِنِينَ"", ""clean"": """", ""en"": """"}, {""id"": ""002059"", ""type"": ""ayah"", ""ar"": ""فَبَدَّلَ الَّذِينَ ظَلَمُوا قَوْلًا غَيْرَ الَّذِي قِيلَ لَهُمْ فَأَنزَلْنَا عَلَى الَّذِينَ ظَلَمُوا رِجْزًا مِّنَ السَّمَاءِ بِمَا كَانُوا يَفْسُقُونَ"", ""clean"": """", ""en"": """"}, {""id"": ""002060"", ""type"": ""ayah"", ""ar"": ""۞ وَإِذِ اسْتَسْقَىٰ مُوسَىٰ لِقَوْمِهِ فَقُلْنَا اضْرِب بِّعَصَاكَ الْحَجَرَ ۖ فَانفَجَرَتْ مِنْهُ اثْنَتَا عَشْرَةَ عَيْنًا ۖ قَدْ عَلِمَ كُلُّ أُنَاسٍ مَّشْرَبَهُمْ ۖ كُلُوا وَاشْرَبُوا مِن رِّزْقِ اللَّهِ وَلَا تَعْثَوْا فِي الْأَرْضِ مُفْسِدِينَ"", ""clean"": """", ""en"": """"}, {""id"": ""002061"", ""type"": ""ayah"", ""ar"": ""وَإِذْ قُلْتُمْ يَا مُوسَىٰ لَن نَّصْبِرَ عَلَىٰ طَعَامٍ وَاحِدٍ فَادْعُ لَنَا رَبَّكَ يُخْرِجْ لَنَا مِمَّا تُنبِتُ الْأَرْضُ مِن بَقْلِهَا وَقِثَّائِهَا وَفُومِهَا وَعَدَسِهَا وَبَصَلِهَا ۖ قَالَ أَتَسْتَبْدِلُونَ الَّذِي هُوَ أَدْنَىٰ بِالَّذِي هُوَ خَيْرٌ ۚ اهْبِطُوا مِصْرًا فَإِنَّ لَكُم مَّا سَأَلْتُمْ ۗ وَضُرِبَتْ عَلَيْهِمُ الذِّلَّةُ وَالْمَسْكَنَةُ وَبَاءُوا بِغَضَبٍ مِّنَ اللَّهِ ۗ ذَٰلِكَ بِأَنَّهُمْ كَانُوا يَكْفُرُونَ بِآيَاتِ اللَّهِ وَيَقْتُلُونَ النَّبِيِّينَ بِغَيْرِ الْحَقِّ ۗ ذَٰلِكَ بِمَا عَصَوا وَّكَانُوا يَعْتَدُونَ"", ""clean"": """", ""en"": """"}]"
train-058,أعوذ بالله من الشيطان الرجيم وإذ قلنا ادخلوا هذه القرية فكلوا منها حيث شئتم رغدا وادخلوا الباب سجدا وقولوا حطة نغفر لكم خطاياكم وسنزيد المحسنين فبدل الذين ظلموا قولا غير الذي قيل لهم فأنزلنا على الذين ظلموا رجزا من السماء بما كانوا يفسقون وإذ استسقى موسى فقلنا اضرب بعصاك الحجر فانفجرت منه اثنتا عشرة عينا فكلوا واشربوا من رزق الله ولا تعثوا في الأرض مفسدين وإذ قلتم يا موسى لن نصبر على طعام واحد فادع لنا ربك يخرج لنا مما تنبت الأرض من بقليها وقثائها وفومها وعدسها وبصلها قال أتستبدلون الذي هو أدنى بالذي هو خير اهبطوا مصرا فإن لكم ما سألتم وضربت عليهم الذلة والمسكنة ووبئوا بغضب من الله ذلك بأنهم كانوا يكفرون بآيات الله ويقتلون النبيين بغير الحق ذلك بما عصوا وكانوا يعتدون,002058-002061,high,"[{""id"": ""002058"", ""transcript"": ""وإذ قلنا ادخلوا هذه القرية فكلوا منها حيث شئتم رغدا وادخلوا الباب سجدا وقولوا حطة نغفر لكم خطاياكم وسنزيد المحسنين""}, {""id"": ""002059"", ""transcript"": ""فبدل الذين ظلموا قولا غير الذي قيل لهم فأنزلنا على الذين ظلموا رجزا من السماء بما كانوا يفسقون""}, {""id"": ""002060"", ""transcript"": ""وإذ استسقى موسى فقلنا اضرب بعصاك الحجر فانفجرت منه اثنتا عشرة عينا فكلوا واشربوا من رزق الله ولا تعثوا في الأرض مفسدين""}, {""id"": ""002061"", ""transcript"": ""وإذ قلتم يا موسى لن نصبر على طعام واحد فادع لنا ربك يخرج لنا مما تنبت الأرض من بقليها وقثائها وفومها وعدسها وبصلها قال أتستبدلون الذي هو أدنى بالذي هو خير اهبطوا مصرا فإن لكم ما سألتم وضربت عليهم الذلة والمسكنة ووبئوا بغضب من الله ذلك بأنهم كانوا يكفرون بآيات الله ويقتلون النبيين بغير الحق ذلك بما عصوا وكانوا يعتدون""}]","[{""id"": ""002058"", ""type"": ""ayah"", ""ar"": ""وَإِذْ قُلْنَا ادْخُلُوا هَـٰذِهِ الْقَرْيَةَ فَكُلُوا مِنْهَا حَيْثُ شِئْتُمْ رَغَدًا وَادْخُلُوا الْبَابَ سُجَّدًا وَقُولُوا حِطَّةٌ نَّغْفِرْ لَكُمْ خَطَايَاكُمْ ۚ وَسَنَزِيدُ الْمُحْسِنِينَ"", ""clean"": """", ""en"": """"}, {""id"": ""002059"", ""type"": ""ayah"", ""ar"": ""فَبَدَّلَ الَّذِينَ ظَلَمُوا قَوْلًا غَيْرَ الَّذِي قِيلَ لَهُمْ فَأَنزَلْنَا عَلَى الَّذِينَ ظَلَمُوا رِجْزًا مِّنَ السَّمَاءِ بِمَا كَانُوا يَفْسُقُونَ"", ""clean"": """", ""en"": """"}, {""id"": ""002060"", ""type"": ""ayah"", ""ar"": ""۞ وَإِذِ اسْتَسْقَىٰ مُوسَىٰ لِقَوْمِهِ فَقُلْنَا اضْرِب بِّعَصَاكَ الْحَجَرَ ۖ فَانفَجَرَتْ مِنْهُ اثْنَتَا عَشْرَةَ عَيْنًا ۖ قَدْ عَلِمَ كُلُّ أُنَاسٍ مَّشْرَبَهُمْ ۖ كُلُوا وَاشْرَبُوا مِن رِّزْقِ اللَّهِ وَلَا تَعْثَوْا فِي الْأَرْضِ مُفْسِدِينَ"", ""clean"": """", ""en"": """"}, {""id"": ""002061"", ""type"": ""ayah"", ""ar"": ""وَإِذْ قُلْتُمْ يَا مُوسَىٰ لَن نَّصْبِرَ عَلَىٰ طَعَامٍ وَاحِدٍ فَادْعُ لَنَا رَبَّكَ يُخْرِجْ لَنَا مِمَّا تُنبِتُ الْأَرْضُ مِن بَقْلِهَا وَقِثَّائِهَا وَفُومِهَا وَعَدَسِهَا وَبَصَلِهَا ۖ قَالَ أَتَسْتَبْدِلُونَ الَّذِي هُوَ أَدْنَىٰ بِالَّذِي هُوَ خَيْرٌ ۚ اهْبِطُوا مِصْرًا فَإِنَّ لَكُم مَّا سَأَلْتُمْ ۗ وَضُرِبَتْ عَلَيْهِمُ الذِّلَّةُ وَالْمَسْكَنَةُ وَبَاءُوا بِغَضَبٍ مِّنَ اللَّهِ ۗ ذَٰلِكَ بِأَنَّهُمْ كَانُوا يَكْفُرُونَ بِآيَاتِ اللَّهِ وَيَقْتُلُونَ النَّبِيِّينَ بِغَيْرِ الْحَقِّ ۗ ذَٰلِكَ بِمَا عَصَوا وَّكَانُوا يَعْتَدُونَ"", ""clean"": """", ""en"": """"}]"
train-059,اعوذ بالله من الشيطان الرجيم بسم الله الرحمن الرحيم يا أيها النبي يا أيها النبي إذا طلقتم النساء فطلقوهن لعدتهن وأحصوا العدة واتقوا الله ربكم لا تخرجوهن من بيوتهن ولا يخرجن إلا أن يأتين بفاحشة مبينة وتلك حدود الله ومن يتعد حدود الله فقد ظلم نفسه لا تدري لعل الله يحدث بعد ذلك أمرا,065001,high,"[{""id"": ""065001"", ""transcript"": ""يا أيها النبي يا أيها النبي إذا طلقتم النساء فطلقوهن لعدتهن وأحصوا العدة واتقوا الله ربكم لا تخرجوهن من بيوتهن ولا يخرجن إلا أن يأتين بفاحشة مبينة وتلك حدود الله ومن يتعد حدود الله فقد ظلم نفسه لا تدري لعل الله يحدث بعد ذلك أمرا""}]","[{""id"": ""065001"", ""type"": ""ayah"", ""ar"": ""يَا أَيُّهَا النَّبِيُّ إِذَا طَلَّقْتُمُ النِّسَاءَ فَطَلِّقُوهُنَّ لِعِدَّتِهِنَّ وَأَحْصُوا الْعِدَّةَ ۖ وَاتَّقُوا اللَّهَ رَبَّكُمْ ۖ لَا تُخْرِجُوهُنَّ مِن بُيُوتِهِنَّ وَلَا يَخْرُجْنَ إِلَّا أَن يَأْتِينَ بِفَاحِشَةٍ مُّبَيِّنَةٍ ۚ وَتِلْكَ حُدُودُ اللَّهِ ۚ وَمَن يَتَعَدَّ حُدُودَ اللَّهِ فَقَدْ ظَلَمَ نَفْسَهُ ۚ لَا تَدْرِي لَعَلَّ اللَّهَ يُحْدِثُ بَعْدَ ذَٰلِكَ أَمْرًا"", ""clean"": """", ""en"": """"}]"
train-060,أعوذ بالله من الشيطان الرجيم بسم الله الرحمن الرحيم يا أيها الذين إذا طلقتم النساء فطلقوهن لعدتهن وأحصوا العدة واتقوا الله ربكم,065001,high,"[{""id"": ""065001"", ""transcript"": ""يا أيها الذين إذا طلقتم النساء فطلقوهن لعدتهن وأحصوا العدة واتقوا الله ربكم""}]","[{""id"": ""065001"", ""type"": ""ayah"", ""ar"": ""يَا أَيُّهَا النَّبِيُّ إِذَا طَلَّقْتُمُ النِّسَاءَ فَطَلِّقُوهُنَّ لِعِدَّتِهِنَّ وَأَحْصُوا الْعِدَّةَ ۖ وَاتَّقُوا اللَّهَ رَبَّكُمْ ۖ لَا تُخْرِجُوهُنَّ مِن بُيُوتِهِنَّ وَلَا يَخْرُجْنَ إِلَّا أَن يَأْتِينَ بِفَاحِشَةٍ مُّبَيِّنَةٍ ۚ وَتِلْكَ حُدُودُ اللَّهِ ۚ وَمَن يَتَعَدَّ حُدُودَ اللَّهِ فَقَدْ ظَلَمَ نَفْسَهُ ۚ لَا تَدْرِي لَعَلَّ اللَّهَ يُحْدِثُ بَعْدَ ذَٰلِكَ أَمْرًا"", ""clean"": """", ""en"": """"}]"
train-061,يا بني إسرائيل اذكروا نعمتي التي أنعمت عليكم وأني فضلتكم على العالمين,002047,high,"[{""id"": ""002047"", ""transcript"": ""يا بني إسرائيل اذكروا نعمتي التي أنعمت عليكم وأني فضلتكم على العالمين""}]","[{""id"": ""002047"", ""type"": ""ayah"", ""ar"": ""يَا بَنِي إِسْرَائِيلَ اذْكُرُوا نِعْمَتِيَ الَّتِي أَنْعَمْتُ عَلَيْكُمْ وَأَنِّي فَضَّلْتُكُمْ عَلَى الْعَالَمِينَ"", ""clean"": """", ""en"": """"}]"
train-062,أعوذ بالله من الشيطان الرجيم بسم الله الرحمن الرحيم وإذ دخلوا القرية فكلوا منها حيث شئتم رغدا وادخلوا الباب سجدا وقولوا حطة نغفر لكم خطاياكم وسنزيد المحسنين فبدل الذين ظلموا قولا غير الذي قيل لهم فأنزلنا على الذين ظلموا رجزا من السماء بما كانوا يفسقون وإذ استسقى موسى لقومه فقلنا اضرب بعصاك الحجر فانفجرت منه اثنتا عشرة عينا قد علم كل أناس مشربهم كلوا واشربوا من رزق الله ولا تعثوا في الأرض مفسدين وإذ قلتم يا موسى لن نصبر على طعام واحد فادع لنا ربك يخرج لنا مما تنبت الأرض من بقلها وقثائها وفومها وعدسها وبصلها قال أتستبدلون الذي هو أدنى بالذي هو خير اهبطوا مصرا فإن لكم ما سألتمم وضربت عليهم الذلة والمسكنة وباؤوا بغضب من الله ذلك بأنهم كفروا بآيات الله وقتلوا النبيين بغير الحق ذلك بما عصوا وكانوا يعتدون,002058-002061,high,"[{""id"": ""002058"", ""transcript"": ""وإذ دخلوا القرية فكلوا منها حيث شئتم رغدا وادخلوا الباب سجدا وقولوا حطة نغفر لكم خطاياكم وسنزيد المحسنين""}, {""id"": ""002059"", ""transcript"": ""فبدل الذين ظلموا قولا غير الذي قيل لهم فأنزلنا على الذين ظلموا رجزا من السماء بما كانوا يفسقون""}, {""id"": ""002060"", ""transcript"": ""وإذ استسقى موسى لقومه فقلنا اضرب بعصاك الحجر فانفجرت منه اثنتا عشرة عينا قد علم كل أناس مشربهم كلوا واشربوا من رزق الله ولا تعثوا في الأرض مفسدين""}, {""id"": ""002061"", ""transcript"": ""وإذ قلتم يا موسى لن نصبر على طعام واحد فادع لنا ربك يخرج لنا مما تنبت الأرض من بقلها وقثائها وفومها وعدسها وبصلها قال أتستبدلون الذي هو أدنى بالذي هو خير اهبطوا مصرا فإن لكم ما سألتمم وضربت عليهم الذلة والمسكنة وباؤوا بغضب من الله ذلك بأنهم كفروا بآيات الله وقتلوا النبيين بغير الحق ذلك بما عصوا وكانوا يعتدون""}]","[{""id"": ""002058"", ""type"": ""ayah"", ""ar"": ""وَإِذْ قُلْنَا ادْخُلُوا هَـٰذِهِ الْقَرْيَةَ فَكُلُوا مِنْهَا حَيْثُ شِئْتُمْ رَغَدًا وَادْخُلُوا الْبَابَ سُجَّدًا وَقُولُوا حِطَّةٌ نَّغْفِرْ لَكُمْ خَطَايَاكُمْ ۚ وَسَنَزِيدُ الْمُحْسِنِينَ"", ""clean"": """", ""en"": """"}, {""id"": ""002059"", ""type"": ""ayah"", ""ar"": ""فَبَدَّلَ الَّذِينَ ظَلَمُوا قَوْلًا غَيْرَ الَّذِي قِيلَ لَهُمْ فَأَنزَلْنَا عَلَى الَّذِينَ ظَلَمُوا رِجْزًا مِّنَ السَّمَاءِ بِمَا كَانُوا يَفْسُقُونَ"", ""clean"": """", ""en"": """"}, {""id"": ""002060"", ""type"": ""ayah"", ""ar"": ""۞ وَإِذِ اسْتَسْقَىٰ مُوسَىٰ لِقَوْمِهِ فَقُلْنَا اضْرِب بِّعَصَاكَ الْحَجَرَ ۖ فَانفَجَرَتْ مِنْهُ اثْنَتَا عَشْرَةَ عَيْنًا ۖ قَدْ عَلِمَ كُلُّ أُنَاسٍ مَّشْرَبَهُمْ ۖ كُلُوا وَاشْرَبُوا مِن رِّزْقِ اللَّهِ وَلَا تَعْثَوْا فِي الْأَرْضِ مُفْسِدِينَ"", ""clean"": """", ""en"": """"}, {""id"": ""002061"", ""type"": ""ayah"", ""ar"": ""وَإِذْ قُلْتُمْ يَا مُوسَىٰ لَن نَّصْبِرَ عَلَىٰ طَعَامٍ وَاحِدٍ فَادْعُ لَنَا رَبَّكَ يُخْرِجْ لَنَا مِمَّا تُنبِتُ الْأَرْضُ مِن بَقْلِهَا وَقِثَّائِهَا وَفُومِهَا وَعَدَسِهَا وَبَصَلِهَا ۖ قَالَ أَتَسْتَبْدِلُونَ الَّذِي هُوَ أَدْنَىٰ بِالَّذِي هُوَ خَيْرٌ ۚ اهْبِطُوا مِصْرًا فَإِنَّ لَكُم مَّا سَأَلْتُمْ ۗ وَضُرِبَتْ عَلَيْهِمُ الذِّلَّةُ وَالْمَسْكَنَةُ وَبَاءُوا بِغَضَبٍ مِّنَ اللَّهِ ۗ ذَٰلِكَ بِأَنَّهُمْ كَانُوا يَكْفُرُونَ بِآيَاتِ اللَّهِ وَيَقْتُلُونَ النَّبِيِّينَ بِغَيْرِ الْحَقِّ ۗ ذَٰلِكَ بِمَا عَصَوا وَّكَانُوا يَعْتَدُونَ"", ""clean"": """", ""en"": """"}]"
train-063,أعوذ بالله من الشيطان الرجيم بسم الله الرحمن الرحيم وإذ قلتم يا موسى لن نصبر على طعام واحد فادع لنا ربك يخرج لنا مما تنبت الأرض من بقلها وقثائها وفومها وعدسها وبصلها قال أتستبدلون الذي هو أدنى بالذي هو خير اهبطوا مصرا فإن لكم ما سألتمم وضربت عليهم الذلة والمسكنة وباؤوا بغضب من الله ذلك بأنهم كانوا يكفرون بآيات الله ويقتلون النبيين بغير الحق ذلك بما عصوا وكانوا يعتدون,002061,high,"[{""id"": ""002061"", ""transcript"": ""وإذ قلتم يا موسى لن نصبر على طعام واحد فادع لنا ربك يخرج لنا مما تنبت الأرض من بقلها وقثائها وفومها وعدسها وبصلها قال أتستبدلون الذي هو أدنى بالذي هو خير اهبطوا مصرا فإن لكم ما سألتمم وضربت عليهم الذلة والمسكنة وباؤوا بغضب من الله ذلك بأنهم كانوا يكفرون بآيات الله ويقتلون النبيين بغير الحق ذلك بما عصوا وكانوا يعتدون""}]","[{""id"": ""002061"", ""type"": ""ayah"", ""ar"": ""وَإِذْ قُلْتُمْ يَا مُوسَىٰ لَن نَّصْبِرَ عَلَىٰ طَعَامٍ وَاحِدٍ فَادْعُ لَنَا رَبَّكَ يُخْرِجْ لَنَا مِمَّا تُنبِتُ الْأَرْضُ مِن بَقْلِهَا وَقِثَّائِهَا وَفُومِهَا وَعَدَسِهَا وَبَصَلِهَا ۖ قَالَ أَتَسْتَبْدِلُونَ الَّذِي هُوَ أَدْنَىٰ بِالَّذِي هُوَ خَيْرٌ ۚ اهْبِطُوا مِصْرًا فَإِنَّ لَكُم مَّا سَأَلْتُمْ ۗ وَضُرِبَتْ عَلَيْهِمُ الذِّلَّةُ وَالْمَسْكَنَةُ وَبَاءُوا بِغَضَبٍ مِّنَ اللَّهِ ۗ ذَٰلِكَ بِأَنَّهُمْ كَانُوا يَكْفُرُونَ بِآيَاتِ اللَّهِ وَيَقْتُلُونَ النَّبِيِّينَ بِغَيْرِ الْحَقِّ ۗ ذَٰلِكَ بِمَا عَصَوا وَّكَانُوا يَعْتَدُونَ"", ""clean"": """", ""en"": """"}]"
train-064,أعوذ بالله من الشيطان الرجيم بسم الله الرحمن الرحيم وإذ قلتم يا موسى لن نصبر على طعام واحد فادع لنا ربك يخرج لنا مما تنبت الأرض من بقلها وقثائها وفومها وعدسها وبصلها قال أتستبدلون الذي هو أدنى بالذي هو خير اهبطوا مصرا فإن لكم ما سألتم وضربت عليهم الذلة والمسكنة وباءوا بغضب من الله ذلك بأنهم كانوا يكفرون بآيات الله ويقتلون النبيين بغير الحق ذلك بما عصوا وكانوا يعتدون,002061,high,"[{""id"": ""002061"", ""transcript"": ""وإذ قلتم يا موسى لن نصبر على طعام واحد فادع لنا ربك يخرج لنا مما تنبت الأرض من بقلها وقثائها وفومها وعدسها وبصلها قال أتستبدلون الذي هو أدنى بالذي هو خير اهبطوا مصرا فإن لكم ما سألتم وضربت عليهم الذلة والمسكنة وباءوا بغضب من الله ذلك بأنهم كانوا يكفرون بآيات الله ويقتلون النبيين بغير الحق ذلك بما عصوا وكانوا يعتدون""}]","[{""id"": ""002061"", ""type"": ""ayah"", ""ar"": ""وَإِذْ قُلْتُمْ يَا مُوسَىٰ لَن نَّصْبِرَ عَلَىٰ طَعَامٍ وَاحِدٍ فَادْعُ لَنَا رَبَّكَ يُخْرِجْ لَنَا مِمَّا تُنبِتُ الْأَرْضُ مِن بَقْلِهَا وَقِثَّائِهَا وَفُومِهَا وَعَدَسِهَا وَبَصَلِهَا ۖ قَالَ أَتَسْتَبْدِلُونَ الَّذِي هُوَ أَدْنَىٰ بِالَّذِي هُوَ خَيْرٌ ۚ اهْبِطُوا مِصْرًا فَإِنَّ لَكُم مَّا سَأَلْتُمْ ۗ وَضُرِبَتْ عَلَيْهِمُ الذِّلَّةُ وَالْمَسْكَنَةُ وَبَاءُوا بِغَضَبٍ مِّنَ اللَّهِ ۗ ذَٰلِكَ بِأَنَّهُمْ كَانُوا يَكْفُرُونَ بِآيَاتِ اللَّهِ وَيَقْتُلُونَ النَّبِيِّينَ بِغَيْرِ الْحَقِّ ۗ ذَٰلِكَ بِمَا عَصَوا وَّكَانُوا يَعْتَدُونَ"", ""clean"": """", ""en"": """"}]"
train-065,وحيثما كنتم فولوا وجوهكم شطره وإن الذين أوتوا الكتاب ليعلمون أنه الحق من ربهم وما الله بغافل عما يعملون ولئن أتيت الذين أوتوا الكتاب بكل آية ما تبعوا قبلتك وما أنت بتابع قبلتهم وما بعضهم بتابع قبلة بعض ولئن اتبعت أهواءهم من بعد ما جاءك من العلم ما لك من الله من ولي ولا نصير ولئن أتيت ولئن اتبعت أهواءهم اتبعت أهواءهم من بعد ما جاءك من العلم إنك إذن لمن الظالمين,002144-002145,high,"[{""id"": ""002144"", ""transcript"": ""وحيثما كنتم فولوا وجوهكم شطره وإن الذين أوتوا الكتاب ليعلمون أنه الحق من ربهم وما الله بغافل عما يعملون""}, {""id"": ""002145"", ""transcript"": ""ولئن أتيت الذين أوتوا الكتاب بكل آية ما تبعوا قبلتك وما أنت بتابع قبلتهم وما بعضهم بتابع قبلة بعض ولئن اتبعت أهواءهم من بعد ما جاءك من العلم ما لك من الله من ولي ولا نصير ولئن أتيت ولئن اتبعت أهواءهم اتبعت أهواءهم من بعد ما جاءك من العلم إنك إذن لمن الظالمين""}]","[{""id"": ""002144"", ""type"": ""ayah"", ""ar"": ""قَدْ نَرَىٰ تَقَلُّبَ وَجْهِكَ فِي السَّمَاءِ ۖ فَلَنُوَلِّيَنَّكَ قِبْلَةً تَرْضَاهَا ۚ فَوَلِّ وَجْهَكَ شَطْرَ الْمَسْجِدِ الْحَرَامِ ۚ وَحَيْثُ مَا كُنتُمْ فَوَلُّوا وُجُوهَكُمْ شَطْرَهُ ۗ وَإِنَّ الَّذِينَ أُوتُوا الْكِتَابَ لَيَعْلَمُونَ أَنَّهُ الْحَقُّ مِن رَّبِّهِمْ ۗ وَمَا اللَّهُ بِغَافِلٍ عَمَّا يَعْمَلُونَ"", ""clean"": """", ""en"": """"}, {""id"": ""002145"", ""type"": ""ayah"", ""ar"": ""وَلَئِنْ أَتَيْتَ الَّذِينَ أُوتُوا الْكِتَابَ بِكُلِّ آيَةٍ مَّا تَبِعُوا قِبْلَتَكَ ۚ وَمَا أَنتَ بِتَابِعٍ قِبْلَتَهُمْ ۚ وَمَا بَعْضُهُم بِتَابِعٍ قِبْلَةَ بَعْضٍ ۚ وَلَئِنِ اتَّبَعْتَ أَهْوَاءَهُم مِّن بَعْدِ مَا جَاءَكَ مِنَ الْعِلْمِ ۙ إِنَّكَ إِذًا لَّمِنَ الظَّالِمِينَ"", ""clean"": """", ""en"": """"}]"
train-066,أعوذ بالله من الشيطان الرجيم ولقد نرى تقلب وجهك في السماء فلنولينك قبلة ترضاها فول وجهك شطر المسجد الحرام وحيث ما كنتم فولوا وجوهكم شطره وحيثما كنتم فولوا وجوهكم شطره وإن الذين أوتوا الكتاب ليعلمون أنه الحق من ربهم وما الله بغافل عما يعملون ولئن أتيت الذين أوتوا الكتاب بكل آية ما تبعوا قبلتك وما أنت بتابع قبلتهم وما بعضهم بتابع قبلة بعض ولئن اتبعت أهواءهم من بعد ما جاءك من العلم ما لك من الله من ولي ولا نصير مالك ولئن أتيت ولئن اتبعت أهواءهم اتبعت أهواءهم من بعد ما جاءك من العلم إنك إذن لمن الظالمين,002144-002145,high,"[{""id"": ""002144"", ""transcript"": ""ولقد نرى تقلب وجهك في السماء فلنولينك قبلة ترضاها فول وجهك شطر المسجد الحرام وحيث ما كنتم فولوا وجوهكم شطره وحيثما كنتم فولوا وجوهكم شطره وإن الذين أوتوا الكتاب ليعلمون أنه الحق من ربهم وما الله بغافل عما يعملون""}, {""id"": ""002145"", ""transcript"": ""ولئن أتيت الذين أوتوا الكتاب بكل آية ما تبعوا قبلتك وما أنت بتابع قبلتهم وما بعضهم بتابع قبلة بعض ولئن اتبعت أهواءهم من بعد ما جاءك من العلم ما لك من الله من ولي ولا نصير مالك ولئن أتيت ولئن اتبعت أهواءهم اتبعت أهواءهم من بعد ما جاءك من العلم إنك إذن لمن الظالمين""}]","[{""id"": ""002144"", ""type"": ""ayah"", ""ar"": ""قَدْ نَرَىٰ تَقَلُّبَ وَجْهِكَ فِي السَّمَاءِ ۖ فَلَنُوَلِّيَنَّكَ قِبْلَةً تَرْضَاهَا ۚ فَوَلِّ وَجْهَكَ شَطْرَ الْمَسْجِدِ الْحَرَامِ ۚ وَحَيْثُ مَا كُنتُمْ فَوَلُّوا وُجُوهَكُمْ شَطْرَهُ ۗ وَإِنَّ الَّذِينَ أُوتُوا الْكِتَابَ لَيَعْلَمُونَ أَنَّهُ الْحَقُّ مِن رَّبِّهِمْ ۗ وَمَا اللَّهُ بِغَافِلٍ عَمَّا يَعْمَلُونَ"", ""clean"": """", ""en"": """"}, {""id"": ""002145"", ""type"": ""ayah"", ""ar"": ""وَلَئِنْ أَتَيْتَ الَّذِينَ أُوتُوا الْكِتَابَ بِكُلِّ آيَةٍ مَّا تَبِعُوا قِبْلَتَكَ ۚ وَمَا أَنتَ بِتَابِعٍ قِبْلَتَهُمْ ۚ وَمَا بَعْضُهُم بِتَابِعٍ قِبْلَةَ بَعْضٍ ۚ وَلَئِنِ اتَّبَعْتَ أَهْوَاءَهُم مِّن بَعْدِ مَا جَاءَكَ مِنَ الْعِلْمِ ۙ إِنَّكَ إِذًا لَّمِنَ الظَّالِمِينَ"", ""clean"": """", ""en"": """"}]"
train-067,أعوذ بالله من الشيطان الرجيم ولقد نرى تقلب وجهك في السماء فلنولينك قبلة ترضاها فولي وجهك شطر المسجد الحرام وحيثما كنتم فولوا وجوهكم شطره ليأل وحيثما كنتم فولوا وجوهكم شطره وإن الذين أوتوا الكتاب ليعلمون أنه الحق من ربهم وما الله بغافل عما يعملون ولئن أتيت الذين أوتوا الكتاب بكل آية ما تبعوا قبلتك وما أنت بتابع قبلتهم وما بعضهم بتابع قبلة بعض ولئن اتبعت أهواءهم من بعد ما جاءك من العلم ما لك من الله من ولي ولا نصير اتبعت أهواءهم من بعد ما جاءك من العلم إنك إذا لمن الظالمين,002144-002145,high,"[{""id"": ""002144"", ""transcript"": ""ولقد نرى تقلب وجهك في السماء فلنولينك قبلة ترضاها فولي وجهك شطر المسجد الحرام وحيثما كنتم فولوا وجوهكم شطره ليأل وحيثما كنتم فولوا وجوهكم شطره وإن الذين أوتوا الكتاب ليعلمون أنه الحق من ربهم وما الله بغافل عما يعملون""}, {""id"": ""002145"", ""transcript"": ""ولئن أتيت الذين أوتوا الكتاب بكل آية ما تبعوا قبلتك وما أنت بتابع قبلتهم وما بعضهم بتابع قبلة بعض ولئن اتبعت أهواءهم من بعد ما جاءك من العلم ما لك من الله من ولي ولا نصير اتبعت أهواءهم من بعد ما جاءك من العلم إنك إذا لمن الظالمين""}]","[{""id"": ""002144"", ""type"": ""ayah"", ""ar"": ""قَدْ نَرَىٰ تَقَلُّبَ وَجْهِكَ فِي السَّمَاءِ ۖ فَلَنُوَلِّيَنَّكَ قِبْلَةً تَرْضَاهَا ۚ فَوَلِّ وَجْهَكَ شَطْرَ الْمَسْجِدِ الْحَرَامِ ۚ وَحَيْثُ مَا كُنتُمْ فَوَلُّوا وُجُوهَكُمْ شَطْرَهُ ۗ وَإِنَّ الَّذِينَ أُوتُوا الْكِتَابَ لَيَعْلَمُونَ أَنَّهُ الْحَقُّ مِن رَّبِّهِمْ ۗ وَمَا اللَّهُ بِغَافِلٍ عَمَّا يَعْمَلُونَ"", ""clean"": """", ""en"": """"}, {""id"": ""002145"", ""type"": ""ayah"", ""ar"": ""وَلَئِنْ أَتَيْتَ الَّذِينَ أُوتُوا الْكِتَابَ بِكُلِّ آيَةٍ مَّا تَبِعُوا قِبْلَتَكَ ۚ وَمَا أَنتَ بِتَابِعٍ قِبْلَتَهُمْ ۚ وَمَا بَعْضُهُم بِتَابِعٍ قِبْلَةَ بَعْضٍ ۚ وَلَئِنِ اتَّبَعْتَ أَهْوَاءَهُم مِّن بَعْدِ مَا جَاءَكَ مِنَ الْعِلْمِ ۙ إِنَّكَ إِذًا لَّمِنَ الظَّالِمِينَ"", ""clean"": """", ""en"": """"}]"
train-068,أعوذ بالله من الشيطان الرجيم ولقد نرى تقلب وجهك في السماء فلنولينك قبلة ترضاها فولي وجهك شطر المسجد الحرام وحيث ما كنتم فولوا وجوهكم شطره لعل وحيث ما كنتم فولوا وجوهكم شطره وإن الذين أوتوا الكتاب ليعلمون أنه الحق من ربهم وما الله بغافل عما يعملون ولئن أتيت الذين أوتوا الكتاب بكل آية ما تبعوا قبلتك وما أنت بتابع قبلتهم وما بعضهم بتابع قبلة بعض ولئن اتبعت أهواءهم من بعد ما جاءك من العلم ما لك من الله من ولي ولا نصير ولئن أتيت ولئن اتبعت أهواءهم اتبعت أهواءهم من بعد ما جاءك من العلم إنك إذا لمن الظالمين,002144-002145,high,"[{""id"": ""002144"", ""transcript"": ""ولقد نرى تقلب وجهك في السماء فلنولينك قبلة ترضاها فولي وجهك شطر المسجد الحرام وحيث ما كنتم فولوا وجوهكم شطره لعل وحيث ما كنتم فولوا وجوهكم شطره وإن الذين أوتوا الكتاب ليعلمون أنه الحق من ربهم وما الله بغافل عما يعملون""}, {""id"": ""002145"", ""transcript"": ""ولئن أتيت الذين أوتوا الكتاب بكل آية ما تبعوا قبلتك وما أنت بتابع قبلتهم وما بعضهم بتابع قبلة بعض ولئن اتبعت أهواءهم من بعد ما جاءك من العلم ما لك من الله من ولي ولا نصير ولئن أتيت ولئن اتبعت أهواءهم اتبعت أهواءهم من بعد ما جاءك من العلم إنك إذا لمن الظالمين""}]","[{""id"": ""002144"", ""type"": ""ayah"", ""ar"": ""قَدْ نَرَىٰ تَقَلُّبَ وَجْهِكَ فِي السَّمَاءِ ۖ فَلَنُوَلِّيَنَّكَ قِبْلَةً تَرْضَاهَا ۚ فَوَلِّ وَجْهَكَ شَطْرَ الْمَسْجِدِ الْحَرَامِ ۚ وَحَيْثُ مَا كُنتُمْ فَوَلُّوا وُجُوهَكُمْ شَطْرَهُ ۗ وَإِنَّ الَّذِينَ أُوتُوا الْكِتَابَ لَيَعْلَمُونَ أَنَّهُ الْحَقُّ مِن رَّبِّهِمْ ۗ وَمَا اللَّهُ بِغَافِلٍ عَمَّا يَعْمَلُونَ"", ""clean"": """", ""en"": """"}, {""id"": ""002145"", ""type"": ""ayah"", ""ar"": ""وَلَئِنْ أَتَيْتَ الَّذِينَ أُوتُوا الْكِتَابَ بِكُلِّ آيَةٍ مَّا تَبِعُوا قِبْلَتَكَ ۚ وَمَا أَنتَ بِتَابِعٍ قِبْلَتَهُمْ ۚ وَمَا بَعْضُهُم بِتَابِعٍ قِبْلَةَ بَعْضٍ ۚ وَلَئِنِ اتَّبَعْتَ أَهْوَاءَهُم مِّن بَعْدِ مَا جَاءَكَ مِنَ الْعِلْمِ ۙ إِنَّكَ إِذًا لَّمِنَ الظَّالِمِينَ"", ""clean"": """", ""en"": """"}]"
train-069,أعوذ بالله من الشيطان الرجيم بسم الله الرحمن الرحيم فهل ترى لهم من باقية وجاء فرعون ومن قبله والمؤتفكات بالخاطئة فعصوا رسول ربهم فأخذهم أخذة رابية إنalamma طغى الماء وحملناكم في الجارية لنجعلها لكم تذكرة وتعيها أذن واعية فإذا نفخ في الصور نفخة واحدة وحملت الأرض والجبال فدكتا دكة واحدة فيومئذ وقعت الواقعة وانشقت السماء فهي يومئذ واهية والملك على أرجائها ويحمل عرش ربك فوقهم يومئذ ثمانية يومئذ تعرضون لا تخفى منكم خافية,069008-069018,high,"[{""id"": ""069008"", ""transcript"": ""فهل ترى لهم من باقية""}, {""id"": ""069009"", ""transcript"": ""وجاء فرعون ومن قبله والمؤتفكات بالخاطئة""}, {""id"": ""069010"", ""transcript"": ""فعصوا رسول ربهم فأخذهم أخذة رابية""}, {""id"": ""069011"", ""transcript"": ""إنalamma طغى الماء وحملناكم في الجارية""}, {""id"": ""069012"", ""transcript"": ""لنجعلها لكم تذكرة وتعيها أذن واعية""}, {""id"": ""069013"", ""transcript"": ""فإذا نفخ في الصور نفخة واحدة""}, {""id"": ""069014"", ""transcript"": ""وحملت الأرض والجبال فدكتا دكة واحدة""}, {""id"": ""069015"", ""transcript"": ""فيومئذ وقعت الواقعة""}, {""id"": ""069016"", ""transcript"": ""وانشقت السماء فهي يومئذ واهية""}, {""id"": ""069017"", ""transcript"": ""والملك على أرجائها ويحمل عرش ربك فوقهم يومئذ ثمانية""}, {""id"": ""069018"", ""transcript"": ""يومئذ تعرضون لا تخفى منكم خافية""}]","[{""id"": ""069008"", ""type"": ""ayah"", ""ar"": ""فَهَلْ تَرَىٰ لَهُم مِّن بَاقِيَةٍ"", ""clean"": """", ""en"": """"}, {""id"": ""069009"", ""type"": ""ayah"", ""ar"": ""وَجَاءَ فِرْعَوْنُ وَمَن قَبْلَهُ وَالْمُؤْتَفِكَاتُ بِالْخَاطِئَةِ"", ""clean"": """", ""en"": """"}, {""id"": ""069010"", ""type"": ""ayah"", ""ar"": ""فَعَصَوْا رَسُولَ رَبِّهِمْ فَأَخَذَهُمْ أَخْذَةً رَّابِيَةً"", ""clean"": """", ""en"": """"}, {""id"": ""069011"", ""type"": ""ayah"", ""ar"": ""إِنَّا لَمَّا طَغَى الْمَاءُ حَمَلْنَاكُمْ فِي الْجَارِيَةِ"", ""clean"": """", ""en"": """"}, {""id"": ""069012"", ""type"": ""ayah"", ""ar"": ""لِنَجْعَلَهَا لَكُمْ تَذْكِرَةً وَتَعِيَهَا أُذُنٌ وَاعِيَةٌ"", ""clean"": """", ""en"": """"}, {""id"": ""069013"", ""type"": ""ayah"", ""ar"": ""فَإِذَا نُفِخَ فِي الصُّورِ نَفْخَةٌ وَاحِدَةٌ"", ""clean"": """", ""en"": """"}, {""id"": ""069014"", ""type"": ""ayah"", ""ar"": ""وَحُمِلَتِ الْأَرْضُ وَالْجِبَالُ فَدُكَّتَا دَكَّةً وَاحِدَةً"", ""clean"": """", ""en"": """"}, {""id"": ""069015"", ""type"": ""ayah"", ""ar"": ""فَيَوْمَئِذٍ وَقَعَتِ الْوَاقِعَةُ"", ""clean"": """", ""en"": """"}, {""id"": ""069016"", ""type"": ""ayah"", ""ar"": ""وَانشَقَّتِ السَّمَاءُ فَهِيَ يَوْمَئِذٍ وَاهِيَةٌ"", ""clean"": """", ""en"": """"}, {""id"": ""069017"", ""type"": ""ayah"", ""ar"": ""وَالْمَلَكُ عَلَىٰ أَرْجَائِهَا ۚ وَيَحْمِلُ عَرْشَ رَبِّكَ فَوْقَهُمْ يَوْمَئِذٍ ثَمَانِيَةٌ"", ""clean"": """", ""en"": """"}, {""id"": ""069018"", ""type"": ""ayah"", ""ar"": ""يَوْمَئِذٍ تُعْرَضُونَ لَا تَخْفَىٰ مِنكُمْ خَافِيَةٌ"", ""clean"": """", ""en"": """"}]"
train-070,أعوذ بالله من الشيطان الرجيم بسم الله الرحمن الرحيم هل ترون لكم من باقية وجاء فرعون ومن قبله والمؤتفكات بالخاطئة فعصوا رسول ربهم فأخذهم أخذة رابية إنا لما طغ الماء حملناكم في الجارية لنجعلها لكم تذكرة وتعيها أذن واعية فإذا نفخ في الصور نفخة واحدة وحملت الأرض والجبال فدكتا دكة واحدة فيومئذ وقعت الواقعة وانشقت السماء فهي يومئذ واهية والملك على أرجائها ويحمل عرش ربك فوقهم يومئذ ثمانية يومئذ تعرضون لا تخفى منكم خافية,069008-069018,high,"[{""id"": ""069008"", ""transcript"": ""هل ترون لكم من باقية""}, {""id"": ""069009"", ""transcript"": ""وجاء فرعون ومن قبله والمؤتفكات بالخاطئة""}, {""id"": ""069010"", ""transcript"": ""فعصوا رسول ربهم فأخذهم أخذة رابية""}, {""id"": ""069011"", ""transcript"": ""إنا لما طغ الماء حملناكم في الجارية""}, {""id"": ""069012"", ""transcript"": ""لنجعلها لكم تذكرة وتعيها أذن واعية""}, {""id"": ""069013"", ""transcript"": ""فإذا نفخ في الصور نفخة واحدة""}, {""id"": ""069014"", ""transcript"": ""وحملت الأرض والجبال فدكتا دكة واحدة""}, {""id"": ""069015"", ""transcript"": ""فيومئذ وقعت الواقعة""}, {""id"": ""069016"", ""transcript"": ""وانشقت السماء فهي يومئذ واهية""}, {""id"": ""069017"", ""transcript"": ""والملك على أرجائها ويحمل عرش ربك فوقهم يومئذ ثمانية""}, {""id"": ""069018"", ""transcript"": ""يومئذ تعرضون لا تخفى منكم خافية""}]","[{""id"": ""069008"", ""type"": ""ayah"", ""ar"": ""فَهَلْ تَرَىٰ لَهُم مِّن بَاقِيَةٍ"", ""clean"": """", ""en"": """"}, {""id"": ""069009"", ""type"": ""ayah"", ""ar"": ""وَجَاءَ فِرْعَوْنُ وَمَن قَبْلَهُ وَالْمُؤْتَفِكَاتُ بِالْخَاطِئَةِ"", ""clean"": """", ""en"": """"}, {""id"": ""069010"", ""type"": ""ayah"", ""ar"": ""فَعَصَوْا رَسُولَ رَبِّهِمْ فَأَخَذَهُمْ أَخْذَةً رَّابِيَةً"", ""clean"": """", ""en"": """"}, {""id"": ""069011"", ""type"": ""ayah"", ""ar"": ""إِنَّا لَمَّا طَغَى الْمَاءُ حَمَلْنَاكُمْ فِي الْجَارِيَةِ"", ""clean"": """", ""en"": """"}, {""id"": ""069012"", ""type"": ""ayah"", ""ar"": ""لِنَجْعَلَهَا لَكُمْ تَذْكِرَةً وَتَعِيَهَا أُذُنٌ وَاعِيَةٌ"", ""clean"": """", ""en"": """"}, {""id"": ""069013"", ""type"": ""ayah"", ""ar"": ""فَإِذَا نُفِخَ فِي الصُّورِ نَفْخَةٌ وَاحِدَةٌ"", ""clean"": """", ""en"": """"}, {""id"": ""069014"", ""type"": ""ayah"", ""ar"": ""وَحُمِلَتِ الْأَرْضُ وَالْجِبَالُ فَدُكَّتَا دَكَّةً وَاحِدَةً"", ""clean"": """", ""en"": """"}, {""id"": ""069015"", ""type"": ""ayah"", ""ar"": ""فَيَوْمَئِذٍ وَقَعَتِ الْوَاقِعَةُ"", ""clean"": """", ""en"": """"}, {""id"": ""069016"", ""type"": ""ayah"", ""ar"": ""وَانشَقَّتِ السَّمَاءُ فَهِيَ يَوْمَئِذٍ وَاهِيَةٌ"", ""clean"": """", ""en"": """"}, {""id"": ""069017"", ""type"": ""ayah"", ""ar"": ""وَالْمَلَكُ عَلَىٰ أَرْجَائِهَا ۚ وَيَحْمِلُ عَرْشَ رَبِّكَ فَوْقَهُمْ يَوْمَئِذٍ ثَمَانِيَةٌ"", ""clean"": """", ""en"": """"}, {""id"": ""069018"", ""type"": ""ayah"", ""ar"": ""يَوْمَئِذٍ تُعْرَضُونَ لَا تَخْفَىٰ مِنكُمْ خَافِيَةٌ"", ""clean"": """", ""en"": """"}]"
train-071,أعوذ بالله من الشيطان الرجيم بسم الله الرحمن الرحيم هل ترون لكم من باقية وجاء فرعون ومن قبله والمؤتفكات بالخاطئة فعصوا رسول ربهم فأخذهم أخذة رابية إن علم ما طغى وحملناكم في الجارية لنجعلها لكم تذكرة وتعيها أذن واعية فإذا نفخ في الصور نفخة واحدة وحملت الأرض والجبال فدكتا دكة واحدة فيومئذ وقعت الواقعة انشقت السماء فهي يومئذ واهية والملك على أرجائها ويحمل عرش ربك فوقهم يومئذ ثمانية يومئذ تعرضون لا تخفى منكم خافية,069008-069018,high,"[{""id"": ""069008"", ""transcript"": ""هل ترون لكم من باقية""}, {""id"": ""069009"", ""transcript"": ""وجاء فرعون ومن قبله والمؤتفكات بالخاطئة""}, {""id"": ""069010"", ""transcript"": ""فعصوا رسول ربهم فأخذهم أخذة رابية""}, {""id"": ""069011"", ""transcript"": ""إن علم ما طغى وحملناكم في الجارية""}, {""id"": ""069012"", ""transcript"": ""لنجعلها لكم تذكرة وتعيها أذن واعية""}, {""id"": ""069013"", ""transcript"": ""فإذا نفخ في الصور نفخة واحدة""}, {""id"": ""069014"", ""transcript"": ""وحملت الأرض والجبال فدكتا دكة واحدة""}, {""id"": ""069015"", ""transcript"": ""فيومئذ وقعت الواقعة""}, {""id"": ""069016"", ""transcript"": ""انشقت السماء فهي يومئذ واهية""}, {""id"": ""069017"", ""transcript"": ""والملك على أرجائها ويحمل عرش ربك فوقهم يومئذ ثمانية""}, {""id"": ""069018"", ""transcript"": ""يومئذ تعرضون لا تخفى منكم خافية""}]","[{""id"": ""069008"", ""type"": ""ayah"", ""ar"": ""فَهَلْ تَرَىٰ لَهُم مِّن بَاقِيَةٍ"", ""clean"": """", ""en"": """"}, {""id"": ""069009"", ""type"": ""ayah"", ""ar"": ""وَجَاءَ فِرْعَوْنُ وَمَن قَبْلَهُ وَالْمُؤْتَفِكَاتُ بِالْخَاطِئَةِ"", ""clean"": """", ""en"": """"}, {""id"": ""069010"", ""type"": ""ayah"", ""ar"": ""فَعَصَوْا رَسُولَ رَبِّهِمْ فَأَخَذَهُمْ أَخْذَةً رَّابِيَةً"", ""clean"": """", ""en"": """"}, {""id"": ""069011"", ""type"": ""ayah"", ""ar"": ""إِنَّا لَمَّا طَغَى الْمَاءُ حَمَلْنَاكُمْ فِي الْجَارِيَةِ"", ""clean"": """", ""en"": """"}, {""id"": ""069012"", ""type"": ""ayah"", ""ar"": ""لِنَجْعَلَهَا لَكُمْ تَذْكِرَةً وَتَعِيَهَا أُذُنٌ وَاعِيَةٌ"", ""clean"": """", ""en"": """"}, {""id"": ""069013"", ""type"": ""ayah"", ""ar"": ""فَإِذَا نُفِخَ فِي الصُّورِ نَفْخَةٌ وَاحِدَةٌ"", ""clean"": """", ""en"": """"}, {""id"": ""069014"", ""type"": ""ayah"", ""ar"": ""وَحُمِلَتِ الْأَرْضُ وَالْجِبَالُ فَدُكَّتَا دَكَّةً وَاحِدَةً"", ""clean"": """", ""en"": """"}, {""id"": ""069015"", ""type"": ""ayah"", ""ar"": ""فَيَوْمَئِذٍ وَقَعَتِ الْوَاقِعَةُ"", ""clean"": """", ""en"": """"}, {""id"": ""069016"", ""type"": ""ayah"", ""ar"": ""وَانشَقَّتِ السَّمَاءُ فَهِيَ يَوْمَئِذٍ وَاهِيَةٌ"", ""clean"": """", ""en"": """"}, {""id"": ""069017"", ""type"": ""ayah"", ""ar"": ""وَالْمَلَكُ عَلَىٰ أَرْجَائِهَا ۚ وَيَحْمِلُ عَرْشَ رَبِّكَ فَوْقَهُمْ يَوْمَئِذٍ ثَمَانِيَةٌ"", ""clean"": """", ""en"": """"}, {""id"": ""069018"", ""type"": ""ayah"", ""ar"": ""يَوْمَئِذٍ تُعْرَضُونَ لَا تَخْفَىٰ مِنكُمْ خَافِيَةٌ"", ""clean"": """", ""en"": """"}]"
train-072,إن ربك يعلم أنك تقوم أدنى من ثلثي الليل ونصفه وثلثه وطائفة من الذين معك والله يقدر الليل والنهار علم أن سيكون منكم مرضى وآخرون يضربون في الأرض يبتغون من فضل الله وآخرون يقاتلون في سبيل الله فاقرؤوا ما تيسر منه وأقيموا الصلاة وآتوا الزكاة واقرضوا الله قرضا حسنا وما تقدموا لأنفسكم من خير تجدوه عند الله هو خيرا وأعظم أجرا واستغفروا الله إن الله غفور رحيم,073020,high,"[{""id"": ""073020"", ""transcript"": ""إن ربك يعلم أنك تقوم أدنى من ثلثي الليل ونصفه وثلثه وطائفة من الذين معك والله يقدر الليل والنهار علم أن سيكون منكم مرضى وآخرون يضربون في الأرض يبتغون من فضل الله وآخرون يقاتلون في سبيل الله فاقرؤوا ما تيسر منه وأقيموا الصلاة وآتوا الزكاة واقرضوا الله قرضا حسنا وما تقدموا لأنفسكم من خير تجدوه عند الله هو خيرا وأعظم أجرا واستغفروا الله إن الله غفور رحيم""}]","[{""id"": ""073020"", ""type"": ""ayah"", ""ar"": ""۞ إِنَّ رَبَّكَ يَعْلَمُ أَنَّكَ تَقُومُ أَدْنَىٰ مِن ثُلُثَيِ اللَّيْلِ وَنِصْفَهُ وَثُلُثَهُ وَطَائِفَةٌ مِّنَ الَّذِينَ مَعَكَ ۚ وَاللَّهُ يُقَدِّرُ اللَّيْلَ وَالنَّهَارَ ۚ عَلِمَ أَن لَّن تُحْصُوهُ فَتَابَ عَلَيْكُمْ ۖ فَاقْرَءُوا مَا تَيَسَّرَ مِنَ الْقُرْآنِ ۚ عَلِمَ أَن سَيَكُونُ مِنكُم مَّرْضَىٰ ۙ وَآخَرُونَ يَضْرِبُونَ فِي الْأَرْضِ يَبْتَغُونَ مِن فَضْلِ اللَّهِ ۙ وَآخَرُونَ يُقَاتِلُونَ فِي سَبِيلِ اللَّهِ ۖ فَاقْرَءُوا مَا تَيَسَّرَ مِنْهُ ۚ وَأَقِيمُوا الصَّلَاةَ وَآتُوا الزَّكَاةَ وَأَقْرِضُوا اللَّهَ قَرْضًا حَسَنًا ۚ وَمَا تُقَدِّمُوا لِأَنفُسِكُم مِّنْ خَيْرٍ تَجِدُوهُ عِندَ اللَّهِ هُوَ خَيْرًا وَأَعْظَمَ أَجْرًا ۚ وَاسْتَغْفِرُوا اللَّهَ ۖ إِنَّ اللَّهَ غَفُورٌ رَّحِيمٌ"", ""clean"": """", ""en"": """"}]"
train-073,إن ربك يعلم أنك تقوم أدنى من ثلثي الليل ونصفه وثلثه وطائفة من الذين معك والله يقدر الليل والنهار علم أن لن تحصوه فتاب عليكم فاقرؤوا ما تيسر من القرآن علم أن سيكون منكم مرضى وآخرون يضربون في الأرض يبتغون من فضل الله وآخرون يقاتلون في سبيل الله فاقرؤوا ما تيسر منه وأقيموا الصلاة وآتوا الزكاة وأقرضوا الله قرضا حسنا وما تقدموا لأنفسكم من خير تجدوه عند الله هو خيرا وأعظم أجرا واستغفروا الله إن الله غفور رحيم,073020,high,"[{""id"": ""073020"", ""transcript"": ""إن ربك يعلم أنك تقوم أدنى من ثلثي الليل ونصفه وثلثه وطائفة من الذين معك والله يقدر الليل والنهار علم أن لن تحصوه فتاب عليكم فاقرؤوا ما تيسر من القرآن علم أن سيكون منكم مرضى وآخرون يضربون في الأرض يبتغون من فضل الله وآخرون يقاتلون في سبيل الله فاقرؤوا ما تيسر منه وأقيموا الصلاة وآتوا الزكاة وأقرضوا الله قرضا حسنا وما تقدموا لأنفسكم من خير تجدوه عند الله هو خيرا وأعظم أجرا واستغفروا الله إن الله غفور رحيم""}]","[{""id"": ""073020"", ""type"": ""ayah"", ""ar"": ""۞ إِنَّ رَبَّكَ يَعْلَمُ أَنَّكَ تَقُومُ أَدْنَىٰ مِن ثُلُثَيِ اللَّيْلِ وَنِصْفَهُ وَثُلُثَهُ وَطَائِفَةٌ مِّنَ الَّذِينَ مَعَكَ ۚ وَاللَّهُ يُقَدِّرُ اللَّيْلَ وَالنَّهَارَ ۚ عَلِمَ أَن لَّن تُحْصُوهُ فَتَابَ عَلَيْكُمْ ۖ فَاقْرَءُوا مَا تَيَسَّرَ مِنَ الْقُرْآنِ ۚ عَلِمَ أَن سَيَكُونُ مِنكُم مَّرْضَىٰ ۙ وَآخَرُونَ يَضْرِبُونَ فِي الْأَرْضِ يَبْتَغُونَ مِن فَضْلِ اللَّهِ ۙ وَآخَرُونَ يُقَاتِلُونَ فِي سَبِيلِ اللَّهِ ۖ فَاقْرَءُوا مَا تَيَسَّرَ مِنْهُ ۚ وَأَقِيمُوا الصَّلَاةَ وَآتُوا الزَّكَاةَ وَأَقْرِضُوا اللَّهَ قَرْضًا حَسَنًا ۚ وَمَا تُقَدِّمُوا لِأَنفُسِكُم مِّنْ خَيْرٍ تَجِدُوهُ عِندَ اللَّهِ هُوَ خَيْرًا وَأَعْظَمَ أَجْرًا ۚ وَاسْتَغْفِرُوا اللَّهَ ۖ إِنَّ اللَّهَ غَفُورٌ رَّحِيمٌ"", ""clean"": """", ""en"": """"}]"
train-074,أعوذ بالله من الشيطان الرجيم بسم الله الرحمن الرحيم قل أوحي إلي أنه استمع نفر من الجن فقالوا إننا سمعنا قرآنا عجبا يهدي إلى الرشد فآمنا به ولن نشرك بربنا أحدا وإنه تعالى جد ربنا ما اتخذ صاحبة ولا ولدا,072001-072003,high,"[{""id"": ""072001"", ""transcript"": ""قل أوحي إلي أنه استمع نفر من الجن فقالوا إننا سمعنا قرآنا عجبا""}, {""id"": ""072002"", ""transcript"": ""يهدي إلى الرشد فآمنا به ولن نشرك بربنا أحدا""}, {""id"": ""072003"", ""transcript"": ""وإنه تعالى جد ربنا ما اتخذ صاحبة ولا ولدا""}]","[{""id"": ""072001"", ""type"": ""ayah"", ""ar"": ""قُلْ أُوحِيَ إِلَيَّ أَنَّهُ اسْتَمَعَ نَفَرٌ مِّنَ الْجِنِّ فَقَالُوا إِنَّا سَمِعْنَا قُرْآنًا عَجَبًا"", ""clean"": """", ""en"": """"}, {""id"": ""072002"", ""type"": ""ayah"", ""ar"": ""يَهْدِي إِلَى الرُّشْدِ فَآمَنَّا بِهِ ۖ وَلَن نُّشْرِكَ بِرَبِّنَا أَحَدًا"", ""clean"": """", ""en"": """"}, {""id"": ""072003"", ""type"": ""ayah"", ""ar"": ""وَأَنَّهُ تَعَالَىٰ جَدُّ رَبِّنَا مَا اتَّخَذَ صَاحِبَةً وَلَا وَلَدًا"", ""clean"": """", ""en"": """"}]"
train-075,أعوذ بالله من الشيطان الرجيم وإنه كان يقول سفيهنا على الله شططا وإنا ظننا أن لن تقول الإنس والجن على الله كذبا,072004-072005,high,"[{""id"": ""072004"", ""transcript"": ""وإنه كان يقول سفيهنا على الله شططا""}, {""id"": ""072005"", ""transcript"": ""وإنا ظننا أن لن تقول الإنس والجن على الله كذبا""}]","[{""id"": ""072004"", ""type"": ""ayah"", ""ar"": ""وَأَنَّهُ كَانَ يَقُولُ سَفِيهُنَا عَلَى اللَّهِ شَطَطًا"", ""clean"": """", ""en"": """"}, {""id"": ""072005"", ""type"": ""ayah"", ""ar"": ""وَأَنَّا ظَنَنَّا أَن لَّن تَقُولَ الْإِنسُ وَالْجِنُّ عَلَى اللَّهِ كَذِبًا"", ""clean"": """", ""en"": """"}]"
train-076,الله لا إله إلا هو الحي القيوم لا تأخذه سنة ولا نوم له ما في السماوات وما في الأرض من ذا الذي يشفع عنده إلا بإذنه يعلم ما بين أيديهم وما خلفهم ولا يحيطون بشيء من علمه إلا بما شاء وسع كرسيه السماوات والأرض ولا يود حفظهما وهو العلي العظيم,002255,high,"[{""id"": ""002255"", ""transcript"": ""الله لا إله إلا هو الحي القيوم لا تأخذه سنة ولا نوم له ما في السماوات وما في الأرض من ذا الذي يشفع عنده إلا بإذنه يعلم ما بين أيديهم وما خلفهم ولا يحيطون بشيء من علمه إلا بما شاء وسع كرسيه السماوات والأرض ولا يود حفظهما وهو العلي العظيم""}]","[{""id"": ""002255"", ""type"": ""ayah"", ""ar"": ""اللَّهُ لَا إِلَـٰهَ إِلَّا هُوَ الْحَيُّ الْقَيُّومُ ۚ لَا تَأْخُذُهُ سِنَةٌ وَلَا نَوْمٌ ۚ لَّهُ مَا فِي السَّمَاوَاتِ وَمَا فِي الْأَرْضِ ۗ مَن ذَا الَّذِي يَشْفَعُ عِندَهُ إِلَّا بِإِذْنِهِ ۚ يَعْلَمُ مَا بَيْنَ أَيْدِيهِمْ وَمَا خَلْفَهُمْ ۖ وَلَا يُحِيطُونَ بِشَيْءٍ مِّنْ عِلْمِهِ إِلَّا بِمَا شَاءَ ۚ وَسِعَ كُرْسِيُّهُ السَّمَاوَاتِ وَالْأَرْضَ ۖ وَلَا يَئُودُهُ حِفْظُهُمَا ۚ وَهُوَ الْعَلِيُّ الْعَظِيمُ"", ""clean"": """", ""en"": """"}]"
train-077,أعوذ بالله من الشيطان الرجيم بسم الله الرحمن الرحيم الحمد لله رب العالمين الرحمن الرحيم مالك يوم الدين إياك نعبد وإياك نستعين اهدنا الصراط المستقيم صراط الذين أنعمت عليهم غير المغضوب عليهم ولا الضالين,001001-001007,high,"[{""id"": ""001001"", ""transcript"": ""بسم الله الرحمن الرحيم""}, {""id"": ""001002"", ""transcript"": ""الحمد لله رب العالمين""}, {""id"": ""001003"", ""transcript"": ""الرحمن الرحيم""}, {""id"": ""001004"", ""transcript"": ""مالك يوم الدين""}, {""id"": ""001005"", ""transcript"": ""إياك نعبد وإياك نستعين""}, {""id"": ""001006"", ""transcript"": ""اهدنا الصراط المستقيم""}, {""id"": ""001007"", ""transcript"": ""صراط الذين أنعمت عليهم غير المغضوب عليهم ولا الضالين""}]","[{""id"": ""001001"", ""type"": ""ayah"", ""ar"": ""بِسْمِ اللَّهِ الرَّحْمَـٰنِ الرَّحِيمِ"", ""clean"": """", ""en"": ""Bismillaahir-Raĥmaanir-Raĥeem.""}, {""id"": ""001002"", ""type"": ""ayah"", ""ar"": ""الْحَمْدُ لِلَّهِ رَبِّ الْعَالَمِينَ"", ""clean"": """", ""en"": ""Alĥamdu lillaahi rabbil-عaalameen!""}, {""id"": ""001003"", ""type"": ""ayah"", ""ar"": ""الرَّحْمَـٰنِ الرَّحِيمِ"", ""clean"": """", ""en"": ""Ar-Raĥmaanir-Raĥeem.""}, {""id"": ""001004"", ""type"": ""ayah"", ""ar"": ""مَالِكِ يَوْمِ الدِّينِ"", ""clean"": """", ""en"": ""Maaliki yawmid-deen.""}, {""id"": ""001005"", ""type"": ""ayah"", ""ar"": ""إِيَّاكَ نَعْبُدُ وَإِيَّاكَ نَسْتَعِينُ"", ""clean"": """", ""en"": ""Iyyaaka naعbudu wa iyyaaka nastaعeen.""}, {""id"": ""001006"", ""type"": ""ayah"", ""ar"": ""اهْدِنَا الصِّرَاطَ الْمُسْتَقِيمَ"", ""clean"": """", ""en"": ""Ihdinaṣ-ṣiraatal-mustaqeem.""}, {""id"": ""001007"", ""type"": ""ayah"", ""ar"": ""صِرَاطَ الَّذِينَ أَنْعَمْتَ عَلَيْهِمْ غَيْرِ الْمَغْضُوبِ عَلَيْهِمْ وَلَا الضَّالِّينَ"", ""clean"": """", ""en"": ""Ṣiraatal-ladheena anعamta عalaihim, ghairil-magh-ḍoobi عalaihim wa laḍ-ḍaaaalleen.""}]"
train-078,أعوذ بالله من الشيطان الرجيم بسم الله الرحمن الرحيم يا أيها المزمل قم الليل إلا قليلا نصفه أو انقص منه قليلا أو زد عليه ورتل القرآن ترتيلا إننا سنلقي عليك قولا ثقيلا إن ناشئة الليل هي أشد وطئا وأقوى قيلا إن لك في النهار سبحا طويلا واذكر اسم ربك وتبتل إليه تبتيلا رب المشرق والمغرب لا إله إلا هو فاتخذه وكيلا واصبر على ما يقولون واهجرهم هجرا جميلا وذرني والمكذبين أولي النعمة ومهلهم قليلا إن لدينا أنكالا وجحيما وطعاما ذا صلصة وعذابا أليما يوم ترجف الأرض والجبال وكانت الجبال كثيبا مهيلا إنا أرسلنا إليكم رسولا شاهدا عليكم كما أرسلنا إلى فرعون رسولا فعصى فرعون الرسول فأخذناه أخذا وبيلا فكيف تتقون إن كفرتم يوما يجعل الولدان شيبا السماء منفطر به كان وعده مفعولا إن هذه تذكرة فمن شاء اتخذ إلى ربه سبيلا,073001-073019,high,"[{""id"": ""073001"", ""transcript"": ""يا أيها المزمل""}, {""id"": ""073002"", ""transcript"": ""قم الليل إلا قليلا""}, {""id"": ""073003"", ""transcript"": ""نصفه أو انقص منه قليلا""}, {""id"": ""073004"", ""transcript"": ""أو زد عليه ورتل القرآن ترتيلا""}, {""id"": ""073005"", ""transcript"": ""إننا سنلقي عليك قولا ثقيلا""}, {""id"": ""073006"", ""transcript"": ""إن ناشئة الليل هي أشد وطئا وأقوى قيلا""}, {""id"": ""073007"", ""transcript"": ""إن لك في النهار سبحا طويلا""}, {""id"": ""073008"", ""transcript"": ""واذكر اسم ربك وتبتل إليه تبتيلا""}, {""id"": ""073009"", ""transcript"": ""رب المشرق والمغرب لا إله إلا هو فاتخذه وكيلا""}, {""id"": ""073010"", ""transcript"": ""واصبر على ما يقولون واهجرهم هجرا جميلا""}, {""id"": ""073011"", ""transcript"": ""وذرني والمكذبين أولي النعمة ومهلهم قليلا""}, {""id"": ""073012"", ""transcript"": ""إن لدينا أنكالا وجحيما""}, {""id"": ""073013"", ""transcript"": ""وطعاما ذا صلصة وعذابا أليما""}, {""id"": ""073014"", ""transcript"": ""يوم ترجف الأرض والجبال وكانت الجبال كثيبا مهيلا""}, {""id"": ""073015"", ""transcript"": ""إنا أرسلنا إليكم رسولا شاهدا عليكم كما أرسلنا إلى فرعون رسولا""}, {""id"": ""073016"", ""transcript"": ""فعصى فرعون الرسول فأخذناه أخذا وبيلا""}, {""id"": ""073017"", ""transcript"": ""فكيف تتقون إن كفرتم يوما يجعل الولدان شيبا""}, {""id"": ""073018"", ""transcript"": ""السماء منفطر به كان وعده مفعولا""}, {""id"": ""073019"", ""transcript"": ""إن هذه تذكرة فمن شاء اتخذ إلى ربه سبيلا""}]","[{""id"": ""073001"", ""type"": ""ayah"", ""ar"": ""يَا أَيُّهَا الْمُزَّمِّلُ"", ""clean"": """", ""en"": """"}, {""id"": ""073002"", ""type"": ""ayah"", ""ar"": ""قُمِ اللَّيْلَ إِلَّا قَلِيلًا"", ""clean"": """", ""en"": """"}, {""id"": ""073003"", ""type"": ""ayah"", ""ar"": ""نِّصْفَهُ أَوِ انقُصْ مِنْهُ قَلِيلًا"", ""clean"": """", ""en"": """"}, {""id"": ""073004"", ""type"": ""ayah"", ""ar"": ""أَوْ زِدْ عَلَيْهِ وَرَتِّلِ الْقُرْآنَ تَرْتِيلًا"", ""clean"": """", ""en"": """"}, {""id"": ""073005"", ""type"": ""ayah"", ""ar"": ""إِنَّا سَنُلْقِي عَلَيْكَ قَوْلًا ثَقِيلًا"", ""clean"": """", ""en"": """"}, {""id"": ""073006"", ""type"": ""ayah"", ""ar"": ""إِنَّ نَاشِئَةَ اللَّيْلِ هِيَ أَشَدُّ وَطْئًا وَأَقْوَمُ قِيلًا"", ""clean"": """", ""en"": """"}, {""id"": ""073007"", ""type"": ""ayah"", ""ar"": ""إِنَّ لَكَ فِي النَّهَارِ سَبْحًا طَوِيلًا"", ""clean"": """", ""en"": """"}, {""id"": ""073008"", ""type"": ""ayah"", ""ar"": ""وَاذْكُرِ اسْمَ رَبِّكَ وَتَبَتَّلْ إِلَيْهِ تَبْتِيلًا"", ""clean"": """", ""en"": """"}, {""id"": ""073009"", ""type"": ""ayah"", ""ar"": ""رَّبُّ الْمَشْرِقِ وَالْمَغْرِبِ لَا إِلَـٰهَ إِلَّا هُوَ فَاتَّخِذْهُ وَكِيلًا"", ""clean"": """", ""en"": """"}, {""id"": ""073010"", ""type"": ""ayah"", ""ar"": ""وَاصْبِرْ عَلَىٰ مَا يَقُولُونَ وَاهْجُرْهُمْ هَجْرًا جَمِيلًا"", ""clean"": """", ""en"": """"}, {""id"": ""073011"", ""type"": ""ayah"", ""ar"": ""وَذَرْنِي وَالْمُكَذِّبِينَ أُولِي النَّعْمَةِ وَمَهِّلْهُمْ قَلِيلًا"", ""clean"": """", ""en"": """"}, {""id"": ""073012"", ""type"": ""ayah"", ""ar"": ""إِنَّ لَدَيْنَا أَنكَالًا وَجَحِيمًا"", ""clean"": """", ""en"": """"}, {""id"": ""073013"", ""type"": ""ayah"", ""ar"": ""وَطَعَامًا ذَا غُصَّةٍ وَعَذَابًا أَلِيمًا"", ""clean"": """", ""en"": """"}, {""id"": ""073014"", ""type"": ""ayah"", ""ar"": ""يَوْمَ تَرْجُفُ الْأَرْضُ وَالْجِبَالُ وَكَانَتِ الْجِبَالُ كَثِيبًا مَّهِيلًا"", ""clean"": """", ""en"": """"}, {""id"": ""073015"", ""type"": ""ayah"", ""ar"": ""إِنَّا أَرْسَلْنَا إِلَيْكُمْ رَسُولًا شَاهِدًا عَلَيْكُمْ كَمَا أَرْسَلْنَا إِلَىٰ فِرْعَوْنَ رَسُولًا"", ""clean"": """", ""en"": """"}, {""id"": ""073016"", ""type"": ""ayah"", ""ar"": ""فَعَصَىٰ فِرْعَوْنُ الرَّسُولَ فَأَخَذْنَاهُ أَخْذًا وَبِيلًا"", ""clean"": """", ""en"": """"}, {""id"": ""073017"", ""type"": ""ayah"", ""ar"": ""فَكَيْفَ تَتَّقُونَ إِن كَفَرْتُمْ يَوْمًا يَجْعَلُ الْوِلْدَانَ شِيبًا"", ""clean"": """", ""en"": """"}, {""id"": ""073018"", ""type"": ""ayah"", ""ar"": ""السَّمَاءُ مُنفَطِرٌ بِهِ ۚ كَانَ وَعْدُهُ مَفْعُولًا"", ""clean"": """", ""en"": """"}, {""id"": ""073019"", ""type"": ""ayah"", ""ar"": ""إِنَّ هَـٰذِهِ تَذْكِرَةٌ ۖ فَمَن شَاءَ اتَّخَذَ إِلَىٰ رَبِّهِ سَبِيلًا"", ""clean"": """", ""en"": """"}]"
train-079,أعوذ بالله من الشيطان الرجيم بسم الله الرحمن الرحيم يا أيها المزمل قم الليل إلا قليلا نصفه أو انقص منه قليلا أو زد عليه ورتل القرآن ترتيلا إنا سنلقي عليك قولا ثقيلا إن ناشئة الليل هي أشد وطأ وأقوم قيلا إن لك في النهار سبحا طويلا واذكر اسم ربك وتبتل إليه تبتيلا رب المشرق والمغرب لا إله إلا هو فاتخذه وكيلا واصبر على ما يقولون واهجرهم هجرا جميلا وذرني والمكذبين أولي النعمة ومهلهم قليلا إن لدينا أنكالا وجحيما وطعاما ذا غصة وعذابا أليما يوم ترجف الأرض والجبال وكانت الجبال كثيبا مهيلا إنا أرسلنا إليكم رسولا شاهدا عليكم كما أرسلنا إلى فرعون رسولا فعصى فرعون الرسول فأخذناه أخذا وبيلا فكيف تتقون إن كفرتم يوما يجعل الولدان شيبا السماء منفطر به كان وعده مفعولا إن هذه تذكرة فمن شاء اتخذ إلى ربه سبيلا,073001-073019,high,"[{""id"": ""073001"", ""transcript"": ""يا أيها المزمل""}, {""id"": ""073002"", ""transcript"": ""قم الليل إلا قليلا""}, {""id"": ""073003"", ""transcript"": ""نصفه أو انقص منه قليلا""}, {""id"": ""073004"", ""transcript"": ""أو زد عليه ورتل القرآن ترتيلا""}, {""id"": ""073005"", ""transcript"": ""إنا سنلقي عليك قولا ثقيلا""}, {""id"": ""073006"", ""transcript"": ""إن ناشئة الليل هي أشد وطأ وأقوم قيلا""}, {""id"": ""073007"", ""transcript"": ""إن لك في النهار سبحا طويلا""}, {""id"": ""073008"", ""transcript"": ""واذكر اسم ربك وتبتل إليه تبتيلا""}, {""id"": ""073009"", ""transcript"": ""رب المشرق والمغرب لا إله إلا هو فاتخذه وكيلا""}, {""id"": ""073010"", ""transcript"": ""واصبر على ما يقولون واهجرهم هجرا جميلا""}, {""id"": ""073011"", ""transcript"": ""وذرني والمكذبين أولي النعمة ومهلهم قليلا""}, {""id"": ""073012"", ""transcript"": ""إن لدينا أنكالا وجحيما""}, {""id"": ""073013"", ""transcript"": ""وطعاما ذا غصة وعذابا أليما""}, {""id"": ""073014"", ""transcript"": ""يوم ترجف الأرض والجبال وكانت الجبال كثيبا مهيلا""}, {""id"": ""073015"", ""transcript"": ""إنا أرسلنا إليكم رسولا شاهدا عليكم كما أرسلنا إلى فرعون رسولا""}, {""id"": ""073016"", ""transcript"": ""فعصى فرعون الرسول فأخذناه أخذا وبيلا""}, {""id"": ""073017"", ""transcript"": ""فكيف تتقون إن كفرتم يوما يجعل الولدان شيبا""}, {""id"": ""073018"", ""transcript"": ""السماء منفطر به كان وعده مفعولا""}, {""id"": ""073019"", ""transcript"": ""إن هذه تذكرة فمن شاء اتخذ إلى ربه سبيلا""}]","[{""id"": ""073001"", ""type"": ""ayah"", ""ar"": ""يَا أَيُّهَا الْمُزَّمِّلُ"", ""clean"": """", ""en"": """"}, {""id"": ""073002"", ""type"": ""ayah"", ""ar"": ""قُمِ اللَّيْلَ إِلَّا قَلِيلًا"", ""clean"": """", ""en"": """"}, {""id"": ""073003"", ""type"": ""ayah"", ""ar"": ""نِّصْفَهُ أَوِ انقُصْ مِنْهُ قَلِيلًا"", ""clean"": """", ""en"": """"}, {""id"": ""073004"", ""type"": ""ayah"", ""ar"": ""أَوْ زِدْ عَلَيْهِ وَرَتِّلِ الْقُرْآنَ تَرْتِيلًا"", ""clean"": """", ""en"": """"}, {""id"": ""073005"", ""type"": ""ayah"", ""ar"": ""إِنَّا سَنُلْقِي عَلَيْكَ قَوْلًا ثَقِيلًا"", ""clean"": """", ""en"": """"}, {""id"": ""073006"", ""type"": ""ayah"", ""ar"": ""إِنَّ نَاشِئَةَ اللَّيْلِ هِيَ أَشَدُّ وَطْئًا وَأَقْوَمُ قِيلًا"", ""clean"": """", ""en"": """"}, {""id"": ""073007"", ""type"": ""ayah"", ""ar"": ""إِنَّ لَكَ فِي النَّهَارِ سَبْحًا طَوِيلًا"", ""clean"": """", ""en"": """"}, {""id"": ""073008"", ""type"": ""ayah"", ""ar"": ""وَاذْكُرِ اسْمَ رَبِّكَ وَتَبَتَّلْ إِلَيْهِ تَبْتِيلًا"", ""clean"": """", ""en"": """"}, {""id"": ""073009"", ""type"": ""ayah"", ""ar"": ""رَّبُّ الْمَشْرِقِ وَالْمَغْرِبِ لَا إِلَـٰهَ إِلَّا هُوَ فَاتَّخِذْهُ وَكِيلًا"", ""clean"": """", ""en"": """"}, {""id"": ""073010"", ""type"": ""ayah"", ""ar"": ""وَاصْبِرْ عَلَىٰ مَا يَقُولُونَ وَاهْجُرْهُمْ هَجْرًا جَمِيلًا"", ""clean"": """", ""en"": """"}, {""id"": ""073011"", ""type"": ""ayah"", ""ar"": ""وَذَرْنِي وَالْمُكَذِّبِينَ أُولِي النَّعْمَةِ وَمَهِّلْهُمْ قَلِيلًا"", ""clean"": """", ""en"": """"}, {""id"": ""073012"", ""type"": ""ayah"", ""ar"": ""إِنَّ لَدَيْنَا أَنكَالًا وَجَحِيمًا"", ""clean"": """", ""en"": """"}, {""id"": ""073013"", ""type"": ""ayah"", ""ar"": ""وَطَعَامًا ذَا غُصَّةٍ وَعَذَابًا أَلِيمًا"", ""clean"": """", ""en"": """"}, {""id"": ""073014"", ""type"": ""ayah"", ""ar"": ""يَوْمَ تَرْجُفُ الْأَرْضُ وَالْجِبَالُ وَكَانَتِ الْجِبَالُ كَثِيبًا مَّهِيلًا"", ""clean"": """", ""en"": """"}, {""id"": ""073015"", ""type"": ""ayah"", ""ar"": ""إِنَّا أَرْسَلْنَا إِلَيْكُمْ رَسُولًا شَاهِدًا عَلَيْكُمْ كَمَا أَرْسَلْنَا إِلَىٰ فِرْعَوْنَ رَسُولًا"", ""clean"": """", ""en"": """"}, {""id"": ""073016"", ""type"": ""ayah"", ""ar"": ""فَعَصَىٰ فِرْعَوْنُ الرَّسُولَ فَأَخَذْنَاهُ أَخْذًا وَبِيلًا"", ""clean"": """", ""en"": """"}, {""id"": ""073017"", ""type"": ""ayah"", ""ar"": ""فَكَيْفَ تَتَّقُونَ إِن كَفَرْتُمْ يَوْمًا يَجْعَلُ الْوِلْدَانَ شِيبًا"", ""clean"": """", ""en"": """"}, {""id"": ""073018"", ""type"": ""ayah"", ""ar"": ""السَّمَاءُ مُنفَطِرٌ بِهِ ۚ كَانَ وَعْدُهُ مَفْعُولًا"", ""clean"": """", ""en"": """"}, {""id"": ""073019"", ""type"": ""ayah"", ""ar"": ""إِنَّ هَـٰذِهِ تَذْكِرَةٌ ۖ فَمَن شَاءَ اتَّخَذَ إِلَىٰ رَبِّهِ سَبِيلًا"", ""clean"": """", ""en"": """"}]"
train-080,بسم الله الرحمن الرحيم قل هو الله أحد الله الصمد لم يلد ولم يولد ولم يكن له كفوا أحد,112001-112004,high,"[{""id"": ""112001"", ""transcript"": ""قل هو الله أحد""}, {""id"": ""112002"", ""transcript"": ""الله الصمد""}, {""id"": ""112003"", ""transcript"": ""لم يلد ولم يولد""}, {""id"": ""112004"", ""transcript"": ""ولم يكن له كفوا أحد""}]","[{""id"": ""112001"", ""type"": ""ayah"", ""ar"": ""قُلْ هُوَ اللَّهُ أَحَدٌ"", ""clean"": """", ""en"": ""Qul huwaLlaahu aĥad.""}, {""id"": ""112002"", ""type"": ""ayah"", ""ar"": ""اللَّهُ الصَّمَدُ"", ""clean"": """", ""en"": ""Allaahuṣ-ṣamad.""}, {""id"": ""112003"", ""type"": ""ayah"", ""ar"": ""لَمْ يَلِدْ وَلَمْ يُولَدْ"", ""clean"": """", ""en"": ""Lam yalid wa lam yoolad.""}, {""id"": ""112004"", ""type"": ""ayah"", ""ar"": ""وَلَمْ يَكُن لَّهُ كُفُوًا أَحَدٌ"", ""clean"": """", ""en"": ""Wa lam yakul-lahuu kufuwan aĥad.""}]"
train-081,بسم الله الرحمن الرحيم قل هو الله أحد الله الصمد لم يلد ولم يولد ولم يكن له كفوا أحد,112001-112004,high,"[{""id"": ""112001"", ""transcript"": ""قل هو الله أحد""}, {""id"": ""112002"", ""transcript"": ""الله الصمد""}, {""id"": ""112003"", ""transcript"": ""لم يلد ولم يولد""}, {""id"": ""112004"", ""transcript"": ""ولم يكن له كفوا أحد""}]","[{""id"": ""112001"", ""type"": ""ayah"", ""ar"": ""قُلْ هُوَ اللَّهُ أَحَدٌ"", ""clean"": """", ""en"": ""Qul huwaLlaahu aĥad.""}, {""id"": ""112002"", ""type"": ""ayah"", ""ar"": ""اللَّهُ الصَّمَدُ"", ""clean"": """", ""en"": ""Allaahuṣ-ṣamad.""}, {""id"": ""112003"", ""type"": ""ayah"", ""ar"": ""لَمْ يَلِدْ وَلَمْ يُولَدْ"", ""clean"": """", ""en"": ""Lam yalid wa lam yoolad.""}, {""id"": ""112004"", ""type"": ""ayah"", ""ar"": ""وَلَمْ يَكُن لَّهُ كُفُوًا أَحَدٌ"", ""clean"": """", ""en"": ""Wa lam yakul-lahuu kufuwan aĥad.""}]"
train-082,أعوذ بالله من الشيطان الرجيم بسم الله الرحمن الرحيم يا أيها المدثر قم فأنذر وربك فكبر وثيابك فطهر والرجز فاهجر ولا تمنن تستكثر ولربك فاصبر فإذا نقر في الناقور فذلك يومئذ يوم عسير على الكافرين غير يسير ذرني ومن خلقت وحيدا وجعلت له مالا ممدودا وبنين شهودا ومهدت له تمهيدا ثم يطمع أن أزيد كلا إنه كان لآياتنا عنيدا سأرهقه صعودا,074001-074017,high,"[{""id"": ""074001"", ""transcript"": ""يا أيها المدثر""}, {""id"": ""074002"", ""transcript"": ""قم فأنذر""}, {""id"": ""074003"", ""transcript"": ""وربك فكبر""}, {""id"": ""074004"", ""transcript"": ""وثيابك فطهر""}, {""id"": ""074005"", ""transcript"": ""والرجز فاهجر""}, {""id"": ""074006"", ""transcript"": ""ولا تمنن تستكثر""}, {""id"": ""074007"", ""transcript"": ""ولربك فاصبر""}, {""id"": ""074008"", ""transcript"": ""فإذا نقر في الناقور""}, {""id"": ""074009"", ""transcript"": ""فذلك يومئذ يوم عسير""}, {""id"": ""074010"", ""transcript"": ""على الكافرين غير يسير""}, {""id"": ""074011"", ""transcript"": ""ذرني ومن خلقت وحيدا""}, {""id"": ""074012"", ""transcript"": ""وجعلت له مالا ممدودا""}, {""id"": ""074013"", ""transcript"": ""وبنين شهودا""}, {""id"": ""074014"", ""transcript"": ""ومهدت له تمهيدا""}, {""id"": ""074015"", ""transcript"": ""ثم يطمع أن أزيد""}, {""id"": ""074016"", ""transcript"": ""كلا إنه كان لآياتنا عنيدا""}, {""id"": ""074017"", ""transcript"": ""سأرهقه صعودا""}]","[{""id"": ""074001"", ""type"": ""ayah"", ""ar"": ""يَا أَيُّهَا الْمُدَّثِّرُ"", ""clean"": """", ""en"": """"}, {""id"": ""074002"", ""type"": ""ayah"", ""ar"": ""قُمْ فَأَنذِرْ"", ""clean"": """", ""en"": """"}, {""id"": ""074003"", ""type"": ""ayah"", ""ar"": ""وَرَبَّكَ فَكَبِّرْ"", ""clean"": """", ""en"": """"}, {""id"": ""074004"", ""type"": ""ayah"", ""ar"": ""وَثِيَابَكَ فَطَهِّرْ"", ""clean"": """", ""en"": """"}, {""id"": ""074005"", ""type"": ""ayah"", ""ar"": ""وَالرُّجْزَ فَاهْجُرْ"", ""clean"": """", ""en"": """"}, {""id"": ""074006"", ""type"": ""ayah"", ""ar"": ""وَلَا تَمْنُن تَسْتَكْثِرُ"", ""clean"": """", ""en"": """"}, {""id"": ""074007"", ""type"": ""ayah"", ""ar"": ""وَلِرَبِّكَ فَاصْبِرْ"", ""clean"": """", ""en"": """"}, {""id"": ""074008"", ""type"": ""ayah"", ""ar"": ""فَإِذَا نُقِرَ فِي النَّاقُورِ"", ""clean"": """", ""en"": """"}, {""id"": ""074009"", ""type"": ""ayah"", ""ar"": ""فَذَٰلِكَ يَوْمَئِذٍ يَوْمٌ عَسِيرٌ"", ""clean"": """", ""en"": """"}, {""id"": ""074010"", ""type"": ""ayah"", ""ar"": ""عَلَى الْكَافِرِينَ غَيْرُ يَسِيرٍ"", ""clean"": """", ""en"": """"}, {""id"": ""074011"", ""type"": ""ayah"", ""ar"": ""ذَرْنِي وَمَنْ خَلَقْتُ وَحِيدًا"", ""clean"": """", ""en"": """"}, {""id"": ""074012"", ""type"": ""ayah"", ""ar"": ""وَجَعَلْتُ لَهُ مَالًا مَّمْدُودًا"", ""clean"": """", ""en"": """"}, {""id"": ""074013"", ""type"": ""ayah"", ""ar"": ""وَبَنِينَ شُهُودًا"", ""clean"": """", ""en"": """"}, {""id"": ""074014"", ""type"": ""ayah"", ""ar"": ""وَمَهَّدتُّ لَهُ تَمْهِيدًا"", ""clean"": """", ""en"": """"}, {""id"": ""074015"", ""type"": ""ayah"", ""ar"": ""ثُمَّ يَطْمَعُ أَنْ أَزِيدَ"", ""clean"": """", ""en"": """"}, {""id"": ""074016"", ""type"": ""ayah"", ""ar"": ""كَلَّا ۖ إِنَّهُ كَانَ لِآيَاتِنَا عَنِيدًا"", ""clean"": """", ""en"": """"}, {""id"": ""074017"", ""type"": ""ayah"", ""ar"": ""سَأُرْهِقُهُ صَعُودًا"", ""clean"": """", ""en"": """"}]"
train-083,أعوذ بالله من الشيطان الرجيم إنه فكر وقدر فقتل كيف قدر ثم قتل كيف قدر ثم نظر ثم عبس وبسر ثم أدبر واستكبر فقال إن هذا إلا سحر يؤثر إن هذا إلا قول البشر سأصليه سقر وما أدراك ما سقر لا تبقي ولا تذر لواحة للبشر عليها تسعة عشر وما جعلنا أصحاب النار إلا ملائكة وما جعلنا عدتهم إلا فتنة للذين كفروا ليستيقن الذين أوتوا الكتاب ويزداد الذين آمنوا إيمانا ولا يرتاب الذين أوتوا الكتاب والمؤمنون وليقول الذين في قلوبهم مرض والكافرون ماذا أراد الله بهذا مثلا كذلك يضل الله من يشاء ويهدي من يشاء وما يعلم جنود ربك إلا هو وما هي إلا ذكرى للبشر كلا والقمر والليل إذا أدبر والصبح إذا أسفر إنها لإحدى الكبر نذيرا للبشر لمن شاء منكم أن يتقدم أو يتأخر,074018-074037,high,"[{""id"": ""074018"", ""transcript"": ""إنه فكر وقدر""}, {""id"": ""074019"", ""transcript"": ""فقتل كيف قدر""}, {""id"": ""074020"", ""transcript"": ""ثم قتل كيف قدر""}, {""id"": ""074021"", ""transcript"": ""ثم نظر""}, {""id"": ""074022"", ""transcript"": ""ثم عبس وبسر""}, {""id"": ""074023"", ""transcript"": ""ثم أدبر واستكبر""}, {""id"": ""074024"", ""transcript"": ""فقال إن هذا إلا سحر يؤثر""}, {""id"": ""074025"", ""transcript"": ""إن هذا إلا قول البشر""}, {""id"": ""074026"", ""transcript"": ""سأصليه سقر""}, {""id"": ""074027"", ""transcript"": ""وما أدراك ما سقر""}, {""id"": ""074028"", ""transcript"": ""لا تبقي ولا تذر""}, {""id"": ""074029"", ""transcript"": ""لواحة للبشر""}, {""id"": ""074030"", ""transcript"": ""عليها تسعة عشر""}, {""id"": ""074031"", ""transcript"": ""وما جعلنا أصحاب النار إلا ملائكة وما جعلنا عدتهم إلا فتنة للذين كفروا ليستيقن الذين أوتوا الكتاب ويزداد الذين آمنوا إيمانا ولا يرتاب الذين أوتوا الكتاب والمؤمنون وليقول الذين في قلوبهم مرض والكافرون ماذا أراد الله بهذا مثلا كذلك يضل الله من يشاء ويهدي من يشاء وما يعلم جنود ربك إلا هو وما هي إلا ذكرى للبشر""}, {""id"": ""074032"", ""transcript"": ""كلا والقمر""}, {""id"": ""074033"", ""transcript"": ""والليل إذا أدبر""}, {""id"": ""074034"", ""transcript"": ""والصبح إذا أسفر""}, {""id"": ""074035"", ""transcript"": ""إنها لإحدى الكبر""}, {""id"": ""074036"", ""transcript"": ""نذيرا للبشر""}, {""id"": ""074037"", ""transcript"": ""لمن شاء منكم أن يتقدم أو يتأخر""}]","[{""id"": ""074018"", ""type"": ""ayah"", ""ar"": ""إِنَّهُ فَكَّرَ وَقَدَّرَ"", ""clean"": """", ""en"": """"}, {""id"": ""074019"", ""type"": ""ayah"", ""ar"": ""فَقُتِلَ كَيْفَ قَدَّرَ"", ""clean"": """", ""en"": """"}, {""id"": ""074020"", ""type"": ""ayah"", ""ar"": ""ثُمَّ قُتِلَ كَيْفَ قَدَّرَ"", ""clean"": """", ""en"": """"}, {""id"": ""074021"", ""type"": ""ayah"", ""ar"": ""ثُمَّ نَظَرَ"", ""clean"": """", ""en"": """"}, {""id"": ""074022"", ""type"": ""ayah"", ""ar"": ""ثُمَّ عَبَسَ وَبَسَرَ"", ""clean"": """", ""en"": """"}, {""id"": ""074023"", ""type"": ""ayah"", ""ar"": ""ثُمَّ أَدْبَرَ وَاسْتَكْبَرَ"", ""clean"": """", ""en"": """"}, {""id"": ""074024"", ""type"": ""ayah"", ""ar"": ""فَقَالَ إِنْ هَـٰذَا إِلَّا سِحْرٌ يُؤْثَرُ"", ""clean"": """", ""en"": """"}, {""id"": ""074025"", ""type"": ""ayah"", ""ar"": ""إِنْ هَـٰذَا إِلَّا قَوْلُ الْبَشَرِ"", ""clean"": """", ""en"": """"}, {""id"": ""074026"", ""type"": ""ayah"", ""ar"": ""سَأُصْلِيهِ سَقَرَ"", ""clean"": """", ""en"": """"}, {""id"": ""074027"", ""type"": ""ayah"", ""ar"": ""وَمَا أَدْرَاكَ مَا سَقَرُ"", ""clean"": """", ""en"": """"}, {""id"": ""074028"", ""type"": ""ayah"", ""ar"": ""لَا تُبْقِي وَلَا تَذَرُ"", ""clean"": """", ""en"": """"}, {""id"": ""074029"", ""type"": ""ayah"", ""ar"": ""لَوَّاحَةٌ لِّلْبَشَرِ"", ""clean"": """", ""en"": """"}, {""id"": ""074030"", ""type"": ""ayah"", ""ar"": ""عَلَيْهَا تِسْعَةَ عَشَرَ"", ""clean"": """", ""en"": """"}, {""id"": ""074031"", ""type"": ""ayah"", ""ar"": ""وَمَا جَعَلْنَا أَصْحَابَ النَّارِ إِلَّا مَلَائِكَةً ۙ وَمَا جَعَلْنَا عِدَّتَهُمْ إِلَّا فِتْنَةً لِّلَّذِينَ كَفَرُوا لِيَسْتَيْقِنَ الَّذِينَ أُوتُوا الْكِتَابَ وَيَزْدَادَ الَّذِينَ آمَنُوا إِيمَانًا ۙ وَلَا يَرْتَابَ الَّذِينَ أُوتُوا الْكِتَابَ وَالْمُؤْمِنُونَ ۙ وَلِيَقُولَ الَّذِينَ فِي قُلُوبِهِم مَّرَضٌ وَالْكَافِرُونَ مَاذَا أَرَادَ اللَّهُ بِهَـٰذَا مَثَلًا ۚ كَذَٰلِكَ يُضِلُّ اللَّهُ مَن يَشَاءُ وَيَهْدِي مَن يَشَاءُ ۚ وَمَا يَعْلَمُ جُنُودَ رَبِّكَ إِلَّا هُوَ ۚ وَمَا هِيَ إِلَّا ذِكْرَىٰ لِلْبَشَرِ"", ""clean"": """", ""en"": """"}, {""id"": ""074032"", ""type"": ""ayah"", ""ar"": ""كَلَّا وَالْقَمَرِ"", ""clean"": """", ""en"": """"}, {""id"": ""074033"", ""type"": ""ayah"", ""ar"": ""وَاللَّيْلِ إِذْ أَدْبَرَ"", ""clean"": """", ""en"": """"}, {""id"": ""074034"", ""type"": ""ayah"", ""ar"": ""وَالصُّبْحِ إِذَا أَسْفَرَ"", ""clean"": """", ""en"": """"}, {""id"": ""074035"", ""type"": ""ayah"", ""ar"": ""إِنَّهَا لَإِحْدَى الْكُبَرِ"", ""clean"": """", ""en"": """"}, {""id"": ""074036"", ""type"": ""ayah"", ""ar"": ""نَذِيرًا لِّلْبَشَرِ"", ""clean"": """", ""en"": """"}, {""id"": ""074037"", ""type"": ""ayah"", ""ar"": ""لِمَن شَاءَ مِنكُمْ أَن يَتَقَدَّمَ أَوْ يَتَأَخَّرَ"", ""clean"": """", ""en"": """"}]"
train-084,عين يشرب بها عباد الله يفجرونها تفجيرا يوفون بالنذر ويخافون يوما كان شره مستطيرا ويطعمون الطعام على حبه مسكينا ويتيما وأسيرا يوفون بالنذر ويخافون يوما كان شره مستطيرا ويطعمون الطعام على حبه مسكينا ويتيما وأسيرا إنما نطعمكم لوجه الله لا نريد منكم جزاء ولا شكورا إن نخاف من ربنا يوما عبوسا قمطيرا فوقاهم الله شر ذلك اليوم ولقاهم نظرة وسرورا وجزاهم بما صبروا جنة وحريرا متكئين فيها على الأرائك لا يرون فيها شمسا ولا زمهريرا ودانية عليهم ظلالها وذللت قطوفها تذليلا ويطوف عليهم بآنية من فضة وأكواب كانت قوارير قوارير من فضة قدروها تقديرا ويسقون فيها كأسا كان مزاجها زنجبيلا عينا فيها تسمى سلسبيلا ويطوف عليهم ولدان مخددون إذا رأيتهم حسبتهم لؤلؤا منثورا وإذا رأيت ثم رأيت نعيما وملكا كبيرا عليهم ثياب سندس خضر وإستبرق متكئين فيها على الأرائك وحلوا أساور من فضة وسقاهم ربهم شرابا طهورا إن هذا كان لكم جزاء وكان سعيكم مشكورا إنا نحن نزلنا عليك القرآن تنزيلا فاصبر لحكم ربك ولا تطع منهم آثما أو كفورا واذكر اسم ربك بكرة وأصيلا ومن الليل فاسجد له وسبح ليلا طويلا إن هؤلاء يحبون العاجلة ويذرون وراءهم يوما ثقيلا نحن خلقناهم وشددنا أسرهم وإذا شئنا بدلنا أمثالهم تبديلا إن هذه تذكرة فمن شاء اتخذ إلى ربه سبيلا وما تشاءون إلا أن يشاء الله إن الله كان عليما حكيما يدخل من يشاء في رحمته والظالمين أعد لهم عذابا أليما,076006-076031,high,"[{""id"": ""076006"", ""transcript"": ""عين يشرب بها عباد الله يفجرونها تفجيرا""}, {""id"": ""076007"", ""transcript"": ""يوفون بالنذر ويخافون يوما كان شره مستطيرا""}, {""id"": ""076008"", ""transcript"": ""ويطعمون الطعام على حبه مسكينا ويتيما وأسيرا""}, {""id"": ""076007"", ""transcript"": ""يوفون بالنذر ويخافون يوما كان شره مستطيرا""}, {""id"": ""076008"", ""transcript"": ""ويطعمون الطعام على حبه مسكينا ويتيما وأسيرا""}, {""id"": ""076009"", ""transcript"": ""إنما نطعمكم لوجه الله لا نريد منكم جزاء ولا شكورا""}, {""id"": ""076010"", ""transcript"": ""إن نخاف من ربنا يوما عبوسا قمطيرا""}, {""id"": ""076011"", ""transcript"": ""فوقاهم الله شر ذلك اليوم ولقاهم نظرة وسرورا""}, {""id"": ""076012"", ""transcript"": ""وجزاهم بما صبروا جنة وحريرا""}, {""id"": ""076013"", ""transcript"": ""متكئين فيها على الأرائك لا يرون فيها شمسا ولا زمهريرا""}, {""id"": ""076014"", ""transcript"": ""ودانية عليهم ظلالها وذللت قطوفها تذليلا""}, {""id"": ""076015"", ""transcript"": ""ويطوف عليهم بآنية من فضة وأكواب كانت قوارير""}, {""id"": ""076016"", ""transcript"": ""قوارير من فضة قدروها تقديرا""}, {""id"": ""076017"", ""transcript"": ""ويسقون فيها كأسا كان مزاجها زنجبيلا""}, {""id"": ""076018"", ""transcript"": ""عينا فيها تسمى سلسبيلا""}, {""id"": ""076019"", ""transcript"": ""ويطوف عليهم ولدان مخددون إذا رأيتهم حسبتهم لؤلؤا منثورا""}, {""id"": ""076020"", ""transcript"": ""وإذا رأيت ثم رأيت نعيما وملكا كبيرا""}, {""id"": ""076021"", ""transcript"": ""عليهم ثياب سندس خضر وإستبرق متكئين فيها على الأرائك وحلوا أساور من فضة وسقاهم ربهم شرابا طهورا""}, {""id"": ""076022"", ""transcript"": ""إن هذا كان لكم جزاء وكان سعيكم مشكورا""}, {""id"": ""076023"", ""transcript"": ""إنا نحن نزلنا عليك القرآن تنزيلا""}, {""id"": ""076024"", ""transcript"": ""فاصبر لحكم ربك ولا تطع منهم آثما أو كفورا""}, {""id"": ""076025"", ""transcript"": ""واذكر اسم ربك بكرة وأصيلا""}, {""id"": ""076026"", ""transcript"": ""ومن الليل فاسجد له وسبح ليلا طويلا""}, {""id"": ""076027"", ""transcript"": ""إن هؤلاء يحبون العاجلة ويذرون وراءهم يوما ثقيلا""}, {""id"": ""076028"", ""transcript"": ""نحن خلقناهم وشددنا أسرهم وإذا شئنا بدلنا أمثالهم تبديلا""}, {""id"": ""076029"", ""transcript"": ""إن هذه تذكرة فمن شاء اتخذ إلى ربه سبيلا""}, {""id"": ""076030"", ""transcript"": ""وما تشاءون إلا أن يشاء الله إن الله كان عليما حكيما""}, {""id"": ""076031"", ""transcript"": ""يدخل من يشاء في رحمته والظالمين أعد لهم عذابا أليما""}]","[{""id"": ""076006"", ""type"": ""ayah"", ""ar"": ""عَيْنًا يَشْرَبُ بِهَا عِبَادُ اللَّهِ يُفَجِّرُونَهَا تَفْجِيرًا"", ""clean"": """", ""en"": """"}, {""id"": ""076007"", ""type"": ""ayah"", ""ar"": ""يُوفُونَ بِالنَّذْرِ وَيَخَافُونَ يَوْمًا كَانَ شَرُّهُ مُسْتَطِيرًا"", ""clean"": """", ""en"": """"}, {""id"": ""076008"", ""type"": ""ayah"", ""ar"": ""وَيُطْعِمُونَ الطَّعَامَ عَلَىٰ حُبِّهِ مِسْكِينًا وَيَتِيمًا وَأَسِيرًا"", ""clean"": """", ""en"": """"}, {""id"": ""076009"", ""type"": ""ayah"", ""ar"": ""إِنَّمَا نُطْعِمُكُمْ لِوَجْهِ اللَّهِ لَا نُرِيدُ مِنكُمْ جَزَاءً وَلَا شُكُورًا"", ""clean"": """", ""en"": """"}, {""id"": ""076010"", ""type"": ""ayah"", ""ar"": ""إِنَّا نَخَافُ مِن رَّبِّنَا يَوْمًا عَبُوسًا قَمْطَرِيرًا"", ""clean"": """", ""en"": """"}, {""id"": ""076011"", ""type"": ""ayah"", ""ar"": ""فَوَقَاهُمُ اللَّهُ شَرَّ ذَٰلِكَ الْيَوْمِ وَلَقَّاهُمْ نَضْرَةً وَسُرُورًا"", ""clean"": """", ""en"": """"}, {""id"": ""076012"", ""type"": ""ayah"", ""ar"": ""وَجَزَاهُم بِمَا صَبَرُوا جَنَّةً وَحَرِيرًا"", ""clean"": """", ""en"": """"}, {""id"": ""076013"", ""type"": ""ayah"", ""ar"": ""مُّتَّكِئِينَ فِيهَا عَلَى الْأَرَائِكِ ۖ لَا يَرَوْنَ فِيهَا شَمْسًا وَلَا زَمْهَرِيرًا"", ""clean"": """", ""en"": """"}, {""id"": ""076014"", ""type"": ""ayah"", ""ar"": ""وَدَانِيَةً عَلَيْهِمْ ظِلَالُهَا وَذُلِّلَتْ قُطُوفُهَا تَذْلِيلًا"", ""clean"": """", ""en"": """"}, {""id"": ""076015"", ""type"": ""ayah"", ""ar"": ""وَيُطَافُ عَلَيْهِم بِآنِيَةٍ مِّن فِضَّةٍ وَأَكْوَابٍ كَانَتْ قَوَارِيرَا"", ""clean"": """", ""en"": """"}, {""id"": ""076016"", ""type"": ""ayah"", ""ar"": ""قَوَارِيرَ مِن فِضَّةٍ قَدَّرُوهَا تَقْدِيرًا"", ""clean"": """", ""en"": """"}, {""id"": ""076017"", ""type"": ""ayah"", ""ar"": ""وَيُسْقَوْنَ فِيهَا كَأْسًا كَانَ مِزَاجُهَا زَنجَبِيلًا"", ""clean"": """", ""en"": """"}, {""id"": ""076018"", ""type"": ""ayah"", ""ar"": ""عَيْنًا فِيهَا تُسَمَّىٰ سَلْسَبِيلًا"", ""clean"": """", ""en"": """"}, {""id"": ""076019"", ""type"": ""ayah"", ""ar"": ""۞ وَيَطُوفُ عَلَيْهِمْ وِلْدَانٌ مُّخَلَّدُونَ إِذَا رَأَيْتَهُمْ حَسِبْتَهُمْ لُؤْلُؤًا مَّنثُورًا"", ""clean"": """", ""en"": """"}, {""id"": ""076020"", ""type"": ""ayah"", ""ar"": ""وَإِذَا رَأَيْتَ ثَمَّ رَأَيْتَ نَعِيمًا وَمُلْكًا كَبِيرًا"", ""clean"": """", ""en"": """"}, {""id"": ""076021"", ""type"": ""ayah"", ""ar"": ""عَالِيَهُمْ ثِيَابُ سُندُسٍ خُضْرٌ وَإِسْتَبْرَقٌ ۖ وَحُلُّوا أَسَاوِرَ مِن فِضَّةٍ وَسَقَاهُمْ رَبُّهُمْ شَرَابًا طَهُورًا"", ""clean"": """", ""en"": """"}, {""id"": ""076022"", ""type"": ""ayah"", ""ar"": ""إِنَّ هَـٰذَا كَانَ لَكُمْ جَزَاءً وَكَانَ سَعْيُكُم مَّشْكُورًا"", ""clean"": """", ""en"": """"}, {""id"": ""076023"", ""type"": ""ayah"", ""ar"": ""إِنَّا نَحْنُ نَزَّلْنَا عَلَيْكَ الْقُرْآنَ تَنزِيلًا"", ""clean"": """", ""en"": """"}, {""id"": ""076024"", ""type"": ""ayah"", ""ar"": ""فَاصْبِرْ لِحُكْمِ رَبِّكَ وَلَا تُطِعْ مِنْهُمْ آثِمًا أَوْ كَفُورًا"", ""clean"": """", ""en"": """"}, {""id"": ""076025"", ""type"": ""ayah"", ""ar"": ""وَاذْكُرِ اسْمَ رَبِّكَ بُكْرَةً وَأَصِيلًا"", ""clean"": """", ""en"": """"}, {""id"": ""076026"", ""type"": ""ayah"", ""ar"": ""وَمِنَ اللَّيْلِ فَاسْجُدْ لَهُ وَسَبِّحْهُ لَيْلًا طَوِيلًا"", ""clean"": """", ""en"": """"}, {""id"": ""076027"", ""type"": ""ayah"", ""ar"": ""إِنَّ هَـٰؤُلَاءِ يُحِبُّونَ الْعَاجِلَةَ وَيَذَرُونَ وَرَاءَهُمْ يَوْمًا ثَقِيلًا"", ""clean"": """", ""en"": """"}, {""id"": ""076028"", ""type"": ""ayah"", ""ar"": ""نَّحْنُ خَلَقْنَاهُمْ وَشَدَدْنَا أَسْرَهُمْ ۖ وَإِذَا شِئْنَا بَدَّلْنَا أَمْثَالَهُمْ تَبْدِيلًا"", ""clean"": """", ""en"": """"}, {""id"": ""076029"", ""type"": ""ayah"", ""ar"": ""إِنَّ هَـٰذِهِ تَذْكِرَةٌ ۖ فَمَن شَاءَ اتَّخَذَ إِلَىٰ رَبِّهِ سَبِيلًا"", ""clean"": """", ""en"": """"}, {""id"": ""076030"", ""type"": ""ayah"", ""ar"": ""وَمَا تَشَاءُونَ إِلَّا أَن يَشَاءَ اللَّهُ ۚ إِنَّ اللَّهَ كَانَ عَلِيمًا حَكِيمًا"", ""clean"": """", ""en"": """"}, {""id"": ""076031"", ""type"": ""ayah"", ""ar"": ""يُدْخِلُ مَن يَشَاءُ فِي رَحْمَتِهِ ۚ وَالظَّالِمِينَ أَعَدَّ لَهُمْ عَذَابًا أَلِيمًا"", ""clean"": """", ""en"": """"}]"
train-085,والعاديات ضبحا,100001,high,"[{""id"": ""100001"", ""transcript"": ""والعاديات ضبحا""}]","[{""id"": ""100001"", ""type"": ""ayah"", ""ar"": ""وَالْعَادِيَاتِ ضَبْحًا"", ""clean"": """", ""en"": """"}]"
train-086,ألم نخلقكم من ماء مهين فجعلناه في قرار مكين إلى قدر معلوم فقدرنا فنعم القادرون ويل يومئذ للمكذبين ألم نجعل الأرض كفاتا أحياء وأمواتا وجعلنا فيها رواسي شامخات وأسقيناكم ماء فراتا ويل يومئذ للمكذبين,077020-077028,high,"[{""id"": ""077020"", ""transcript"": ""ألم نخلقكم من ماء مهين""}, {""id"": ""077021"", ""transcript"": ""فجعلناه في قرار مكين""}, {""id"": ""077022"", ""transcript"": ""إلى قدر معلوم""}, {""id"": ""077023"", ""transcript"": ""فقدرنا فنعم القادرون""}, {""id"": ""077024"", ""transcript"": ""ويل يومئذ للمكذبين""}, {""id"": ""077025"", ""transcript"": ""ألم نجعل الأرض كفاتا""}, {""id"": ""077026"", ""transcript"": ""أحياء وأمواتا""}, {""id"": ""077027"", ""transcript"": ""وجعلنا فيها رواسي شامخات وأسقيناكم ماء فراتا""}, {""id"": ""077028"", ""transcript"": ""ويل يومئذ للمكذبين""}]","[{""id"": ""077020"", ""type"": ""ayah"", ""ar"": ""أَلَمْ نَخْلُقكُّم مِّن مَّاءٍ مَّهِينٍ"", ""clean"": """", ""en"": """"}, {""id"": ""077021"", ""type"": ""ayah"", ""ar"": ""فَجَعَلْنَاهُ فِي قَرَارٍ مَّكِينٍ"", ""clean"": """", ""en"": """"}, {""id"": ""077022"", ""type"": ""ayah"", ""ar"": ""إِلَىٰ قَدَرٍ مَّعْلُومٍ"", ""clean"": """", ""en"": """"}, {""id"": ""077023"", ""type"": ""ayah"", ""ar"": ""فَقَدَرْنَا فَنِعْمَ الْقَادِرُونَ"", ""clean"": """", ""en"": """"}, {""id"": ""077024"", ""type"": ""ayah"", ""ar"": ""وَيْلٌ يَوْمَئِذٍ لِّلْمُكَذِّبِينَ"", ""clean"": """", ""en"": """"}, {""id"": ""077025"", ""type"": ""ayah"", ""ar"": ""أَلَمْ نَجْعَلِ الْأَرْضَ كِفَاتًا"", ""clean"": """", ""en"": """"}, {""id"": ""077026"", ""type"": ""ayah"", ""ar"": ""أَحْيَاءً وَأَمْوَاتًا"", ""clean"": """", ""en"": """"}, {""id"": ""077027"", ""type"": ""ayah"", ""ar"": ""وَجَعَلْنَا فِيهَا رَوَاسِيَ شَامِخَاتٍ وَأَسْقَيْنَاكُم مَّاءً فُرَاتًا"", ""clean"": """", ""en"": """"}, {""id"": ""077028"", ""type"": ""ayah"", ""ar"": ""وَيْلٌ يَوْمَئِذٍ لِّلْمُكَذِّبِينَ"", ""clean"": """", ""en"": """"}]"
train-087,انطلقوا إلى ما كنتم به تكذبون انطلقوا إلى ظل ذي ثلاث شعب لا ظليل ولا يغني من اللهب كأنه إينها ترمي بشرر كالقصر كأنه كأنه محملات صفر كأنه حملات صفر وويل يومئذ للمكذبين,077029-077034,high,"[{""id"": ""077029"", ""transcript"": ""انطلقوا إلى ما كنتم به تكذبون""}, {""id"": ""077030"", ""transcript"": ""انطلقوا إلى ظل ذي ثلاث شعب""}, {""id"": ""077031"", ""transcript"": ""لا ظليل ولا يغني من اللهب""}, {""id"": ""077032"", ""transcript"": ""كأنه إينها ترمي بشرر كالقصر""}, {""id"": ""077033"", ""transcript"": ""كأنه كأنه محملات صفر كأنه حملات صفر""}, {""id"": ""077034"", ""transcript"": ""وويل يومئذ للمكذبين""}]","[{""id"": ""077029"", ""type"": ""ayah"", ""ar"": ""انطَلِقُوا إِلَىٰ مَا كُنتُم بِهِ تُكَذِّبُونَ"", ""clean"": """", ""en"": """"}, {""id"": ""077030"", ""type"": ""ayah"", ""ar"": ""انطَلِقُوا إِلَىٰ ظِلٍّ ذِي ثَلَاثِ شُعَبٍ"", ""clean"": """", ""en"": """"}, {""id"": ""077031"", ""type"": ""ayah"", ""ar"": ""لَّا ظَلِيلٍ وَلَا يُغْنِي مِنَ اللَّهَبِ"", ""clean"": """", ""en"": """"}, {""id"": ""077032"", ""type"": ""ayah"", ""ar"": ""إِنَّهَا تَرْمِي بِشَرَرٍ كَالْقَصْرِ"", ""clean"": """", ""en"": """"}, {""id"": ""077033"", ""type"": ""ayah"", ""ar"": ""كَأَنَّهُ جِمَالَتٌ صُفْرٌ"", ""clean"": """", ""en"": """"}, {""id"": ""077034"", ""type"": ""ayah"", ""ar"": ""وَيْلٌ يَوْمَئِذٍ لِّلْمُكَذِّبِينَ"", ""clean"": """", ""en"": """"}]"
train-088,عبس وتولى أن جاءه الأعمى وما يدريك لعله يزكى وما يدريك لعله يزكى وأما أو يذكر فتنفعه الذكرى وأما من استغنى فأنت له تصدى وما عليك ألا يزكى وأما من جاءك يسعى وهو يخشى فأنت عنه تلهى كلا لما يقض ما أمره فلينظر الإنسان إلى طعامه إنا صببنا الماء صبا ثم شققنا الأرض شقا فأنبتنا فيها حبا وعنبا وقضبا وزيتونا ونخلا وحدائقا غلبا وفاكهة وأبا متاعا لكم ولأنعامكم فإذا جاءت الصاخة يوم يفر المرء من أخيه وأمه وأبيه وصاحبته وبنيه لكل امرئ منهم يومئذ شأن يغنيه وجوه يومئذ مسفرة ضاحكة مستبشرة ووجوه يومئذ عليها غبرة ترهقها قترة أولئك هم الكفرة الفجرة,"080001,080002,080003,080004,080005,080006,080007,080008,080009,080010,080023,080024,080025,080026,080027,080028,080029,080030,080031,080032,080033,080034,080035,080036,080037,080038,080039,080040,080041,080042",high,"[{""id"": ""080001"", ""transcript"": ""عبس وتولى""}, {""id"": ""080002"", ""transcript"": ""أن جاءه الأعمى""}, {""id"": ""080003"", ""transcript"": ""وما يدريك لعله يزكى""}, {""id"": ""080003"", ""transcript"": ""وما يدريك لعله يزكى""}, {""id"": ""080004"", ""transcript"": ""وأما أو يذكر فتنفعه الذكرى""}, {""id"": ""080005"", ""transcript"": ""وأما من استغنى""}, {""id"": ""080006"", ""transcript"": ""فأنت له تصدى""}, {""id"": ""080007"", ""transcript"": ""وما عليك ألا يزكى""}, {""id"": ""080008"", ""transcript"": ""وأما من جاءك يسعى""}, {""id"": ""080009"", ""transcript"": ""وهو يخشى""}, {""id"": ""080010"", ""transcript"": ""فأنت عنه تلهى""}, {""id"": ""080023"", ""transcript"": ""كلا لما يقض ما أمره""}, {""id"": ""080024"", ""transcript"": ""فلينظر الإنسان إلى طعامه""}, {""id"": ""080025"", ""transcript"": ""إنا صببنا الماء صبا""}, {""id"": ""080026"", ""transcript"": ""ثم شققنا الأرض شقا""}, {""id"": ""080027"", ""transcript"": ""فأنبتنا فيها حبا""}, {""id"": ""080028"", ""transcript"": ""وعنبا وقضبا""}, {""id"": ""080029"", ""transcript"": ""وزيتونا ونخلا""}, {""id"": ""080030"", ""transcript"": ""وحدائقا غلبا""}, {""id"": ""080031"", ""transcript"": ""وفاكهة وأبا""}, {""id"": ""080032"", ""transcript"": ""متاعا لكم ولأنعامكم""}, {""id"": ""080033"", ""transcript"": ""فإذا جاءت الصاخة""}, {""id"": ""080034"", ""transcript"": ""يوم يفر المرء من أخيه""}, {""id"": ""080035"", ""transcript"": ""وأمه وأبيه""}, {""id"": ""080036"", ""transcript"": ""وصاحبته وبنيه""}, {""id"": ""080037"", ""transcript"": ""لكل امرئ منهم يومئذ شأن يغنيه""}, {""id"": ""080038"", ""transcript"": ""وجوه يومئذ مسفرة""}, {""id"": ""080039"", ""transcript"": ""ضاحكة مستبشرة""}, {""id"": ""080040"", ""transcript"": ""ووجوه يومئذ عليها غبرة""}, {""id"": ""080041"", ""transcript"": ""ترهقها قترة""}, {""id"": ""080042"", ""transcript"": ""أولئك هم الكفرة الفجرة""}]","[{""id"": ""080001"", ""type"": ""ayah"", ""ar"": ""عَبَسَ وَتَوَلَّىٰ"", ""clean"": """", ""en"": """"}, {""id"": ""080002"", ""type"": ""ayah"", ""ar"": ""أَن جَاءَهُ الْأَعْمَىٰ"", ""clean"": """", ""en"": """"}, {""id"": ""080003"", ""type"": ""ayah"", ""ar"": ""وَمَا يُدْرِيكَ لَعَلَّهُ يَزَّكَّىٰ"", ""clean"": """", ""en"": """"}, {""id"": ""080004"", ""type"": ""ayah"", ""ar"": ""أَوْ يَذَّكَّرُ فَتَنفَعَهُ الذِّكْرَىٰ"", ""clean"": """", ""en"": """"}, {""id"": ""080005"", ""type"": ""ayah"", ""ar"": ""أَمَّا مَنِ اسْتَغْنَىٰ"", ""clean"": """", ""en"": """"}, {""id"": ""080006"", ""type"": ""ayah"", ""ar"": ""فَأَنتَ لَهُ تَصَدَّىٰ"", ""clean"": """", ""en"": """"}, {""id"": ""080007"", ""type"": ""ayah"", ""ar"": ""وَمَا عَلَيْكَ أَلَّا يَزَّكَّىٰ"", ""clean"": """", ""en"": """"}, {""id"": ""080008"", ""type"": ""ayah"", ""ar"": ""وَأَمَّا مَن جَاءَكَ يَسْعَىٰ"", ""clean"": """", ""en"": """"}, {""id"": ""080009"", ""type"": ""ayah"", ""ar"": ""وَهُوَ يَخْشَىٰ"", ""clean"": """", ""en"": """"}, {""id"": ""080010"", ""type"": ""ayah"", ""ar"": ""فَأَنتَ عَنْهُ تَلَهَّىٰ"", ""clean"": """", ""en"": """"}, {""id"": ""080023"", ""type"": ""ayah"", ""ar"": ""كَلَّا لَمَّا يَقْضِ مَا أَمَرَهُ"", ""clean"": """", ""en"": """"}, {""id"": ""080024"", ""type"": ""ayah"", ""ar"": ""فَلْيَنظُرِ الْإِنسَانُ إِلَىٰ طَعَامِهِ"", ""clean"": """", ""en"": """"}, {""id"": ""080025"", ""type"": ""ayah"", ""ar"": ""أَنَّا صَبَبْنَا الْمَاءَ صَبًّا"", ""clean"": """", ""en"": """"}, {""id"": ""080026"", ""type"": ""ayah"", ""ar"": ""ثُمَّ شَقَقْنَا الْأَرْضَ شَقًّا"", ""clean"": """", ""en"": """"}, {""id"": ""080027"", ""type"": ""ayah"", ""ar"": ""فَأَنبَتْنَا فِيهَا حَبًّا"", ""clean"": """", ""en"": """"}, {""id"": ""080028"", ""type"": ""ayah"", ""ar"": ""وَعِنَبًا وَقَضْبًا"", ""clean"": """", ""en"": """"}, {""id"": ""080029"", ""type"": ""ayah"", ""ar"": ""وَزَيْتُونًا وَنَخْلًا"", ""clean"": """", ""en"": """"}, {""id"": ""080030"", ""type"": ""ayah"", ""ar"": ""وَحَدَائِقَ غُلْبًا"", ""clean"": """", ""en"": """"}, {""id"": ""080031"", ""type"": ""ayah"", ""ar"": ""وَفَاكِهَةً وَأَبًّا"", ""clean"": """", ""en"": """"}, {""id"": ""080032"", ""type"": ""ayah"", ""ar"": ""مَّتَاعًا لَّكُمْ وَلِأَنْعَامِكُمْ"", ""clean"": """", ""en"": """"}, {""id"": ""080033"", ""type"": ""ayah"", ""ar"": ""فَإِذَا جَاءَتِ الصَّاخَّةُ"", ""clean"": """", ""en"": """"}, {""id"": ""080034"", ""type"": ""ayah"", ""ar"": ""يَوْمَ يَفِرُّ الْمَرْءُ مِنْ أَخِيهِ"", ""clean"": """", ""en"": """"}, {""id"": ""080035"", ""type"": ""ayah"", ""ar"": ""وَأُمِّهِ وَأَبِيهِ"", ""clean"": """", ""en"": """"}, {""id"": ""080036"", ""type"": ""ayah"", ""ar"": ""وَصَاحِبَتِهِ وَبَنِيهِ"", ""clean"": """", ""en"": """"}, {""id"": ""080037"", ""type"": ""ayah"", ""ar"": ""لِكُلِّ امْرِئٍ مِّنْهُمْ يَوْمَئِذٍ شَأْنٌ يُغْنِيهِ"", ""clean"": """", ""en"": """"}, {""id"": ""080038"", ""type"": ""ayah"", ""ar"": ""وُجُوهٌ يَوْمَئِذٍ مُّسْفِرَةٌ"", ""clean"": """", ""en"": """"}, {""id"": ""080039"", ""type"": ""ayah"", ""ar"": ""ضَاحِكَةٌ مُّسْتَبْشِرَةٌ"", ""clean"": """", ""en"": """"}, {""id"": ""080040"", ""type"": ""ayah"", ""ar"": ""وَوُجُوهٌ يَوْمَئِذٍ عَلَيْهَا غَبَرَةٌ"", ""clean"": """", ""en"": """"}, {""id"": ""080041"", ""type"": ""ayah"", ""ar"": ""تَرْهَقُهَا قَتَرَةٌ"", ""clean"": """", ""en"": """"}, {""id"": ""080042"", ""type"": ""ayah"", ""ar"": ""أُولَـٰئِكَ هُمُ الْكَفَرَةُ الْفَجَرَةُ"", ""clean"": """", ""en"": """"}]"
train-089,أعوذ بالله من الشيطان الرجيم بسم الله الرحمن الرحيم يا أيها النبي إذا طلقتم النساء فطلقوهن لعدتهن وأحصوا العدة واتقوا الله ربكم لا تخرجوهن من بيوتهن ولا يخرجن إلا أن يأتين بفاحشة مبينة وتلك حدود الله ومن يتعد حدود الله فقد ظلم نفسه لا تدري لعل الله يحدث بعد ذلك أمرا فإذا بلغن أجلهن فأمسكوهن بمعروف أو فارقوهن بمعروف وأشهدوا ذوي عدل منكم وأقيموا الشهادة لله ذلكم يوعظ به من كان يؤمن بالله واليوم الآخر ومن يتق الله يجعل له مخرجا ذلكم يوعظ به من كان يؤمن بالله واليوم الآخر ومن يتق الله يكفر عنه سيئاته ويعظم له أجرا,"065001,065002,065005",high,"[{""id"": ""065001"", ""transcript"": ""يا أيها النبي إذا طلقتم النساء فطلقوهن لعدتهن وأحصوا العدة واتقوا الله ربكم لا تخرجوهن من بيوتهن ولا يخرجن إلا أن يأتين بفاحشة مبينة وتلك حدود الله ومن يتعد حدود الله فقد ظلم نفسه لا تدري لعل الله يحدث بعد ذلك أمرا""}, {""id"": ""065002"", ""transcript"": ""فإذا بلغن أجلهن فأمسكوهن بمعروف أو فارقوهن بمعروف وأشهدوا ذوي عدل منكم وأقيموا الشهادة لله ذلكم يوعظ به من كان يؤمن بالله واليوم الآخر ومن يتق الله يجعل له مخرجا ذلكم يوعظ به من كان يؤمن بالله واليوم الآخر""}, {""id"": ""065005"", ""transcript"": ""ومن يتق الله يكفر عنه سيئاته ويعظم له أجرا""}]","[{""id"": ""065001"", ""type"": ""ayah"", ""ar"": ""يَا أَيُّهَا النَّبِيُّ إِذَا طَلَّقْتُمُ النِّسَاءَ فَطَلِّقُوهُنَّ لِعِدَّتِهِنَّ وَأَحْصُوا الْعِدَّةَ ۖ وَاتَّقُوا اللَّهَ رَبَّكُمْ ۖ لَا تُخْرِجُوهُنَّ مِن بُيُوتِهِنَّ وَلَا يَخْرُجْنَ إِلَّا أَن يَأْتِينَ بِفَاحِشَةٍ مُّبَيِّنَةٍ ۚ وَتِلْكَ حُدُودُ اللَّهِ ۚ وَمَن يَتَعَدَّ حُدُودَ اللَّهِ فَقَدْ ظَلَمَ نَفْسَهُ ۚ لَا تَدْرِي لَعَلَّ اللَّهَ يُحْدِثُ بَعْدَ ذَٰلِكَ أَمْرًا"", ""clean"": """", ""en"": """"}, {""id"": ""065002"", ""type"": ""ayah"", ""ar"": ""فَإِذَا بَلَغْنَ أَجَلَهُنَّ فَأَمْسِكُوهُنَّ بِمَعْرُوفٍ أَوْ فَارِقُوهُنَّ بِمَعْرُوفٍ وَأَشْهِدُوا ذَوَيْ عَدْلٍ مِّنكُمْ وَأَقِيمُوا الشَّهَادَةَ لِلَّهِ ۚ ذَٰلِكُمْ يُوعَظُ بِهِ مَن كَانَ يُؤْمِنُ بِاللَّهِ وَالْيَوْمِ الْآخِرِ ۚ وَمَن يَتَّقِ اللَّهَ يَجْعَل لَّهُ مَخْرَجًا"", ""clean"": """", ""en"": """"}, {""id"": ""065005"", ""type"": ""ayah"", ""ar"": ""ذَٰلِكَ أَمْرُ اللَّهِ أَنزَلَهُ إِلَيْكُمْ ۚ وَمَن يَتَّقِ اللَّهَ يُكَفِّرْ عَنْهُ سَيِّئَاتِهِ وَيُعْظِمْ لَهُ أَجْرًا"", ""clean"": """", ""en"": """"}]"
train-090,أسكنوهن من حيث سكنتم من وجدكم ولا تضاروهن لتضيقوا عليهن وإن كن أولات حمل فأنفقوا عليهن حتى يضعن حملهن فإن أرضعن لكم فآتوهن أجورهن وأتمروا بينكم بمعروف وإن تعاسرتم فسترضع له أخرى لينفق ذو سعة من ساعته ومن قدر عليه رزقه فلينفق مما آتاه الله لا يكلف الله نفسا إلا ما آتاها سيجعل الله بعد عسر يسرا وكأين من قرية عدت عن أمر ربها ورسله فحاسبناها حسابا شديدا وعذبناها عذابا نكرا فذاقت وبال أمرها وكان عاقبة أمرها خسرا أعد الله لهم عذابا شديدا فاتقوا الله يا أولي الألباب الذين آمنوا قد أنزل الله إليكم ذكرا رسولا يتلو عليكم آيات الله مبينات ليخرج الذين آمنوا وعملوا الصالحات من الظلمات إلى النور ومن يؤمن بالله ويعمل صالحا يدخله جنات تجري من تحتها الأنهار خالدين فيها أبدا قد أحسن الله له رزقا الله الذي خلق سبع سماوات ومن الأرض مثلهن يتنزل الأمر بينهن لتعلموا أن الله على كل شيء قدير وأن الله قد أحاط بكل شيء علما,065006-065012,high,"[{""id"": ""065006"", ""transcript"": ""أسكنوهن من حيث سكنتم من وجدكم ولا تضاروهن لتضيقوا عليهن وإن كن أولات حمل فأنفقوا عليهن حتى يضعن حملهن فإن أرضعن لكم فآتوهن أجورهن وأتمروا بينكم بمعروف وإن تعاسرتم فسترضع له أخرى""}, {""id"": ""065007"", ""transcript"": ""لينفق ذو سعة من ساعته ومن قدر عليه رزقه فلينفق مما آتاه الله لا يكلف الله نفسا إلا ما آتاها سيجعل الله بعد عسر يسرا""}, {""id"": ""065008"", ""transcript"": ""وكأين من قرية عدت عن أمر ربها ورسله فحاسبناها حسابا شديدا وعذبناها عذابا نكرا""}, {""id"": ""065009"", ""transcript"": ""فذاقت وبال أمرها وكان عاقبة أمرها خسرا""}, {""id"": ""065010"", ""transcript"": ""أعد الله لهم عذابا شديدا فاتقوا الله يا أولي الألباب الذين آمنوا قد أنزل الله إليكم ذكرا""}, {""id"": ""065011"", ""transcript"": ""رسولا يتلو عليكم آيات الله مبينات ليخرج الذين آمنوا وعملوا الصالحات من الظلمات إلى النور ومن يؤمن بالله ويعمل صالحا يدخله جنات تجري من تحتها الأنهار خالدين فيها أبدا قد أحسن الله له رزقا""}, {""id"": ""065012"", ""transcript"": ""الله الذي خلق سبع سماوات ومن الأرض مثلهن يتنزل الأمر بينهن لتعلموا أن الله على كل شيء قدير وأن الله قد أحاط بكل شيء علما""}]","[{""id"": ""065006"", ""type"": ""ayah"", ""ar"": ""أَسْكِنُوهُنَّ مِنْ حَيْثُ سَكَنتُم مِّن وُجْدِكُمْ وَلَا تُضَارُّوهُنَّ لِتُضَيِّقُوا عَلَيْهِنَّ ۚ وَإِن كُنَّ أُولَاتِ حَمْلٍ فَأَنفِقُوا عَلَيْهِنَّ حَتَّىٰ يَضَعْنَ حَمْلَهُنَّ ۚ فَإِنْ أَرْضَعْنَ لَكُمْ فَآتُوهُنَّ أُجُورَهُنَّ ۖ وَأْتَمِرُوا بَيْنَكُم بِمَعْرُوفٍ ۖ وَإِن تَعَاسَرْتُمْ فَسَتُرْضِعُ لَهُ أُخْرَىٰ"", ""clean"": """", ""en"": """"}, {""id"": ""065007"", ""type"": ""ayah"", ""ar"": ""لِيُنفِقْ ذُو سَعَةٍ مِّن سَعَتِهِ ۖ وَمَن قُدِرَ عَلَيْهِ رِزْقُهُ فَلْيُنفِقْ مِمَّا آتَاهُ اللَّهُ ۚ لَا يُكَلِّفُ اللَّهُ نَفْسًا إِلَّا مَا آتَاهَا ۚ سَيَجْعَلُ اللَّهُ بَعْدَ عُسْرٍ يُسْرًا"", ""clean"": """", ""en"": """"}, {""id"": ""065008"", ""type"": ""ayah"", ""ar"": ""وَكَأَيِّن مِّن قَرْيَةٍ عَتَتْ عَنْ أَمْرِ رَبِّهَا وَرُسُلِهِ فَحَاسَبْنَاهَا حِسَابًا شَدِيدًا وَعَذَّبْنَاهَا عَذَابًا نُّكْرًا"", ""clean"": """", ""en"": """"}, {""id"": ""065009"", ""type"": ""ayah"", ""ar"": ""فَذَاقَتْ وَبَالَ أَمْرِهَا وَكَانَ عَاقِبَةُ أَمْرِهَا خُسْرًا"", ""clean"": """", ""en"": """"}, {""id"": ""065010"", ""type"": ""ayah"", ""ar"": ""أَعَدَّ اللَّهُ لَهُمْ عَذَابًا شَدِيدًا ۖ فَاتَّقُوا اللَّهَ يَا أُولِي الْأَلْبَابِ الَّذِينَ آمَنُوا ۚ قَدْ أَنزَلَ اللَّهُ إِلَيْكُمْ ذِكْرًا"", ""clean"": """", ""en"": """"}, {""id"": ""065011"", ""type"": ""ayah"", ""ar"": ""رَّسُولًا يَتْلُو عَلَيْكُمْ آيَاتِ اللَّهِ مُبَيِّنَاتٍ لِّيُخْرِجَ الَّذِينَ آمَنُوا وَعَمِلُوا الصَّالِحَاتِ مِنَ الظُّلُمَاتِ إِلَى النُّورِ ۚ وَمَن يُؤْمِن بِاللَّهِ وَيَعْمَلْ صَالِحًا يُدْخِلْهُ جَنَّاتٍ تَجْرِي مِن تَحْتِهَا الْأَنْهَارُ خَالِدِينَ فِيهَا أَبَدًا ۖ قَدْ أَحْسَنَ اللَّهُ لَهُ رِزْقًا"", ""clean"": """", ""en"": """"}, {""id"": ""065012"", ""type"": ""ayah"", ""ar"": ""اللَّهُ الَّذِي خَلَقَ سَبْعَ سَمَاوَاتٍ وَمِنَ الْأَرْضِ مِثْلَهُنَّ يَتَنَزَّلُ الْأَمْرُ بَيْنَهُنَّ لِتَعْلَمُوا أَنَّ اللَّهَ عَلَىٰ كُلِّ شَيْءٍ قَدِيرٌ وَأَنَّ اللَّهَ قَدْ أَحَاطَ بِكُلِّ شَيْءٍ عِلْمًا"", ""clean"": """", ""en"": """"}]"
train-091,أعوذ بالله من الشيطان الرجيم بسم الله الرحمن الرحيم الحمد لله الذي أنزل على عبده الكتاب ولم يجعل له عوجا قيما لينذر بأسا شديدا من لدنه ويبشر المؤمنين الذين يعملون الصالحات أن لهم أجرا حسنا ماكثين فيه أبدا وينذر الذين قالوا اتخذ الله ولدا ما لهم به من علم ولا لآبائهم كبرت كلمة تخرج من أفواههم إن يقولون إلا كذبا فلعلك باخع نفسك على آثارهم إن لم يؤمنوا بهذا الحديث أسفا إنا جعلنا ما على الأرض زينة لها لنبلوهم أيهم أحسن عملا وإنا لجاعلون ما عليها صعيدا جرزا أم حسبت أن أصحاب الكهف والرقيم كانوا من آياتنا عجبا إذ أوى الفتية إلى الكهف فقالوا ربنا آتنا من لدنك رحمة وهيئ لنا من أمرنا رشدا,018001-018010,high,"[{""id"": ""018001"", ""transcript"": ""الحمد لله الذي أنزل على عبده الكتاب ولم يجعل له عوجا""}, {""id"": ""018002"", ""transcript"": ""قيما لينذر بأسا شديدا من لدنه ويبشر المؤمنين الذين يعملون الصالحات أن لهم أجرا حسنا""}, {""id"": ""018003"", ""transcript"": ""ماكثين فيه أبدا""}, {""id"": ""018004"", ""transcript"": ""وينذر الذين قالوا اتخذ الله ولدا""}, {""id"": ""018005"", ""transcript"": ""ما لهم به من علم ولا لآبائهم كبرت كلمة تخرج من أفواههم إن يقولون إلا كذبا""}, {""id"": ""018006"", ""transcript"": ""فلعلك باخع نفسك على آثارهم إن لم يؤمنوا بهذا الحديث أسفا""}, {""id"": ""018007"", ""transcript"": ""إنا جعلنا ما على الأرض زينة لها لنبلوهم أيهم أحسن عملا""}, {""id"": ""018008"", ""transcript"": ""وإنا لجاعلون ما عليها صعيدا جرزا""}, {""id"": ""018009"", ""transcript"": ""أم حسبت أن أصحاب الكهف والرقيم كانوا من آياتنا عجبا""}, {""id"": ""018010"", ""transcript"": ""إذ أوى الفتية إلى الكهف فقالوا ربنا آتنا من لدنك رحمة وهيئ لنا من أمرنا رشدا""}]","[{""id"": ""018001"", ""type"": ""ayah"", ""ar"": ""الْحَمْدُ لِلَّهِ الَّذِي أَنزَلَ عَلَىٰ عَبْدِهِ الْكِتَابَ وَلَمْ يَجْعَل لَّهُ عِوَجًا ۜ"", ""clean"": """", ""en"": """"}, {""id"": ""018002"", ""type"": ""ayah"", ""ar"": ""قَيِّمًا لِّيُنذِرَ بَأْسًا شَدِيدًا مِّن لَّدُنْهُ وَيُبَشِّرَ الْمُؤْمِنِينَ الَّذِينَ يَعْمَلُونَ الصَّالِحَاتِ أَنَّ لَهُمْ أَجْرًا حَسَنًا"", ""clean"": """", ""en"": """"}, {""id"": ""018003"", ""type"": ""ayah"", ""ar"": ""مَّاكِثِينَ فِيهِ أَبَدًا"", ""clean"": """", ""en"": """"}, {""id"": ""018004"", ""type"": ""ayah"", ""ar"": ""وَيُنذِرَ الَّذِينَ قَالُوا اتَّخَذَ اللَّهُ وَلَدًا"", ""clean"": """", ""en"": """"}, {""id"": ""018005"", ""type"": ""ayah"", ""ar"": ""مَّا لَهُم بِهِ مِنْ عِلْمٍ وَلَا لِآبَائِهِمْ ۚ كَبُرَتْ كَلِمَةً تَخْرُجُ مِنْ أَفْوَاهِهِمْ ۚ إِن يَقُولُونَ إِلَّا كَذِبًا"", ""clean"": """", ""en"": """"}, {""id"": ""018006"", ""type"": ""ayah"", ""ar"": ""فَلَعَلَّكَ بَاخِعٌ نَّفْسَكَ عَلَىٰ آثَارِهِمْ إِن لَّمْ يُؤْمِنُوا بِهَـٰذَا الْحَدِيثِ أَسَفًا"", ""clean"": """", ""en"": """"}, {""id"": ""018007"", ""type"": ""ayah"", ""ar"": ""إِنَّا جَعَلْنَا مَا عَلَى الْأَرْضِ زِينَةً لَّهَا لِنَبْلُوَهُمْ أَيُّهُمْ أَحْسَنُ عَمَلًا"", ""clean"": """", ""en"": """"}, {""id"": ""018008"", ""type"": ""ayah"", ""ar"": ""وَإِنَّا لَجَاعِلُونَ مَا عَلَيْهَا صَعِيدًا جُرُزًا"", ""clean"": """", ""en"": """"}, {""id"": ""018009"", ""type"": ""ayah"", ""ar"": ""أَمْ حَسِبْتَ أَنَّ أَصْحَابَ الْكَهْفِ وَالرَّقِيمِ كَانُوا مِنْ آيَاتِنَا عَجَبًا"", ""clean"": """", ""en"": """"}, {""id"": ""018010"", ""type"": ""ayah"", ""ar"": ""إِذْ أَوَى الْفِتْيَةُ إِلَى الْكَهْفِ فَقَالُوا رَبَّنَا آتِنَا مِن لَّدُنكَ رَحْمَةً وَهَيِّئْ لَنَا مِنْ أَمْرِنَا رَشَدًا"", ""clean"": """", ""en"": """"}]"
train-092,ما ننسخ من آية أو ننسها نأت بخير منها أو مثلها ألم تعلم أن الله على كل شيء قدير ألم تعلم أن الله له ملك السماوات والأرض وما لكم من دون الله من ولي ولا نصير أم تريدون أن تسألوا رسولكم كما سئل موسى من قبل ومن يتبدل الكفر بالإيمان فقد ضل سواء السبيل وقد كثير من أهل الكتاب لو يردونكم من بعد ما جاء قد كثير من أهل الكتاب لو يردونكم من بعد إيمانكم كفارا حسدا من عند أنفسهم من بعد ما تبين لهم الحق فاعفوا واصفحوا حتى يأتي الله بأمره إن الله على كل شيء قدير وأقيموا الصلاة وآتوا الزكاة وما تقدموا لأنفسكم من خير تجدوه عند الله إن الله بما تعملون بصير وقالوا لن يدخل الجنة إلا من كان هودا أو نصارى تلك أمانيهم قل هاتوا برهانكم إن كنتم صادقين بلى من أسلم وجهه لله وهو محسن فله أجره عند ربه ولا خوف عليهم ولا هم يحزنون,002106-002112,high,"[{""id"": ""002106"", ""transcript"": ""ما ننسخ من آية أو ننسها نأت بخير منها أو مثلها ألم تعلم أن الله على كل شيء قدير""}, {""id"": ""002107"", ""transcript"": ""ألم تعلم أن الله له ملك السماوات والأرض وما لكم من دون الله من ولي ولا نصير""}, {""id"": ""002108"", ""transcript"": ""أم تريدون أن تسألوا رسولكم كما سئل موسى من قبل ومن يتبدل الكفر بالإيمان فقد ضل سواء السبيل""}, {""id"": ""002109"", ""transcript"": ""وقد كثير من أهل الكتاب لو يردونكم من بعد ما جاء قد كثير من أهل الكتاب لو يردونكم من بعد إيمانكم كفارا حسدا من عند أنفسهم من بعد ما تبين لهم الحق فاعفوا واصفحوا حتى يأتي الله بأمره إن الله على كل شيء قدير""}, {""id"": ""002110"", ""transcript"": ""وأقيموا الصلاة وآتوا الزكاة وما تقدموا لأنفسكم من خير تجدوه عند الله إن الله بما تعملون بصير""}, {""id"": ""002111"", ""transcript"": ""وقالوا لن يدخل الجنة إلا من كان هودا أو نصارى تلك أمانيهم قل هاتوا برهانكم إن كنتم صادقين""}, {""id"": ""002112"", ""transcript"": ""بلى من أسلم وجهه لله وهو محسن فله أجره عند ربه ولا خوف عليهم ولا هم يحزنون""}]","[{""id"": ""002106"", ""type"": ""ayah"", ""ar"": ""۞ مَا نَنسَخْ مِنْ آيَةٍ أَوْ نُنسِهَا نَأْتِ بِخَيْرٍ مِّنْهَا أَوْ مِثْلِهَا ۗ أَلَمْ تَعْلَمْ أَنَّ اللَّهَ عَلَىٰ كُلِّ شَيْءٍ قَدِيرٌ"", ""clean"": """", ""en"": """"}, {""id"": ""002107"", ""type"": ""ayah"", ""ar"": ""أَلَمْ تَعْلَمْ أَنَّ اللَّهَ لَهُ مُلْكُ السَّمَاوَاتِ وَالْأَرْضِ ۗ وَمَا لَكُم مِّن دُونِ اللَّهِ مِن وَلِيٍّ وَلَا نَصِيرٍ"", ""clean"": """", ""en"": """"}, {""id"": ""002108"", ""type"": ""ayah"", ""ar"": ""أَمْ تُرِيدُونَ أَن تَسْأَلُوا رَسُولَكُمْ كَمَا سُئِلَ مُوسَىٰ مِن قَبْلُ ۗ وَمَن يَتَبَدَّلِ الْكُفْرَ بِالْإِيمَانِ فَقَدْ ضَلَّ سَوَاءَ السَّبِيلِ"", ""clean"": """", ""en"": """"}, {""id"": ""002109"", ""type"": ""ayah"", ""ar"": ""وَدَّ كَثِيرٌ مِّنْ أَهْلِ الْكِتَابِ لَوْ يَرُدُّونَكُم مِّن بَعْدِ إِيمَانِكُمْ كُفَّارًا حَسَدًا مِّنْ عِندِ أَنفُسِهِم مِّن بَعْدِ مَا تَبَيَّنَ لَهُمُ الْحَقُّ ۖ فَاعْفُوا وَاصْفَحُوا حَتَّىٰ يَأْتِيَ اللَّهُ بِأَمْرِهِ ۗ إِنَّ اللَّهَ عَلَىٰ كُلِّ شَيْءٍ قَدِيرٌ"", ""clean"": """", ""en"": """"}, {""id"": ""002110"", ""type"": ""ayah"", ""ar"": ""وَأَقِيمُوا الصَّلَاةَ وَآتُوا الزَّكَاةَ ۚ وَمَا تُقَدِّمُوا لِأَنفُسِكُم مِّنْ خَيْرٍ تَجِدُوهُ عِندَ اللَّهِ ۗ إِنَّ اللَّهَ بِمَا تَعْمَلُونَ بَصِيرٌ"", ""clean"": """", ""en"": """"}, {""id"": ""002111"", ""type"": ""ayah"", ""ar"": ""وَقَالُوا لَن يَدْخُلَ الْجَنَّةَ إِلَّا مَن كَانَ هُودًا أَوْ نَصَارَىٰ ۗ تِلْكَ أَمَانِيُّهُمْ ۗ قُلْ هَاتُوا بُرْهَانَكُمْ إِن كُنتُمْ صَادِقِينَ"", ""clean"": """", ""en"": """"}, {""id"": ""002112"", ""type"": ""ayah"", ""ar"": ""بَلَىٰ مَنْ أَسْلَمَ وَجْهَهُ لِلَّهِ وَهُوَ مُحْسِنٌ فَلَهُ أَجْرُهُ عِندَ رَبِّهِ وَلَا خَوْفٌ عَلَيْهِمْ وَلَا هُمْ يَحْزَنُونَ"", ""clean"": """", ""en"": """"}]"
train-093,ولن ترضى عنك اليهود ولا النصارى حتى تتبع ملتهم قل إن هدى الله هو الهدى ولئن اتبعت أهواءهم بعد الذي جاءك من العلم ما لك من الله من ولي ولا نصير الذين آتيناهم الكتاب يتلونه حق تلاوته أولئك يؤمنون به ومن يكفر به فأولئك هم الخاسرون يا بني إسرائيل اذكروا نعمتي التي أنعمت عليكم وأني فضلتكم على العالمين واتقوا يوما لا تجزي نفس عن نفس شيئا ولا يقبل منها عدل ولا تنفعها شفاعة ولا هم ينصرون وإذ ابتلى إبراهيم ربه بكلمات فأتمهن قال إني جاعلك للناس إماما قال ومن ذريتي قال لا ينال عهدي الظالمين وإذ جعلنا البيت مثابة للناس وأمنا واتخذوا من مقام إبراهيم مصلى وعهدنا إلى إبراهيم وإسماعيل أن طهرا بيتي للطائفين والعاكفين والركع السجود وإذ قال إبراهيم رب جعل هذا بلدا آمنا وارزق أهله من الثمرات من آمن منهم بالله واليوم الآخر من آمن منهم بالله واليوم الآخر قال ومن كفر فأمتعه قليلا ثم أضطره إلى عذاب النار وبئس المصير,002120-002126,high,"[{""id"": ""002120"", ""transcript"": ""ولن ترضى عنك اليهود ولا النصارى حتى تتبع ملتهم قل إن هدى الله هو الهدى ولئن اتبعت أهواءهم بعد الذي جاءك من العلم ما لك من الله من ولي ولا نصير""}, {""id"": ""002121"", ""transcript"": ""الذين آتيناهم الكتاب يتلونه حق تلاوته أولئك يؤمنون به ومن يكفر به فأولئك هم الخاسرون""}, {""id"": ""002122"", ""transcript"": ""يا بني إسرائيل اذكروا نعمتي التي أنعمت عليكم وأني فضلتكم على العالمين""}, {""id"": ""002123"", ""transcript"": ""واتقوا يوما لا تجزي نفس عن نفس شيئا ولا يقبل منها عدل ولا تنفعها شفاعة ولا هم ينصرون""}, {""id"": ""002124"", ""transcript"": ""وإذ ابتلى إبراهيم ربه بكلمات فأتمهن قال إني جاعلك للناس إماما قال ومن ذريتي قال لا ينال عهدي الظالمين""}, {""id"": ""002125"", ""transcript"": ""وإذ جعلنا البيت مثابة للناس وأمنا واتخذوا من مقام إبراهيم مصلى وعهدنا إلى إبراهيم وإسماعيل أن طهرا بيتي للطائفين والعاكفين والركع السجود""}, {""id"": ""002126"", ""transcript"": ""وإذ قال إبراهيم رب جعل هذا بلدا آمنا وارزق أهله من الثمرات من آمن منهم بالله واليوم الآخر من آمن منهم بالله واليوم الآخر قال ومن كفر فأمتعه قليلا ثم أضطره إلى عذاب النار وبئس المصير""}]","[{""id"": ""002120"", ""type"": ""ayah"", ""ar"": ""وَلَن تَرْضَىٰ عَنكَ الْيَهُودُ وَلَا النَّصَارَىٰ حَتَّىٰ تَتَّبِعَ مِلَّتَهُمْ ۗ قُلْ إِنَّ هُدَى اللَّهِ هُوَ الْهُدَىٰ ۗ وَلَئِنِ اتَّبَعْتَ أَهْوَاءَهُم بَعْدَ الَّذِي جَاءَكَ مِنَ الْعِلْمِ ۙ مَا لَكَ مِنَ اللَّهِ مِن وَلِيٍّ وَلَا نَصِيرٍ"", ""clean"": """", ""en"": """"}, {""id"": ""002121"", ""type"": ""ayah"", ""ar"": ""الَّذِينَ آتَيْنَاهُمُ الْكِتَابَ يَتْلُونَهُ حَقَّ تِلَاوَتِهِ أُولَـٰئِكَ يُؤْمِنُونَ بِهِ ۗ وَمَن يَكْفُرْ بِهِ فَأُولَـٰئِكَ هُمُ الْخَاسِرُونَ"", ""clean"": """", ""en"": """"}, {""id"": ""002122"", ""type"": ""ayah"", ""ar"": ""يَا بَنِي إِسْرَائِيلَ اذْكُرُوا نِعْمَتِيَ الَّتِي أَنْعَمْتُ عَلَيْكُمْ وَأَنِّي فَضَّلْتُكُمْ عَلَى الْعَالَمِينَ"", ""clean"": """", ""en"": """"}, {""id"": ""002123"", ""type"": ""ayah"", ""ar"": ""وَاتَّقُوا يَوْمًا لَّا تَجْزِي نَفْسٌ عَن نَّفْسٍ شَيْئًا وَلَا يُقْبَلُ مِنْهَا عَدْلٌ وَلَا تَنفَعُهَا شَفَاعَةٌ وَلَا هُمْ يُنصَرُونَ"", ""clean"": """", ""en"": """"}, {""id"": ""002124"", ""type"": ""ayah"", ""ar"": ""۞ وَإِذِ ابْتَلَىٰ إِبْرَاهِيمَ رَبُّهُ بِكَلِمَاتٍ فَأَتَمَّهُنَّ ۖ قَالَ إِنِّي جَاعِلُكَ لِلنَّاسِ إِمَامًا ۖ قَالَ وَمِن ذُرِّيَّتِي ۖ قَالَ لَا يَنَالُ عَهْدِي الظَّالِمِينَ"", ""clean"": """", ""en"": """"}, {""id"": ""002125"", ""type"": ""ayah"", ""ar"": ""وَإِذْ جَعَلْنَا الْبَيْتَ مَثَابَةً لِّلنَّاسِ وَأَمْنًا وَاتَّخِذُوا مِن مَّقَامِ إِبْرَاهِيمَ مُصَلًّى ۖ وَعَهِدْنَا إِلَىٰ إِبْرَاهِيمَ وَإِسْمَاعِيلَ أَن طَهِّرَا بَيْتِيَ لِلطَّائِفِينَ وَالْعَاكِفِينَ وَالرُّكَّعِ السُّجُودِ"", ""clean"": """", ""en"": """"}, {""id"": ""002126"", ""type"": ""ayah"", ""ar"": ""وَإِذْ قَالَ إِبْرَاهِيمُ رَبِّ اجْعَلْ هَـٰذَا بَلَدًا آمِنًا وَارْزُقْ أَهْلَهُ مِنَ الثَّمَرَاتِ مَنْ آمَنَ مِنْهُم بِاللَّهِ وَالْيَوْمِ الْآخِرِ ۖ قَالَ وَمَن كَفَرَ فَأُمَتِّعُهُ قَلِيلًا ثُمَّ أَضْطَرُّهُ إِلَىٰ عَذَابِ النَّارِ ۖ وَبِئْسَ الْمَصِيرُ"", ""clean"": """", ""en"": """"}]"
train-094,يا أيها الذين آمنوا لا تقولوا راعنا وقولوا انظرنا واسمعوا وللكافرين عذاب أليم ما يود الذين كفروا من أهل الكتاب ولا المشركين أن ينزل عليكم من خير من ربكم والله يختص برحمته من يشاء والله ذو الفضل العظيم,002104-002105,high,"[{""id"": ""002104"", ""transcript"": ""يا أيها الذين آمنوا لا تقولوا راعنا وقولوا انظرنا واسمعوا وللكافرين عذاب أليم""}, {""id"": ""002105"", ""transcript"": ""ما يود الذين كفروا من أهل الكتاب ولا المشركين أن ينزل عليكم من خير من ربكم والله يختص برحمته من يشاء والله ذو الفضل العظيم""}]","[{""id"": ""002104"", ""type"": ""ayah"", ""ar"": ""يَا أَيُّهَا الَّذِينَ آمَنُوا لَا تَقُولُوا رَاعِنَا وَقُولُوا انظُرْنَا وَاسْمَعُوا ۗ وَلِلْكَافِرِينَ عَذَابٌ أَلِيمٌ"", ""clean"": """", ""en"": """"}, {""id"": ""002105"", ""type"": ""ayah"", ""ar"": ""مَّا يَوَدُّ الَّذِينَ كَفَرُوا مِنْ أَهْلِ الْكِتَابِ وَلَا الْمُشْرِكِينَ أَن يُنَزَّلَ عَلَيْكُم مِّنْ خَيْرٍ مِّن رَّبِّكُمْ ۗ وَاللَّهُ يَخْتَصُّ بِرَحْمَتِهِ مَن يَشَاءُ ۚ وَاللَّهُ ذُو الْفَضْلِ الْعَظِيمِ"", ""clean"": """", ""en"": """"}]"
train-095,أعوذ بالله من الشيطان الرجيم ولن ترضى عنك اليهود ولا النصارى حتى تتبع ملتهم قل إن هدى الله هو الهدى ولئن اتبعت أهواءهم بعد الذي جاءك من العلم ما لك من الله من ولي ولا نصير ولئن اتبعت أهواءهم من بعد ما جاءك من العلم إنك إذن لمن الظالمين,"002120,002145",high,"[{""id"": ""002120"", ""transcript"": ""ولن ترضى عنك اليهود ولا النصارى حتى تتبع ملتهم قل إن هدى الله هو الهدى ولئن اتبعت أهواءهم بعد الذي جاءك من العلم ما لك من الله من ولي ولا نصير""}, {""id"": ""002145"", ""transcript"": ""ولئن اتبعت أهواءهم من بعد ما جاءك من العلم إنك إذن لمن الظالمين""}]","[{""id"": ""002120"", ""type"": ""ayah"", ""ar"": ""وَلَن تَرْضَىٰ عَنكَ الْيَهُودُ وَلَا النَّصَارَىٰ حَتَّىٰ تَتَّبِعَ مِلَّتَهُمْ ۗ قُلْ إِنَّ هُدَى اللَّهِ هُوَ الْهُدَىٰ ۗ وَلَئِنِ اتَّبَعْتَ أَهْوَاءَهُم بَعْدَ الَّذِي جَاءَكَ مِنَ الْعِلْمِ ۙ مَا لَكَ مِنَ اللَّهِ مِن وَلِيٍّ وَلَا نَصِيرٍ"", ""clean"": """", ""en"": """"}, {""id"": ""002145"", ""type"": ""ayah"", ""ar"": ""وَلَئِنْ أَتَيْتَ الَّذِينَ أُوتُوا الْكِتَابَ بِكُلِّ آيَةٍ مَّا تَبِعُوا قِبْلَتَكَ ۚ وَمَا أَنتَ بِتَابِعٍ قِبْلَتَهُمْ ۚ وَمَا بَعْضُهُم بِتَابِعٍ قِبْلَةَ بَعْضٍ ۚ وَلَئِنِ اتَّبَعْتَ أَهْوَاءَهُم مِّن بَعْدِ مَا جَاءَكَ مِنَ الْعِلْمِ ۙ إِنَّكَ إِذًا لَّمِنَ الظَّالِمِينَ"", ""clean"": """", ""en"": """"}]"
train-096,أعوذ بالله من الشيطان الرجيم يا أيها الذين آمنوا لا تقولوا راعنا وقولوا انظرنا وللكافرين عذاب أليم ما يود الذين كفروا من أهل الكتاب ولا المشركين أن ينزل عليكم من خير من ربكم والله يختص برحمته من يشاء والله ذو الفضل العظيم,002104-002105,high,"[{""id"": ""002104"", ""transcript"": ""يا أيها الذين آمنوا لا تقولوا راعنا وقولوا انظرنا وللكافرين عذاب أليم""}, {""id"": ""002105"", ""transcript"": ""ما يود الذين كفروا من أهل الكتاب ولا المشركين أن ينزل عليكم من خير من ربكم والله يختص برحمته من يشاء والله ذو الفضل العظيم""}]","[{""id"": ""002104"", ""type"": ""ayah"", ""ar"": ""يَا أَيُّهَا الَّذِينَ آمَنُوا لَا تَقُولُوا رَاعِنَا وَقُولُوا انظُرْنَا وَاسْمَعُوا ۗ وَلِلْكَافِرِينَ عَذَابٌ أَلِيمٌ"", ""clean"": """", ""en"": """"}, {""id"": ""002105"", ""type"": ""ayah"", ""ar"": ""مَّا يَوَدُّ الَّذِينَ كَفَرُوا مِنْ أَهْلِ الْكِتَابِ وَلَا الْمُشْرِكِينَ أَن يُنَزَّلَ عَلَيْكُم مِّنْ خَيْرٍ مِّن رَّبِّكُمْ ۗ وَاللَّهُ يَخْتَصُّ بِرَحْمَتِهِ مَن يَشَاءُ ۚ وَاللَّهُ ذُو الْفَضْلِ الْعَظِيمِ"", ""clean"": """", ""en"": """"}]"
train-097,إذا السماء انفطرت إذا السماء انفطرت وإذا الكواكب انتثرت وإذا البحار فجرت وإذا القبور بعثرت علمت نفس ما قدمت وأخرت يا أيها الإنسان ما غرك بربك الكريم الذي خلقك فسواك فعدلك في أي صورة ما شاء ركبك كلا بل تكذبون بالدين وإن عليكم لحافظين كراما كاتبين يعلمون ما تفعلون إن الأبرار لفي نعيم وإن الفجار لفي جحيم يصلونها يوم الدين وما هم عنها بغائبين وما أدراك ما يوم الدين ثم ما أدراك ما يوم الدين يوم لا تملك نفس لنفس شيئا والأمر يومئذ لله,082001-082019,high,"[{""id"": ""082001"", ""transcript"": ""إذا السماء انفطرت""}, {""id"": ""082001"", ""transcript"": ""إذا السماء انفطرت""}, {""id"": ""082002"", ""transcript"": ""وإذا الكواكب انتثرت""}, {""id"": ""082003"", ""transcript"": ""وإذا البحار فجرت""}, {""id"": ""082004"", ""transcript"": ""وإذا القبور بعثرت""}, {""id"": ""082005"", ""transcript"": ""علمت نفس ما قدمت وأخرت""}, {""id"": ""082006"", ""transcript"": ""يا أيها الإنسان ما غرك بربك الكريم""}, {""id"": ""082007"", ""transcript"": ""الذي خلقك فسواك فعدلك""}, {""id"": ""082008"", ""transcript"": ""في أي صورة ما شاء ركبك""}, {""id"": ""082009"", ""transcript"": ""كلا بل تكذبون بالدين""}, {""id"": ""082010"", ""transcript"": ""وإن عليكم لحافظين""}, {""id"": ""082011"", ""transcript"": ""كراما كاتبين""}, {""id"": ""082012"", ""transcript"": ""يعلمون ما تفعلون""}, {""id"": ""082013"", ""transcript"": ""إن الأبرار لفي نعيم""}, {""id"": ""082014"", ""transcript"": ""وإن الفجار لفي جحيم""}, {""id"": ""082015"", ""transcript"": ""يصلونها يوم الدين""}, {""id"": ""082016"", ""transcript"": ""وما هم عنها بغائبين""}, {""id"": ""082017"", ""transcript"": ""وما أدراك ما يوم الدين""}, {""id"": ""082018"", ""transcript"": ""ثم ما أدراك ما يوم الدين""}, {""id"": ""082019"", ""transcript"": ""يوم لا تملك نفس لنفس شيئا والأمر يومئذ لله""}]","[{""id"": ""082001"", ""type"": ""ayah"", ""ar"": ""إِذَا السَّمَاءُ انفَطَرَتْ"", ""clean"": """", ""en"": """"}, {""id"": ""082002"", ""type"": ""ayah"", ""ar"": ""وَإِذَا الْكَوَاكِبُ انتَثَرَتْ"", ""clean"": """", ""en"": """"}, {""id"": ""082003"", ""type"": ""ayah"", ""ar"": ""وَإِذَا الْبِحَارُ فُجِّرَتْ"", ""clean"": """", ""en"": """"}, {""id"": ""082004"", ""type"": ""ayah"", ""ar"": ""وَإِذَا الْقُبُورُ بُعْثِرَتْ"", ""clean"": """", ""en"": """"}, {""id"": ""082005"", ""type"": ""ayah"", ""ar"": ""عَلِمَتْ نَفْسٌ مَّا قَدَّمَتْ وَأَخَّرَتْ"", ""clean"": """", ""en"": """"}, {""id"": ""082006"", ""type"": ""ayah"", ""ar"": ""يَا أَيُّهَا الْإِنسَانُ مَا غَرَّكَ بِرَبِّكَ الْكَرِيمِ"", ""clean"": """", ""en"": """"}, {""id"": ""082007"", ""type"": ""ayah"", ""ar"": ""الَّذِي خَلَقَكَ فَسَوَّاكَ فَعَدَلَكَ"", ""clean"": """", ""en"": """"}, {""id"": ""082008"", ""type"": ""ayah"", ""ar"": ""فِي أَيِّ صُورَةٍ مَّا شَاءَ رَكَّبَكَ"", ""clean"": """", ""en"": """"}, {""id"": ""082009"", ""type"": ""ayah"", ""ar"": ""كَلَّا بَلْ تُكَذِّبُونَ بِالدِّينِ"", ""clean"": """", ""en"": """"}, {""id"": ""082010"", ""type"": ""ayah"", ""ar"": ""وَإِنَّ عَلَيْكُمْ لَحَافِظِينَ"", ""clean"": """", ""en"": """"}, {""id"": ""082011"", ""type"": ""ayah"", ""ar"": ""كِرَامًا كَاتِبِينَ"", ""clean"": """", ""en"": """"}, {""id"": ""082012"", ""type"": ""ayah"", ""ar"": ""يَعْلَمُونَ مَا تَفْعَلُونَ"", ""clean"": """", ""en"": """"}, {""id"": ""082013"", ""type"": ""ayah"", ""ar"": ""إِنَّ الْأَبْرَارَ لَفِي نَعِيمٍ"", ""clean"": """", ""en"": """"}, {""id"": ""082014"", ""type"": ""ayah"", ""ar"": ""وَإِنَّ الْفُجَّارَ لَفِي جَحِيمٍ"", ""clean"": """", ""en"": """"}, {""id"": ""082015"", ""type"": ""ayah"", ""ar"": ""يَصْلَوْنَهَا يَوْمَ الدِّينِ"", ""clean"": """", ""en"": """"}, {""id"": ""082016"", ""type"": ""ayah"", ""ar"": ""وَمَا هُمْ عَنْهَا بِغَائِبِينَ"", ""clean"": """", ""en"": """"}, {""id"": ""082017"", ""type"": ""ayah"", ""ar"": ""وَمَا أَدْرَاكَ مَا يَوْمُ الدِّينِ"", ""clean"": """", ""en"": """"}, {""id"": ""082018"", ""type"": ""ayah"", ""ar"": ""ثُمَّ مَا أَدْرَاكَ مَا يَوْمُ الدِّينِ"", ""clean"": """", ""en"": """"}, {""id"": ""082019"", ""type"": ""ayah"", ""ar"": ""يَوْمَ لَا تَمْلِكُ نَفْسٌ لِّنَفْسٍ شَيْئًا ۖ وَالْأَمْرُ يَوْمَئِذٍ لِّلَّهِ"", ""clean"": """", ""en"": """"}]"
train-098,بسم الله الرحمن الرحيم ويل للمطففين الذين إذا اكتالوا على الناس يستوفون وإذا كالوهم أو وزنوهم يخسرون ألا يظن أولئك أنهم مبعوثون ليوم عظيم يوم يقوم الناس لرب العالمين كلا إن كتاب الفجار لفي سجين وما أدراك ما سجين كتاب مرقوم ويل يومئذ للمكذبين الذين يكذبون بيوم الدين وما يكذب به إلا كل معتد أثيم إذا تتلى عليه آياتنا قال أساطير الأولين كلا بل ران على قلوبهم ما كانوا يكسبون كلا إنهم عن ربهم يومئذ لمحجوبون ثم إنهم لصالو الجحيم ثم يقال هذا الذي كنتم به تكذبون كلا إن كتاب الأبرار لفي عليين وما أدراك ما عليون كتاب مرقوم يشهده المقربون إن الأبرار لفي نعيم على الأرائك ينظرون تعرف في وجوههم نضرة النعيم يسقون من رحيق مختوم ختامه مسك وفي ذلك فليتنافس المتنافسون ومزاجه من تسنيم عينا يشرب بها المقربون إن الأجرم كانوا من الذين آمنوا يضحكون وإذا مروا بهم يتغامزون وإذا انقلبوا إلى أهلهم انقلبوا فكهين وإذا رأوهم قالوا إن هؤلاء لضالون وما أرسلوا عليهم حافظين فاليوم الذين آمنوا من الكفار يضحكون على الأرائك ينظرون هل ثوب الكفار ما كانوا يفعلون,083001-083036,high,"[{""id"": ""083001"", ""transcript"": ""ويل للمطففين""}, {""id"": ""083002"", ""transcript"": ""الذين إذا اكتالوا على الناس يستوفون""}, {""id"": ""083003"", ""transcript"": ""وإذا كالوهم أو وزنوهم يخسرون""}, {""id"": ""083004"", ""transcript"": ""ألا يظن أولئك أنهم مبعوثون""}, {""id"": ""083005"", ""transcript"": ""ليوم عظيم""}, {""id"": ""083006"", ""transcript"": ""يوم يقوم الناس لرب العالمين""}, {""id"": ""083007"", ""transcript"": ""كلا إن كتاب الفجار لفي سجين""}, {""id"": ""083008"", ""transcript"": ""وما أدراك ما سجين""}, {""id"": ""083009"", ""transcript"": ""كتاب مرقوم""}, {""id"": ""083010"", ""transcript"": ""ويل يومئذ للمكذبين""}, {""id"": ""083011"", ""transcript"": ""الذين يكذبون بيوم الدين""}, {""id"": ""083012"", ""transcript"": ""وما يكذب به إلا كل معتد أثيم""}, {""id"": ""083013"", ""transcript"": ""إذا تتلى عليه آياتنا قال أساطير الأولين""}, {""id"": ""083014"", ""transcript"": ""كلا بل ران على قلوبهم ما كانوا يكسبون""}, {""id"": ""083015"", ""transcript"": ""كلا إنهم عن ربهم يومئذ لمحجوبون""}, {""id"": ""083016"", ""transcript"": ""ثم إنهم لصالو الجحيم""}, {""id"": ""083017"", ""transcript"": ""ثم يقال هذا الذي كنتم به تكذبون""}, {""id"": ""083018"", ""transcript"": ""كلا إن كتاب الأبرار لفي عليين""}, {""id"": ""083019"", ""transcript"": ""وما أدراك ما عليون""}, {""id"": ""083020"", ""transcript"": ""كتاب مرقوم""}, {""id"": ""083021"", ""transcript"": ""يشهده المقربون""}, {""id"": ""083022"", ""transcript"": ""إن الأبرار لفي نعيم""}, {""id"": ""083023"", ""transcript"": ""على الأرائك ينظرون""}, {""id"": ""083024"", ""transcript"": ""تعرف في وجوههم نضرة النعيم""}, {""id"": ""083025"", ""transcript"": ""يسقون من رحيق مختوم""}, {""id"": ""083026"", ""transcript"": ""ختامه مسك وفي ذلك فليتنافس المتنافسون""}, {""id"": ""083027"", ""transcript"": ""ومزاجه من تسنيم""}, {""id"": ""083028"", ""transcript"": ""عينا يشرب بها المقربون""}, {""id"": ""083029"", ""transcript"": ""إن الأجرم كانوا من الذين آمنوا يضحكون""}, {""id"": ""083030"", ""transcript"": ""وإذا مروا بهم يتغامزون""}, {""id"": ""083031"", ""transcript"": ""وإذا انقلبوا إلى أهلهم انقلبوا فكهين""}, {""id"": ""083032"", ""transcript"": ""وإذا رأوهم قالوا إن هؤلاء لضالون""}, {""id"": ""083033"", ""transcript"": ""وما أرسلوا عليهم حافظين""}, {""id"": ""083034"", ""transcript"": ""فاليوم الذين آمنوا من الكفار يضحكون""}, {""id"": ""083035"", ""transcript"": ""على الأرائك ينظرون""}, {""id"": ""083036"", ""transcript"": ""هل ثوب الكفار ما كانوا يفعلون""}]","[{""id"": ""083001"", ""type"": ""ayah"", ""ar"": ""وَيْلٌ لِّلْمُطَفِّفِينَ"", ""clean"": """", ""en"": """"}, {""id"": ""083002"", ""type"": ""ayah"", ""ar"": ""الَّذِينَ إِذَا اكْتَالُوا عَلَى النَّاسِ يَسْتَوْفُونَ"", ""clean"": """", ""en"": """"}, {""id"": ""083003"", ""type"": ""ayah"", ""ar"": ""وَإِذَا كَالُوهُمْ أَو وَّزَنُوهُمْ يُخْسِرُونَ"", ""clean"": """", ""en"": """"}, {""id"": ""083004"", ""type"": ""ayah"", ""ar"": ""أَلَا يَظُنُّ أُولَـٰئِكَ أَنَّهُم مَّبْعُوثُونَ"", ""clean"": """", ""en"": """"}, {""id"": ""083005"", ""type"": ""ayah"", ""ar"": ""لِيَوْمٍ عَظِيمٍ"", ""clean"": """", ""en"": """"}, {""id"": ""083006"", ""type"": ""ayah"", ""ar"": ""يَوْمَ يَقُومُ النَّاسُ لِرَبِّ الْعَالَمِينَ"", ""clean"": """", ""en"": """"}, {""id"": ""083007"", ""type"": ""ayah"", ""ar"": ""كَلَّا إِنَّ كِتَابَ الْفُجَّارِ لَفِي سِجِّينٍ"", ""clean"": """", ""en"": """"}, {""id"": ""083008"", ""type"": ""ayah"", ""ar"": ""وَمَا أَدْرَاكَ مَا سِجِّينٌ"", ""clean"": """", ""en"": """"}, {""id"": ""083009"", ""type"": ""ayah"", ""ar"": ""كِتَابٌ مَّرْقُومٌ"", ""clean"": """", ""en"": """"}, {""id"": ""083010"", ""type"": ""ayah"", ""ar"": ""وَيْلٌ يَوْمَئِذٍ لِّلْمُكَذِّبِينَ"", ""clean"": """", ""en"": """"}, {""id"": ""083011"", ""type"": ""ayah"", ""ar"": ""الَّذِينَ يُكَذِّبُونَ بِيَوْمِ الدِّينِ"", ""clean"": """", ""en"": """"}, {""id"": ""083012"", ""type"": ""ayah"", ""ar"": ""وَمَا يُكَذِّبُ بِهِ إِلَّا كُلُّ مُعْتَدٍ أَثِيمٍ"", ""clean"": """", ""en"": """"}, {""id"": ""083013"", ""type"": ""ayah"", ""ar"": ""إِذَا تُتْلَىٰ عَلَيْهِ آيَاتُنَا قَالَ أَسَاطِيرُ الْأَوَّلِينَ"", ""clean"": """", ""en"": """"}, {""id"": ""083014"", ""type"": ""ayah"", ""ar"": ""كَلَّا ۖ بَلْ ۜ رَانَ عَلَىٰ قُلُوبِهِم مَّا كَانُوا يَكْسِبُونَ"", ""clean"": """", ""en"": """"}, {""id"": ""083015"", ""type"": ""ayah"", ""ar"": ""كَلَّا إِنَّهُمْ عَن رَّبِّهِمْ يَوْمَئِذٍ لَّمَحْجُوبُونَ"", ""clean"": """", ""en"": """"}, {""id"": ""083016"", ""type"": ""ayah"", ""ar"": ""ثُمَّ إِنَّهُمْ لَصَالُو الْجَحِيمِ"", ""clean"": """", ""en"": """"}, {""id"": ""083017"", ""type"": ""ayah"", ""ar"": ""ثُمَّ يُقَالُ هَـٰذَا الَّذِي كُنتُم بِهِ تُكَذِّبُونَ"", ""clean"": """", ""en"": """"}, {""id"": ""083018"", ""type"": ""ayah"", ""ar"": ""كَلَّا إِنَّ كِتَابَ الْأَبْرَارِ لَفِي عِلِّيِّينَ"", ""clean"": """", ""en"": """"}, {""id"": ""083019"", ""type"": ""ayah"", ""ar"": ""وَمَا أَدْرَاكَ مَا عِلِّيُّونَ"", ""clean"": """", ""en"": """"}, {""id"": ""083020"", ""type"": ""ayah"", ""ar"": ""كِتَابٌ مَّرْقُومٌ"", ""clean"": """", ""en"": """"}, {""id"": ""083021"", ""type"": ""ayah"", ""ar"": ""يَشْهَدُهُ الْمُقَرَّبُونَ"", ""clean"": """", ""en"": """"}, {""id"": ""083022"", ""type"": ""ayah"", ""ar"": ""إِنَّ الْأَبْرَارَ لَفِي نَعِيمٍ"", ""clean"": """", ""en"": """"}, {""id"": ""083023"", ""type"": ""ayah"", ""ar"": ""عَلَى الْأَرَائِكِ يَنظُرُونَ"", ""clean"": """", ""en"": """"}, {""id"": ""083024"", ""type"": ""ayah"", ""ar"": ""تَعْرِفُ فِي وُجُوهِهِمْ نَضْرَةَ النَّعِيمِ"", ""clean"": """", ""en"": """"}, {""id"": ""083025"", ""type"": ""ayah"", ""ar"": ""يُسْقَوْنَ مِن رَّحِيقٍ مَّخْتُومٍ"", ""clean"": """", ""en"": """"}, {""id"": ""083026"", ""type"": ""ayah"", ""ar"": ""خِتَامُهُ مِسْكٌ ۚ وَفِي ذَٰلِكَ فَلْيَتَنَافَسِ الْمُتَنَافِسُونَ"", ""clean"": """", ""en"": """"}, {""id"": ""083027"", ""type"": ""ayah"", ""ar"": ""وَمِزَاجُهُ مِن تَسْنِيمٍ"", ""clean"": """", ""en"": """"}, {""id"": ""083028"", ""type"": ""ayah"", ""ar"": ""عَيْنًا يَشْرَبُ بِهَا الْمُقَرَّبُونَ"", ""clean"": """", ""en"": """"}, {""id"": ""083029"", ""type"": ""ayah"", ""ar"": ""إِنَّ الَّذِينَ أَجْرَمُوا كَانُوا مِنَ الَّذِينَ آمَنُوا يَضْحَكُونَ"", ""clean"": """", ""en"": """"}, {""id"": ""083030"", ""type"": ""ayah"", ""ar"": ""وَإِذَا مَرُّوا بِهِمْ يَتَغَامَزُونَ"", ""clean"": """", ""en"": """"}, {""id"": ""083031"", ""type"": ""ayah"", ""ar"": ""وَإِذَا انقَلَبُوا إِلَىٰ أَهْلِهِمُ انقَلَبُوا فَكِهِينَ"", ""clean"": """", ""en"": """"}, {""id"": ""083032"", ""type"": ""ayah"", ""ar"": ""وَإِذَا رَأَوْهُمْ قَالُوا إِنَّ هَـٰؤُلَاءِ لَضَالُّونَ"", ""clean"": """", ""en"": """"}, {""id"": ""083033"", ""type"": ""ayah"", ""ar"": ""وَمَا أُرْسِلُوا عَلَيْهِمْ حَافِظِينَ"", ""clean"": """", ""en"": """"}, {""id"": ""083034"", ""type"": ""ayah"", ""ar"": ""فَالْيَوْمَ الَّذِينَ آمَنُوا مِنَ الْكُفَّارِ يَضْحَكُونَ"", ""clean"": """", ""en"": """"}, {""id"": ""083035"", ""type"": ""ayah"", ""ar"": ""عَلَى الْأَرَائِكِ يَنظُرُونَ"", ""clean"": """", ""en"": """"}, {""id"": ""083036"", ""type"": ""ayah"", ""ar"": ""هَلْ ثُوِّبَ الْكُفَّارُ مَا كَانُوا يَفْعَلُونَ"", ""clean"": """", ""en"": """"}]"
train-099,يقول السفهاء من الناس ما ولاف قبلتهم التي كانوا عليها قل لله المشرق والمغرب يهدي من يشاء إلى صراط مستقيم,002142,high,"[{""id"": ""002142"", ""transcript"": ""يقول السفهاء من الناس ما ولاف قبلتهم التي كانوا عليها قل لله المشرق والمغرب يهدي من يشاء إلى صراط مستقيم""}]","[{""id"": ""002142"", ""type"": ""ayah"", ""ar"": ""۞ سَيَقُولُ السُّفَهَاءُ مِنَ النَّاسِ مَا وَلَّاهُمْ عَن قِبْلَتِهِمُ الَّتِي كَانُوا عَلَيْهَا ۚ قُل لِّلَّهِ الْمَشْرِقُ وَالْمَغْرِبُ ۚ يَهْدِي مَن يَشَاءُ إِلَىٰ صِرَاطٍ مُّسْتَقِيمٍ"", ""clean"": """", ""en"": """"}]"
train-100,وكذلك جعلناكم أمة وسطا لتكونوا شهداء على الناس ويكون الرسول عليكم شهيدا وما جعلنا القبلة التي كنت عليها إلا لنعلم من يتبع الرسول ممن ينقلب على عقبيه وإن كانت لكبيرة إلا على الذين هدى الله وما كان الله ليضيع إيمانكم إن الله بالناس لرؤوف رحيم,002143,high,"[{""id"": ""002143"", ""transcript"": ""وكذلك جعلناكم أمة وسطا لتكونوا شهداء على الناس ويكون الرسول عليكم شهيدا وما جعلنا القبلة التي كنت عليها إلا لنعلم من يتبع الرسول ممن ينقلب على عقبيه وإن كانت لكبيرة إلا على الذين هدى الله وما كان الله ليضيع إيمانكم إن الله بالناس لرؤوف رحيم""}]","[{""id"": ""002143"", ""type"": ""ayah"", ""ar"": ""وَكَذَٰلِكَ جَعَلْنَاكُمْ أُمَّةً وَسَطًا لِّتَكُونُوا شُهَدَاءَ عَلَى النَّاسِ وَيَكُونَ الرَّسُولُ عَلَيْكُمْ شَهِيدًا ۗ وَمَا جَعَلْنَا الْقِبْلَةَ الَّتِي كُنتَ عَلَيْهَا إِلَّا لِنَعْلَمَ مَن يَتَّبِعُ الرَّسُولَ مِمَّن يَنقَلِبُ عَلَىٰ عَقِبَيْهِ ۚ وَإِن كَانَتْ لَكَبِيرَةً إِلَّا عَلَى الَّذِينَ هَدَى اللَّهُ ۗ وَمَا كَانَ اللَّهُ لِيُضِيعَ إِيمَانَكُمْ ۚ إِنَّ اللَّهَ بِالنَّاسِ لَرَءُوفٌ رَّحِيمٌ"", ""clean"": """", ""en"": """"}]"
train-101,قد نرى تقلب وجهك في السماء فلنولينك قبلة ترضاها فولي وجهك شطر المسجد الحرام وحيث ما كنتم فولوا وجوهكم شطره لإن وإن الذين أوتوا الكتاب ليعلمون أنه الحق من ربهم وما الله بغافل عما يعملون,002144,high,"[{""id"": ""002144"", ""transcript"": ""قد نرى تقلب وجهك في السماء فلنولينك قبلة ترضاها فولي وجهك شطر المسجد الحرام وحيث ما كنتم فولوا وجوهكم شطره لإن وإن الذين أوتوا الكتاب ليعلمون أنه الحق من ربهم وما الله بغافل عما يعملون""}]","[{""id"": ""002144"", ""type"": ""ayah"", ""ar"": ""قَدْ نَرَىٰ تَقَلُّبَ وَجْهِكَ فِي السَّمَاءِ ۖ فَلَنُوَلِّيَنَّكَ قِبْلَةً تَرْضَاهَا ۚ فَوَلِّ وَجْهَكَ شَطْرَ الْمَسْجِدِ الْحَرَامِ ۚ وَحَيْثُ مَا كُنتُمْ فَوَلُّوا وُجُوهَكُمْ شَطْرَهُ ۗ وَإِنَّ الَّذِينَ أُوتُوا الْكِتَابَ لَيَعْلَمُونَ أَنَّهُ الْحَقُّ مِن رَّبِّهِمْ ۗ وَمَا اللَّهُ بِغَافِلٍ عَمَّا يَعْمَلُونَ"", ""clean"": """", ""en"": """"}]"
train-102,سيقول السفهاء من الناس ما ولاهم عن قبلتهم التي كانوا عليها قل لله المشرق والمغرب يهدي من يشاء إلى صراط مستقيم وكذلك جعلناكم أمة وسطا لتكونوا شهداء على الناس ويكون الرسول عليكم شهيدا وما جعلنا القبلة التي كنت عليها إلا لنعلم من يتبع الرسول ممن ينقلب على عقبيه وإن كانت لكبيرة إلا على الذين هدى الله وما كان الله ليضيع إيمانكم إن الله بالناس لرءوف رحيم قد نرى تقلب وجهك في السماء فلنولينك قبلة ترضاها فولي وجهك شطر المسجد الحرام وحيثما كنتم فولوا وجوهكم شطره وإن الذين أوتوا الكتاب ليعلمون أنه الحق من ربهم وما الله بغافل عما يعملون وكذلك ولئن أتيت الذين أوتوا الكتاب بكل آية ما تبعوا قبلتك وما أنت بتابع قبلتهم وما بعضهم بتابع قبلة بعض ولئن اتبعت أهواءهم من بعد ما جاءك من العلم إنك إذا لمن الظالمين,002142-002145,high,"[{""id"": ""002142"", ""transcript"": ""سيقول السفهاء من الناس ما ولاهم عن قبلتهم التي كانوا عليها قل لله المشرق والمغرب يهدي من يشاء إلى صراط مستقيم""}, {""id"": ""002143"", ""transcript"": ""وكذلك جعلناكم أمة وسطا لتكونوا شهداء على الناس ويكون الرسول عليكم شهيدا وما جعلنا القبلة التي كنت عليها إلا لنعلم من يتبع الرسول ممن ينقلب على عقبيه وإن كانت لكبيرة إلا على الذين هدى الله وما كان الله ليضيع إيمانكم إن الله بالناس لرءوف رحيم""}, {""id"": ""002144"", ""transcript"": ""قد نرى تقلب وجهك في السماء فلنولينك قبلة ترضاها فولي وجهك شطر المسجد الحرام وحيثما كنتم فولوا وجوهكم شطره وإن الذين أوتوا الكتاب ليعلمون أنه الحق من ربهم وما الله بغافل عما يعملون""}, {""id"": ""002145"", ""transcript"": ""وكذلك ولئن أتيت الذين أوتوا الكتاب بكل آية ما تبعوا قبلتك وما أنت بتابع قبلتهم وما بعضهم بتابع قبلة بعض ولئن اتبعت أهواءهم من بعد ما جاءك من العلم إنك إذا لمن الظالمين""}]","[{""id"": ""002142"", ""type"": ""ayah"", ""ar"": ""۞ سَيَقُولُ السُّفَهَاءُ مِنَ النَّاسِ مَا وَلَّاهُمْ عَن قِبْلَتِهِمُ الَّتِي كَانُوا عَلَيْهَا ۚ قُل لِّلَّهِ الْمَشْرِقُ وَالْمَغْرِبُ ۚ يَهْدِي مَن يَشَاءُ إِلَىٰ صِرَاطٍ مُّسْتَقِيمٍ"", ""clean"": """", ""en"": """"}, {""id"": ""002143"", ""type"": ""ayah"", ""ar"": ""وَكَذَٰلِكَ جَعَلْنَاكُمْ أُمَّةً وَسَطًا لِّتَكُونُوا شُهَدَاءَ عَلَى النَّاسِ وَيَكُونَ الرَّسُولُ عَلَيْكُمْ شَهِيدًا ۗ وَمَا جَعَلْنَا الْقِبْلَةَ الَّتِي كُنتَ عَلَيْهَا إِلَّا لِنَعْلَمَ مَن يَتَّبِعُ الرَّسُولَ مِمَّن يَنقَلِبُ عَلَىٰ عَقِبَيْهِ ۚ وَإِن كَانَتْ لَكَبِيرَةً إِلَّا عَلَى الَّذِينَ هَدَى اللَّهُ ۗ وَمَا كَانَ اللَّهُ لِيُضِيعَ إِيمَانَكُمْ ۚ إِنَّ اللَّهَ بِالنَّاسِ لَرَءُوفٌ رَّحِيمٌ"", ""clean"": """", ""en"": """"}, {""id"": ""002144"", ""type"": ""ayah"", ""ar"": ""قَدْ نَرَىٰ تَقَلُّبَ وَجْهِكَ فِي السَّمَاءِ ۖ فَلَنُوَلِّيَنَّكَ قِبْلَةً تَرْضَاهَا ۚ فَوَلِّ وَجْهَكَ شَطْرَ الْمَسْجِدِ الْحَرَامِ ۚ وَحَيْثُ مَا كُنتُمْ فَوَلُّوا وُجُوهَكُمْ شَطْرَهُ ۗ وَإِنَّ الَّذِينَ أُوتُوا الْكِتَابَ لَيَعْلَمُونَ أَنَّهُ الْحَقُّ مِن رَّبِّهِمْ ۗ وَمَا اللَّهُ بِغَافِلٍ عَمَّا يَعْمَلُونَ"", ""clean"": """", ""en"": """"}, {""id"": ""002145"", ""type"": ""ayah"", ""ar"": ""وَلَئِنْ أَتَيْتَ الَّذِينَ أُوتُوا الْكِتَابَ بِكُلِّ آيَةٍ مَّا تَبِعُوا قِبْلَتَكَ ۚ وَمَا أَنتَ بِتَابِعٍ قِبْلَتَهُمْ ۚ وَمَا بَعْضُهُم بِتَابِعٍ قِبْلَةَ بَعْضٍ ۚ وَلَئِنِ اتَّبَعْتَ أَهْوَاءَهُم مِّن بَعْدِ مَا جَاءَكَ مِنَ الْعِلْمِ ۙ إِنَّكَ إِذًا لَّمِنَ الظَّالِمِينَ"", ""clean"": """", ""en"": """"}]"
train-103,الذين آتيناهم الكتاب يعرفونه كما يعرفون أبناءهم وإن فريقا منهم ليكتمون الحق وهم يعلمون الحق من ربك فلا تكونن من الممترين ولكل وجهة هو موليها فاستبقوا الخيرات أينما تكونوا يأت بكم الله جميعا إن الله على كل شيء قدير ومن حيث خرجت فول وجهك شطر المسجد الحرام وحيثما كنتم فولوا وجوهكم شطره لئلا يكون للناس عليكم حجة إلا الذين ظلموا منهم فلا تخشوهم واخشوني ولأتم نعمتي عليكم ولعلكم تهتدون كما أرسلنا فيكم رسولا منكم يتلو عليكم آياتنا ويزكيكم ويعلمكم الكتاب والحكمة ويعلمكم ما لم تكونوا تعلمون فاذكروني أذكركم واشكروا لي ولا تكفرون يا أيها الذين آمنوا استعينوا بالصبر والصلاة إن الله مع الصابرين,002146-002153,high,"[{""id"": ""002146"", ""transcript"": ""الذين آتيناهم الكتاب يعرفونه كما يعرفون أبناءهم وإن فريقا منهم ليكتمون الحق وهم يعلمون""}, {""id"": ""002147"", ""transcript"": ""الحق من ربك فلا تكونن من الممترين""}, {""id"": ""002148"", ""transcript"": ""ولكل وجهة هو موليها فاستبقوا الخيرات أينما تكونوا يأت بكم الله جميعا إن الله على كل شيء قدير""}, {""id"": ""002149"", ""transcript"": ""ومن حيث خرجت فول وجهك شطر المسجد الحرام""}, {""id"": ""002150"", ""transcript"": ""وحيثما كنتم فولوا وجوهكم شطره لئلا يكون للناس عليكم حجة إلا الذين ظلموا منهم فلا تخشوهم واخشوني ولأتم نعمتي عليكم ولعلكم تهتدون""}, {""id"": ""002151"", ""transcript"": ""كما أرسلنا فيكم رسولا منكم يتلو عليكم آياتنا ويزكيكم ويعلمكم الكتاب والحكمة ويعلمكم ما لم تكونوا تعلمون""}, {""id"": ""002152"", ""transcript"": ""فاذكروني أذكركم واشكروا لي ولا تكفرون""}, {""id"": ""002153"", ""transcript"": ""يا أيها الذين آمنوا استعينوا بالصبر والصلاة إن الله مع الصابرين""}]","[{""id"": ""002146"", ""type"": ""ayah"", ""ar"": ""الَّذِينَ آتَيْنَاهُمُ الْكِتَابَ يَعْرِفُونَهُ كَمَا يَعْرِفُونَ أَبْنَاءَهُمْ ۖ وَإِنَّ فَرِيقًا مِّنْهُمْ لَيَكْتُمُونَ الْحَقَّ وَهُمْ يَعْلَمُونَ"", ""clean"": """", ""en"": """"}, {""id"": ""002147"", ""type"": ""ayah"", ""ar"": ""الْحَقُّ مِن رَّبِّكَ ۖ فَلَا تَكُونَنَّ مِنَ الْمُمْتَرِينَ"", ""clean"": """", ""en"": """"}, {""id"": ""002148"", ""type"": ""ayah"", ""ar"": ""وَلِكُلٍّ وِجْهَةٌ هُوَ مُوَلِّيهَا ۖ فَاسْتَبِقُوا الْخَيْرَاتِ ۚ أَيْنَ مَا تَكُونُوا يَأْتِ بِكُمُ اللَّهُ جَمِيعًا ۚ إِنَّ اللَّهَ عَلَىٰ كُلِّ شَيْءٍ قَدِيرٌ"", ""clean"": """", ""en"": """"}, {""id"": ""002149"", ""type"": ""ayah"", ""ar"": ""وَمِنْ حَيْثُ خَرَجْتَ فَوَلِّ وَجْهَكَ شَطْرَ الْمَسْجِدِ الْحَرَامِ ۖ وَإِنَّهُ لَلْحَقُّ مِن رَّبِّكَ ۗ وَمَا اللَّهُ بِغَافِلٍ عَمَّا تَعْمَلُونَ"", ""clean"": """", ""en"": """"}, {""id"": ""002150"", ""type"": ""ayah"", ""ar"": ""وَمِنْ حَيْثُ خَرَجْتَ فَوَلِّ وَجْهَكَ شَطْرَ الْمَسْجِدِ الْحَرَامِ ۚ وَحَيْثُ مَا كُنتُمْ فَوَلُّوا وُجُوهَكُمْ شَطْرَهُ لِئَلَّا يَكُونَ لِلنَّاسِ عَلَيْكُمْ حُجَّةٌ إِلَّا الَّذِينَ ظَلَمُوا مِنْهُمْ فَلَا تَخْشَوْهُمْ وَاخْشَوْنِي وَلِأُتِمَّ نِعْمَتِي عَلَيْكُمْ وَلَعَلَّكُمْ تَهْتَدُونَ"", ""clean"": """", ""en"": """"}, {""id"": ""002151"", ""type"": ""ayah"", ""ar"": ""كَمَا أَرْسَلْنَا فِيكُمْ رَسُولًا مِّنكُمْ يَتْلُو عَلَيْكُمْ آيَاتِنَا وَيُزَكِّيكُمْ وَيُعَلِّمُكُمُ الْكِتَابَ وَالْحِكْمَةَ وَيُعَلِّمُكُم مَّا لَمْ تَكُونُوا تَعْلَمُونَ"", ""clean"": """", ""en"": """"}, {""id"": ""002152"", ""type"": ""ayah"", ""ar"": ""فَاذْكُرُونِي أَذْكُرْكُمْ وَاشْكُرُوا لِي وَلَا تَكْفُرُونِ"", ""clean"": """", ""en"": """"}, {""id"": ""002153"", ""type"": ""ayah"", ""ar"": ""يَا أَيُّهَا الَّذِينَ آمَنُوا اسْتَعِينُوا بِالصَّبْرِ وَالصَّلَاةِ ۚ إِنَّ اللَّهَ مَعَ الصَّابِرِينَ"", ""clean"": """", ""en"": """"}]"
train-104,يا أيها الذين آمنوا كتب عليكم القصاص في القتلى الحر بالحر والعبد بالعبد والأنثى بالأنثى فمن عفي له من أخيه شيء فاتباع بالمعروف وأداء إليه بإحسان ذلك تخفيف من ربكم ورحمة فمن اعتدى بعد ذلك فله عذاب أليم ولكم في القصاص حياة يا أولي الألباب لعلكم يعقلون,002178-002179,high,"[{""id"": ""002178"", ""transcript"": ""يا أيها الذين آمنوا كتب عليكم القصاص في القتلى الحر بالحر والعبد بالعبد والأنثى بالأنثى فمن عفي له من أخيه شيء فاتباع بالمعروف وأداء إليه بإحسان ذلك تخفيف من ربكم ورحمة فمن اعتدى بعد ذلك فله عذاب أليم""}, {""id"": ""002179"", ""transcript"": ""ولكم في القصاص حياة يا أولي الألباب لعلكم يعقلون""}]","[{""id"": ""002178"", ""type"": ""ayah"", ""ar"": ""يَا أَيُّهَا الَّذِينَ آمَنُوا كُتِبَ عَلَيْكُمُ الْقِصَاصُ فِي الْقَتْلَى ۖ الْحُرُّ بِالْحُرِّ وَالْعَبْدُ بِالْعَبْدِ وَالْأُنثَىٰ بِالْأُنثَىٰ ۚ فَمَنْ عُفِيَ لَهُ مِنْ أَخِيهِ شَيْءٌ فَاتِّبَاعٌ بِالْمَعْرُوفِ وَأَدَاءٌ إِلَيْهِ بِإِحْسَانٍ ۗ ذَٰلِكَ تَخْفِيفٌ مِّن رَّبِّكُمْ وَرَحْمَةٌ ۗ فَمَنِ اعْتَدَىٰ بَعْدَ ذَٰلِكَ فَلَهُ عَذَابٌ أَلِيمٌ"", ""clean"": """", ""en"": """"}, {""id"": ""002179"", ""type"": ""ayah"", ""ar"": ""وَلَكُمْ فِي الْقِصَاصِ حَيَاةٌ يَا أُولِي الْأَلْبَابِ لَعَلَّكُمْ تَتَّقُونَ"", ""clean"": """", ""en"": """"}]"
train-105,ولكم في القصاص حياة يا أولي الألباب لعلكم تتقون كتب عليكم إذا حضر أحدكم الموت إن ترك خيرا الوصية للوالدين والأقربين بالمعروف,002179-002180,high,"[{""id"": ""002179"", ""transcript"": ""ولكم في القصاص حياة يا أولي الألباب لعلكم تتقون""}, {""id"": ""002180"", ""transcript"": ""كتب عليكم إذا حضر أحدكم الموت إن ترك خيرا الوصية للوالدين والأقربين بالمعروف""}]","[{""id"": ""002179"", ""type"": ""ayah"", ""ar"": ""وَلَكُمْ فِي الْقِصَاصِ حَيَاةٌ يَا أُولِي الْأَلْبَابِ لَعَلَّكُمْ تَتَّقُونَ"", ""clean"": """", ""en"": """"}, {""id"": ""002180"", ""type"": ""ayah"", ""ar"": ""كُتِبَ عَلَيْكُمْ إِذَا حَضَرَ أَحَدَكُمُ الْمَوْتُ إِن تَرَكَ خَيْرًا الْوَصِيَّةُ لِلْوَالِدَيْنِ وَالْأَقْرَبِينَ بِالْمَعْرُوفِ ۖ حَقًّا عَلَى الْمُتَّقِينَ"", ""clean"": """", ""en"": """"}]"
train-106,كتب عليكم إذا حضر أحدكم الموت إن ترك خيرا الوصية للوالدين والأقربين بالمعروف حقا على المتقين فمن بدله بعد ما سمعه فإنما إثمه على الذين يبدلونه إن الله سميع عليم,002180-002181,high,"[{""id"": ""002180"", ""transcript"": ""كتب عليكم إذا حضر أحدكم الموت إن ترك خيرا الوصية للوالدين والأقربين بالمعروف حقا على المتقين""}, {""id"": ""002181"", ""transcript"": ""فمن بدله بعد ما سمعه فإنما إثمه على الذين يبدلونه إن الله سميع عليم""}]","[{""id"": ""002180"", ""type"": ""ayah"", ""ar"": ""كُتِبَ عَلَيْكُمْ إِذَا حَضَرَ أَحَدَكُمُ الْمَوْتُ إِن تَرَكَ خَيْرًا الْوَصِيَّةُ لِلْوَالِدَيْنِ وَالْأَقْرَبِينَ بِالْمَعْرُوفِ ۖ حَقًّا عَلَى الْمُتَّقِينَ"", ""clean"": """", ""en"": """"}, {""id"": ""002181"", ""type"": ""ayah"", ""ar"": ""فَمَن بَدَّلَهُ بَعْدَ مَا سَمِعَهُ فَإِنَّمَا إِثْمُهُ عَلَى الَّذِينَ يُبَدِّلُونَهُ ۚ إِنَّ اللَّهَ سَمِيعٌ عَلِيمٌ"", ""clean"": """", ""en"": """"}]"
train-107,فمن خاف من موص جنفا أو إثما فأصلح بينهم فلا إثم عليه إن الله غفور رحيم,002182,high,"[{""id"": ""002182"", ""transcript"": ""فمن خاف من موص جنفا أو إثما فأصلح بينهم فلا إثم عليه إن الله غفور رحيم""}]","[{""id"": ""002182"", ""type"": ""ayah"", ""ar"": ""فَمَنْ خَافَ مِن مُّوصٍ جَنَفًا أَوْ إِثْمًا فَأَصْلَحَ بَيْنَهُمْ فَلَا إِثْمَ عَلَيْهِ ۚ إِنَّ اللَّهَ غَفُورٌ رَّحِيمٌ"", ""clean"": """", ""en"": """"}]"
train-108,فمن خاف من موص جنفا أو إثما فأصلح بينهما فلا إثم عليه إن الله غفور رحيم يا أيها الذين آمنوا كتب عليكم الصيام كما كتب على الذين من قبلكم لعلكم تتقون أياما معدودات فمن كان منكم مريضا أو على سفر فعدة من أيام أخر وعلى الذين يطيقونه فدية طعام مسكين,002182-002184,high,"[{""id"": ""002182"", ""transcript"": ""فمن خاف من موص جنفا أو إثما فأصلح بينهما فلا إثم عليه إن الله غفور رحيم""}, {""id"": ""002183"", ""transcript"": ""يا أيها الذين آمنوا كتب عليكم الصيام كما كتب على الذين من قبلكم لعلكم تتقون""}, {""id"": ""002184"", ""transcript"": ""أياما معدودات فمن كان منكم مريضا أو على سفر فعدة من أيام أخر وعلى الذين يطيقونه فدية طعام مسكين""}]","[{""id"": ""002182"", ""type"": ""ayah"", ""ar"": ""فَمَنْ خَافَ مِن مُّوصٍ جَنَفًا أَوْ إِثْمًا فَأَصْلَحَ بَيْنَهُمْ فَلَا إِثْمَ عَلَيْهِ ۚ إِنَّ اللَّهَ غَفُورٌ رَّحِيمٌ"", ""clean"": """", ""en"": """"}, {""id"": ""002183"", ""type"": ""ayah"", ""ar"": ""يَا أَيُّهَا الَّذِينَ آمَنُوا كُتِبَ عَلَيْكُمُ الصِّيَامُ كَمَا كُتِبَ عَلَى الَّذِينَ مِن قَبْلِكُمْ لَعَلَّكُمْ تَتَّقُونَ"", ""clean"": """", ""en"": """"}, {""id"": ""002184"", ""type"": ""ayah"", ""ar"": ""أَيَّامًا مَّعْدُودَاتٍ ۚ فَمَن كَانَ مِنكُم مَّرِيضًا أَوْ عَلَىٰ سَفَرٍ فَعِدَّةٌ مِّنْ أَيَّامٍ أُخَرَ ۚ وَعَلَى الَّذِينَ يُطِيقُونَهُ فِدْيَةٌ طَعَامُ مِسْكِينٍ ۖ فَمَن تَطَوَّعَ خَيْرًا فَهُوَ خَيْرٌ لَّهُ ۚ وَأَن تَصُومُوا خَيْرٌ لَّكُمْ ۖ إِن كُنتُمْ تَعْلَمُونَ"", ""clean"": """", ""en"": """"}]"
train-109,يا أيها الذين آمنوا كتب عليكم الصيام كما كتب على الذين من قبلكم لعلكم تتقون أياما معدودات فمن كان منكم مريضا أو على سفر فعدة من أيام أخر وعلى الذين يطيقونه فدية طعام مسكين فمن تطوع خيرا فهو خير له وإن الله بما تعملون بصير,002183-002184,high,"[{""id"": ""002183"", ""transcript"": ""يا أيها الذين آمنوا كتب عليكم الصيام كما كتب على الذين من قبلكم لعلكم تتقون""}, {""id"": ""002184"", ""transcript"": ""أياما معدودات فمن كان منكم مريضا أو على سفر فعدة من أيام أخر وعلى الذين يطيقونه فدية طعام مسكين فمن تطوع خيرا فهو خير له وإن الله بما تعملون بصير""}]","[{""id"": ""002183"", ""type"": ""ayah"", ""ar"": ""يَا أَيُّهَا الَّذِينَ آمَنُوا كُتِبَ عَلَيْكُمُ الصِّيَامُ كَمَا كُتِبَ عَلَى الَّذِينَ مِن قَبْلِكُمْ لَعَلَّكُمْ تَتَّقُونَ"", ""clean"": """", ""en"": """"}, {""id"": ""002184"", ""type"": ""ayah"", ""ar"": ""أَيَّامًا مَّعْدُودَاتٍ ۚ فَمَن كَانَ مِنكُم مَّرِيضًا أَوْ عَلَىٰ سَفَرٍ فَعِدَّةٌ مِّنْ أَيَّامٍ أُخَرَ ۚ وَعَلَى الَّذِينَ يُطِيقُونَهُ فِدْيَةٌ طَعَامُ مِسْكِينٍ ۖ فَمَن تَطَوَّعَ خَيْرًا فَهُوَ خَيْرٌ لَّهُ ۚ وَأَن تَصُومُوا خَيْرٌ لَّكُمْ ۖ إِن كُنتُمْ تَعْلَمُونَ"", ""clean"": """", ""en"": """"}]"
train-110,أعوذ بالله من الشيطان الرجيم ليس البر أن تولوا وجوهكم قبل المشرق والمغرب ولكن البر من آمن بالله واليوم الآخر ولكن البر من آمن بالله واليوم الآخر والملائكة والكتاب والنبيين وآتى المال على حبه ذوي القربى واليتامى والمساكين وابن السبيل والسائلين وفي الرقاب وأقام الصلاة وآتى الزكاة والموفون بعهدهم إذا عاهدوا والصابرين في المأساي والضراء وحين البأس أولئك الذين صدقوا وأولئك هم المتقون,002177,high,"[{""id"": ""002177"", ""transcript"": ""ليس البر أن تولوا وجوهكم قبل المشرق والمغرب ولكن البر من آمن بالله واليوم الآخر ولكن البر من آمن بالله واليوم الآخر والملائكة والكتاب والنبيين وآتى المال على حبه ذوي القربى واليتامى والمساكين وابن السبيل والسائلين وفي الرقاب وأقام الصلاة وآتى الزكاة والموفون بعهدهم إذا عاهدوا والصابرين في المأساي والضراء وحين البأس أولئك الذين صدقوا وأولئك هم المتقون""}]","[{""id"": ""002177"", ""type"": ""ayah"", ""ar"": ""۞ لَّيْسَ الْبِرَّ أَن تُوَلُّوا وُجُوهَكُمْ قِبَلَ الْمَشْرِقِ وَالْمَغْرِبِ وَلَـٰكِنَّ الْبِرَّ مَنْ آمَنَ بِاللَّهِ وَالْيَوْمِ الْآخِرِ وَالْمَلَائِكَةِ وَالْكِتَابِ وَالنَّبِيِّينَ وَآتَى الْمَالَ عَلَىٰ حُبِّهِ ذَوِي الْقُرْبَىٰ وَالْيَتَامَىٰ وَالْمَسَاكِينَ وَابْنَ السَّبِيلِ وَالسَّائِلِينَ وَفِي الرِّقَابِ وَأَقَامَ الصَّلَاةَ وَآتَى الزَّكَاةَ وَالْمُوفُونَ بِعَهْدِهِمْ إِذَا عَاهَدُوا ۖ وَالصَّابِرِينَ فِي الْبَأْسَاءِ وَالضَّرَّاءِ وَحِينَ الْبَأْسِ ۗ أُولَـٰئِكَ الَّذِينَ صَدَقُوا ۖ وَأُولَـٰئِكَ هُمُ الْمُتَّقُونَ"", ""clean"": """", ""en"": """"}]"
train-111,يا أيها الذين آمنوا كتب عليكم القصاص في القتلى الحر بالحر والعبد بالعبد والأنثى بالأنثى,002178,high,"[{""id"": ""002178"", ""transcript"": ""يا أيها الذين آمنوا كتب عليكم القصاص في القتلى الحر بالحر والعبد بالعبد والأنثى بالأنثى""}]","[{""id"": ""002178"", ""type"": ""ayah"", ""ar"": ""يَا أَيُّهَا الَّذِينَ آمَنُوا كُتِبَ عَلَيْكُمُ الْقِصَاصُ فِي الْقَتْلَى ۖ الْحُرُّ بِالْحُرِّ وَالْعَبْدُ بِالْعَبْدِ وَالْأُنثَىٰ بِالْأُنثَىٰ ۚ فَمَنْ عُفِيَ لَهُ مِنْ أَخِيهِ شَيْءٌ فَاتِّبَاعٌ بِالْمَعْرُوفِ وَأَدَاءٌ إِلَيْهِ بِإِحْسَانٍ ۗ ذَٰلِكَ تَخْفِيفٌ مِّن رَّبِّكُمْ وَرَحْمَةٌ ۗ فَمَنِ اعْتَدَىٰ بَعْدَ ذَٰلِكَ فَلَهُ عَذَابٌ أَلِيمٌ"", ""clean"": """", ""en"": """"}]"
train-112,ليس البر أن تولوا وجوهكم قبل المشرق والمغرب ولكن البر من آمن بالله واليوم الآخر والملائكة والنبين وآت المال على حبه ذوي القربى واليتامى والمساكين وابن السبيل والسائلين وفي الرقاب وأقام الصلاة وآت الزكاة والموفون بعهدهم إذا عاهدوا والصابرين في البأساء والضراء وحين البأس أولئك الذين صدقوا وأولئك هم المتقون يا أيها الذين آمنوا كتب عليكم القصاص في القتلى الحر بالحر والعبد بالعبد والأنثى بالأنثى فمن عفي له من أخيه فاتباع بالمعروف وأداء إليه بإحسان ذلك تخفيف من ربكم ورحمة فمن اعتدى بعد ذلك فله عذاب أليم ولكم في القصاص حياة يا أولي الألباب لعلكم تتقون كتب عليكم إذا حضر أحدكم الموت إنترك خيرا الوصية للوالدين والأقربين بالمعروف حقا على المتقين فمن بدلها بعد ما سمعها فإنما إثمه على الذين يبدلونه إن الله سميع عليم,002177-002181,high,"[{""id"": ""002177"", ""transcript"": ""ليس البر أن تولوا وجوهكم قبل المشرق والمغرب ولكن البر من آمن بالله واليوم الآخر والملائكة والنبين وآت المال على حبه ذوي القربى واليتامى والمساكين وابن السبيل والسائلين وفي الرقاب وأقام الصلاة وآت الزكاة والموفون بعهدهم إذا عاهدوا والصابرين في البأساء والضراء وحين البأس أولئك الذين صدقوا وأولئك هم المتقون""}, {""id"": ""002178"", ""transcript"": ""يا أيها الذين آمنوا كتب عليكم القصاص في القتلى الحر بالحر والعبد بالعبد والأنثى بالأنثى فمن عفي له من أخيه فاتباع بالمعروف وأداء إليه بإحسان ذلك تخفيف من ربكم ورحمة فمن اعتدى بعد ذلك فله عذاب أليم""}, {""id"": ""002179"", ""transcript"": ""ولكم في القصاص حياة يا أولي الألباب لعلكم تتقون""}, {""id"": ""002180"", ""transcript"": ""كتب عليكم إذا حضر أحدكم الموت إنترك خيرا الوصية للوالدين والأقربين بالمعروف حقا على المتقين""}, {""id"": ""002181"", ""transcript"": ""فمن بدلها بعد ما سمعها فإنما إثمه على الذين يبدلونه إن الله سميع عليم""}]","[{""id"": ""002177"", ""type"": ""ayah"", ""ar"": ""۞ لَّيْسَ الْبِرَّ أَن تُوَلُّوا وُجُوهَكُمْ قِبَلَ الْمَشْرِقِ وَالْمَغْرِبِ وَلَـٰكِنَّ الْبِرَّ مَنْ آمَنَ بِاللَّهِ وَالْيَوْمِ الْآخِرِ وَالْمَلَائِكَةِ وَالْكِتَابِ وَالنَّبِيِّينَ وَآتَى الْمَالَ عَلَىٰ حُبِّهِ ذَوِي الْقُرْبَىٰ وَالْيَتَامَىٰ وَالْمَسَاكِينَ وَابْنَ السَّبِيلِ وَالسَّائِلِينَ وَفِي الرِّقَابِ وَأَقَامَ الصَّلَاةَ وَآتَى الزَّكَاةَ وَالْمُوفُونَ بِعَهْدِهِمْ إِذَا عَاهَدُوا ۖ وَالصَّابِرِينَ فِي الْبَأْسَاءِ وَالضَّرَّاءِ وَحِينَ الْبَأْسِ ۗ أُولَـٰئِكَ الَّذِينَ صَدَقُوا ۖ وَأُولَـٰئِكَ هُمُ الْمُتَّقُونَ"", ""clean"": """", ""en"": """"}, {""id"": ""002178"", ""type"": ""ayah"", ""ar"": ""يَا أَيُّهَا الَّذِينَ آمَنُوا كُتِبَ عَلَيْكُمُ الْقِصَاصُ فِي الْقَتْلَى ۖ الْحُرُّ بِالْحُرِّ وَالْعَبْدُ بِالْعَبْدِ وَالْأُنثَىٰ بِالْأُنثَىٰ ۚ فَمَنْ عُفِيَ لَهُ مِنْ أَخِيهِ شَيْءٌ فَاتِّبَاعٌ بِالْمَعْرُوفِ وَأَدَاءٌ إِلَيْهِ بِإِحْسَانٍ ۗ ذَٰلِكَ تَخْفِيفٌ مِّن رَّبِّكُمْ وَرَحْمَةٌ ۗ فَمَنِ اعْتَدَىٰ بَعْدَ ذَٰلِكَ فَلَهُ عَذَابٌ أَلِيمٌ"", ""clean"": """", ""en"": """"}, {""id"": ""002179"", ""type"": ""ayah"", ""ar"": ""وَلَكُمْ فِي الْقِصَاصِ حَيَاةٌ يَا أُولِي الْأَلْبَابِ لَعَلَّكُمْ تَتَّقُونَ"", ""clean"": """", ""en"": """"}, {""id"": ""002180"", ""type"": ""ayah"", ""ar"": ""كُتِبَ عَلَيْكُمْ إِذَا حَضَرَ أَحَدَكُمُ الْمَوْتُ إِن تَرَكَ خَيْرًا الْوَصِيَّةُ لِلْوَالِدَيْنِ وَالْأَقْرَبِينَ بِالْمَعْرُوفِ ۖ حَقًّا عَلَى الْمُتَّقِينَ"", ""clean"": """", ""en"": """"}, {""id"": ""002181"", ""type"": ""ayah"", ""ar"": ""فَمَن بَدَّلَهُ بَعْدَ مَا سَمِعَهُ فَإِنَّمَا إِثْمُهُ عَلَى الَّذِينَ يُبَدِّلُونَهُ ۚ إِنَّ اللَّهَ سَمِيعٌ عَلِيمٌ"", ""clean"": """", ""en"": """"}]"
train-113,شهر رمضان الذي أنزل فيه القرآن هدى للناس وبينات من الهدى والفرقان فمن شهد منكم الشهر فليصمه وإن كان مريضا أو على سفر فعدة من أيام أخر يريد الله لكم اليسر ولا يريد بكم العسر ولتكملوا العدة ولتكبروا الله على ما هداكم ولعلكم تشكرون,002185,high,"[{""id"": ""002185"", ""transcript"": ""شهر رمضان الذي أنزل فيه القرآن هدى للناس وبينات من الهدى والفرقان فمن شهد منكم الشهر فليصمه وإن كان مريضا أو على سفر فعدة من أيام أخر يريد الله لكم اليسر ولا يريد بكم العسر ولتكملوا العدة ولتكبروا الله على ما هداكم ولعلكم تشكرون""}]","[{""id"": ""002185"", ""type"": ""ayah"", ""ar"": ""شَهْرُ رَمَضَانَ الَّذِي أُنزِلَ فِيهِ الْقُرْآنُ هُدًى لِّلنَّاسِ وَبَيِّنَاتٍ مِّنَ الْهُدَىٰ وَالْفُرْقَانِ ۚ فَمَن شَهِدَ مِنكُمُ الشَّهْرَ فَلْيَصُمْهُ ۖ وَمَن كَانَ مَرِيضًا أَوْ عَلَىٰ سَفَرٍ فَعِدَّةٌ مِّنْ أَيَّامٍ أُخَرَ ۗ يُرِيدُ اللَّهُ بِكُمُ الْيُسْرَ وَلَا يُرِيدُ بِكُمُ الْعُسْرَ وَلِتُكْمِلُوا الْعِدَّةَ وَلِتُكَبِّرُوا اللَّهَ عَلَىٰ مَا هَدَاكُمْ وَلَعَلَّكُمْ تَشْكُرُونَ"", ""clean"": """", ""en"": """"}]"
train-114,أحلت لكم ليلة الصيام الرفث إلى نسائكم هن لباس لكم وأنتم لباس لهن علم الله أنكم كنتم تخونون أنفسكم فتاب عليكم وعفا عنكم فالآن باشروهن وابتغوا ما كتب الله لكم وكلوا واشربوا حتى يتبين لكم الخيط الأبيض من الخيط الأسود من الفجر ثم أتموا الصيام إلى الليل ولا تباشروهن وأنتم عاكفون في المساجد تلك حدود الله فلا تقربوها كذلك يبين الله آياته للناس لعلهم يتقون,002187,high,"[{""id"": ""002187"", ""transcript"": ""أحلت لكم ليلة الصيام الرفث إلى نسائكم هن لباس لكم وأنتم لباس لهن علم الله أنكم كنتم تخونون أنفسكم فتاب عليكم وعفا عنكم فالآن باشروهن وابتغوا ما كتب الله لكم وكلوا واشربوا حتى يتبين لكم الخيط الأبيض من الخيط الأسود من الفجر ثم أتموا الصيام إلى الليل ولا تباشروهن وأنتم عاكفون في المساجد تلك حدود الله فلا تقربوها كذلك يبين الله آياته للناس لعلهم يتقون""}]","[{""id"": ""002187"", ""type"": ""ayah"", ""ar"": ""أُحِلَّ لَكُمْ لَيْلَةَ الصِّيَامِ الرَّفَثُ إِلَىٰ نِسَائِكُمْ ۚ هُنَّ لِبَاسٌ لَّكُمْ وَأَنتُمْ لِبَاسٌ لَّهُنَّ ۗ عَلِمَ اللَّهُ أَنَّكُمْ كُنتُمْ تَخْتَانُونَ أَنفُسَكُمْ فَتَابَ عَلَيْكُمْ وَعَفَا عَنكُمْ ۖ فَالْآنَ بَاشِرُوهُنَّ وَابْتَغُوا مَا كَتَبَ اللَّهُ لَكُمْ ۚ وَكُلُوا وَاشْرَبُوا حَتَّىٰ يَتَبَيَّنَ لَكُمُ الْخَيْطُ الْأَبْيَضُ مِنَ الْخَيْطِ الْأَسْوَدِ مِنَ الْفَجْرِ ۖ ثُمَّ أَتِمُّوا الصِّيَامَ إِلَى اللَّيْلِ ۚ وَلَا تُبَاشِرُوهُنَّ وَأَنتُمْ عَاكِفُونَ فِي الْمَسَاجِدِ ۗ تِلْكَ حُدُودُ اللَّهِ فَلَا تَقْرَبُوهَا ۗ كَذَٰلِكَ يُبَيِّنُ اللَّهُ آيَاتِهِ لِلنَّاسِ لَعَلَّهُمْ يَتَّقُونَ"", ""clean"": """", ""en"": """"}]"
train-115,وحل لكم ليلة الصيام الرفث إلى نسائكم هن لباس لكم وأنتم لباس لهن علم الله أنكم كنتم تختانون أنفسكم فتاب عليكم وعفا عنكم فالآن باشروهن وابتغوا ما كتب الله لكم وكلوا واشربوا حتى يتبين لكم الخيط الأبيض من الخيط الأسود من الفجر ثم أتموا الصيام إلى الليل ولا تباشروهن وأنتم عاكفون في المساجد تلك حدود الله فلا تقربوها كذلك يبين الله آياته للناس لعلهم يتقون ولا تأكلوا بينكم ولا تأكلوا أموالكم بينكم بالباطل وتدلوا بها إلى الحكام لتأكلوا فريقا من أموال الناس وأنتم تعلمون,002187-002188,high,"[{""id"": ""002187"", ""transcript"": ""وحل لكم ليلة الصيام الرفث إلى نسائكم هن لباس لكم وأنتم لباس لهن علم الله أنكم كنتم تختانون أنفسكم فتاب عليكم وعفا عنكم فالآن باشروهن وابتغوا ما كتب الله لكم وكلوا واشربوا حتى يتبين لكم الخيط الأبيض من الخيط الأسود من الفجر ثم أتموا الصيام إلى الليل ولا تباشروهن وأنتم عاكفون في المساجد تلك حدود الله فلا تقربوها كذلك يبين الله آياته للناس لعلهم يتقون""}, {""id"": ""002188"", ""transcript"": ""ولا تأكلوا بينكم ولا تأكلوا أموالكم بينكم بالباطل وتدلوا بها إلى الحكام لتأكلوا فريقا من أموال الناس وأنتم تعلمون""}]","[{""id"": ""002187"", ""type"": ""ayah"", ""ar"": ""أُحِلَّ لَكُمْ لَيْلَةَ الصِّيَامِ الرَّفَثُ إِلَىٰ نِسَائِكُمْ ۚ هُنَّ لِبَاسٌ لَّكُمْ وَأَنتُمْ لِبَاسٌ لَّهُنَّ ۗ عَلِمَ اللَّهُ أَنَّكُمْ كُنتُمْ تَخْتَانُونَ أَنفُسَكُمْ فَتَابَ عَلَيْكُمْ وَعَفَا عَنكُمْ ۖ فَالْآنَ بَاشِرُوهُنَّ وَابْتَغُوا مَا كَتَبَ اللَّهُ لَكُمْ ۚ وَكُلُوا وَاشْرَبُوا حَتَّىٰ يَتَبَيَّنَ لَكُمُ الْخَيْطُ الْأَبْيَضُ مِنَ الْخَيْطِ الْأَسْوَدِ مِنَ الْفَجْرِ ۖ ثُمَّ أَتِمُّوا الصِّيَامَ إِلَى اللَّيْلِ ۚ وَلَا تُبَاشِرُوهُنَّ وَأَنتُمْ عَاكِفُونَ فِي الْمَسَاجِدِ ۗ تِلْكَ حُدُودُ اللَّهِ فَلَا تَقْرَبُوهَا ۗ كَذَٰلِكَ يُبَيِّنُ اللَّهُ آيَاتِهِ لِلنَّاسِ لَعَلَّهُمْ يَتَّقُونَ"", ""clean"": """", ""en"": """"}, {""id"": ""002188"", ""type"": ""ayah"", ""ar"": ""وَلَا تَأْكُلُوا أَمْوَالَكُم بَيْنَكُم بِالْبَاطِلِ وَتُدْلُوا بِهَا إِلَى الْحُكَّامِ لِتَأْكُلُوا فَرِيقًا مِّنْ أَمْوَالِ النَّاسِ بِالْإِثْمِ وَأَنتُمْ تَعْلَمُونَ"", ""clean"": """", ""en"": """"}]"
train-116,تب yad أبي لحبي وتب,111001,medium,"[{""id"": ""111001"", ""transcript"": ""تب yad أبي لحبي وتب""}]","[{""id"": ""111001"", ""type"": ""ayah"", ""ar"": ""تَبَّتْ يَدَا أَبِي لَهَبٍ وَتَبَّ"", ""clean"": """", ""en"": ""Tabbat yadaa abee lahabiw-watab-b""}]"
train-117,فيجيها حل من مسعد,111005,medium,"[{""id"": ""111005"", ""transcript"": ""فيجيها حل من مسعد""}]","[{""id"": ""111005"", ""type"": ""ayah"", ""ar"": ""فِي جِيدِهَا حَبْلٌ مِّن مَّسَدٍ"", ""clean"": """", ""en"": ""Fee jeedihaa ĥablum-mim-masad""}]"
train-118,أعوذ بالله من الشيطان الرجيم بسم الله الرحمن الرحيم ولا ترهقني من أمري عسرا,018073,high,"[{""id"": ""018073"", ""transcript"": ""ولا ترهقني من أمري عسرا""}]","[{""id"": ""018073"", ""type"": ""ayah"", ""ar"": ""قَالَ لَا تُؤَاخِذْنِي بِمَا نَسِيتُ وَلَا تُرْهِقْنِي مِنْ أَمْرِي عُسْرًا"", ""clean"": """", ""en"": """"}]"
train-119,وما تقدموا لأنفسكم من خير تجدوه عند الله هو خيرا وأعظم أجرا,073020,high,"[{""id"": ""073020"", ""transcript"": ""وما تقدموا لأنفسكم من خير تجدوه عند الله هو خيرا وأعظم أجرا""}]","[{""id"": ""073020"", ""type"": ""ayah"", ""ar"": ""۞ إِنَّ رَبَّكَ يَعْلَمُ أَنَّكَ تَقُومُ أَدْنَىٰ مِن ثُلُثَيِ اللَّيْلِ وَنِصْفَهُ وَثُلُثَهُ وَطَائِفَةٌ مِّنَ الَّذِينَ مَعَكَ ۚ وَاللَّهُ يُقَدِّرُ اللَّيْلَ وَالنَّهَارَ ۚ عَلِمَ أَن لَّن تُحْصُوهُ فَتَابَ عَلَيْكُمْ ۖ فَاقْرَءُوا مَا تَيَسَّرَ مِنَ الْقُرْآنِ ۚ عَلِمَ أَن سَيَكُونُ مِنكُم مَّرْضَىٰ ۙ وَآخَرُونَ يَضْرِبُونَ فِي الْأَرْضِ يَبْتَغُونَ مِن فَضْلِ اللَّهِ ۙ وَآخَرُونَ يُقَاتِلُونَ فِي سَبِيلِ اللَّهِ ۖ فَاقْرَءُوا مَا تَيَسَّرَ مِنْهُ ۚ وَأَقِيمُوا الصَّلَاةَ وَآتُوا الزَّكَاةَ وَأَقْرِضُوا اللَّهَ قَرْضًا حَسَنًا ۚ وَمَا تُقَدِّمُوا لِأَنفُسِكُم مِّنْ خَيْرٍ تَجِدُوهُ عِندَ اللَّهِ هُوَ خَيْرًا وَأَعْظَمَ أَجْرًا ۚ وَاسْتَغْفِرُوا اللَّهَ ۖ إِنَّ اللَّهَ غَفُورٌ رَّحِيمٌ"", ""clean"": """", ""en"": """"}]"
train-120,وما تقدموا لأنفسكم من خير تجدوه عند الله هو خيرا وأعظم أجرا,073020,high,"[{""id"": ""073020"", ""transcript"": ""وما تقدموا لأنفسكم من خير تجدوه عند الله هو خيرا وأعظم أجرا""}]","[{""id"": ""073020"", ""type"": ""ayah"", ""ar"": ""۞ إِنَّ رَبَّكَ يَعْلَمُ أَنَّكَ تَقُومُ أَدْنَىٰ مِن ثُلُثَيِ اللَّيْلِ وَنِصْفَهُ وَثُلُثَهُ وَطَائِفَةٌ مِّنَ الَّذِينَ مَعَكَ ۚ وَاللَّهُ يُقَدِّرُ اللَّيْلَ وَالنَّهَارَ ۚ عَلِمَ أَن لَّن تُحْصُوهُ فَتَابَ عَلَيْكُمْ ۖ فَاقْرَءُوا مَا تَيَسَّرَ مِنَ الْقُرْآنِ ۚ عَلِمَ أَن سَيَكُونُ مِنكُم مَّرْضَىٰ ۙ وَآخَرُونَ يَضْرِبُونَ فِي الْأَرْضِ يَبْتَغُونَ مِن فَضْلِ اللَّهِ ۙ وَآخَرُونَ يُقَاتِلُونَ فِي سَبِيلِ اللَّهِ ۖ فَاقْرَءُوا مَا تَيَسَّرَ مِنْهُ ۚ وَأَقِيمُوا الصَّلَاةَ وَآتُوا الزَّكَاةَ وَأَقْرِضُوا اللَّهَ قَرْضًا حَسَنًا ۚ وَمَا تُقَدِّمُوا لِأَنفُسِكُم مِّنْ خَيْرٍ تَجِدُوهُ عِندَ اللَّهِ هُوَ خَيْرًا وَأَعْظَمَ أَجْرًا ۚ وَاسْتَغْفِرُوا اللَّهَ ۖ إِنَّ اللَّهَ غَفُورٌ رَّحِيمٌ"", ""clean"": """", ""en"": """"}]"
train-121,والعصر إن الإنسان لفي خسر إلا الذين آمنوا وعملوا وتواصوا بالحق وتواصوا بالصبر,103001-103003,high,"[{""id"": ""103001"", ""transcript"": ""والعصر""}, {""id"": ""103002"", ""transcript"": ""إن الإنسان لفي خسر""}, {""id"": ""103003"", ""transcript"": ""إلا الذين آمنوا وعملوا وتواصوا بالحق وتواصوا بالصبر""}]","[{""id"": ""103001"", ""type"": ""ayah"", ""ar"": ""وَالْعَصْرِ"", ""clean"": """", ""en"": ""Wal-عaṣr,""}, {""id"": ""103002"", ""type"": ""ayah"", ""ar"": ""إِنَّ الْإِنسَانَ لَفِي خُسْرٍ"", ""clean"": """", ""en"": ""Innal-insaana lafee khusr,""}, {""id"": ""103003"", ""type"": ""ayah"", ""ar"": ""إِلَّا الَّذِينَ آمَنُوا وَعَمِلُوا الصَّالِحَاتِ وَتَوَاصَوْا بِالْحَقِّ وَتَوَاصَوْا بِالصَّبْرِ"", ""clean"": """", ""en"": ""Illal-ladheena aamanoo wa عamiluṣ-ṣaaliĥaati wa tawaaṣaw bil-ĥaqqi wa tawaaṣaw biṣ-ṣabr.""}]"
train-122,كان الناس أمة واحدة فبعث الله النبيين مبشرين ومنذرين وأنزل معهم الكتاب بالحق ليحكم بين الناس ليحكم بين الناس فيما اختلفوا فيه وما اختلفوا إلا من بعد ما جاءتهم البينات بغيا بينهم فهدى الله,002213,high,"[{""id"": ""002213"", ""transcript"": ""كان الناس أمة واحدة فبعث الله النبيين مبشرين ومنذرين وأنزل معهم الكتاب بالحق ليحكم بين الناس ليحكم بين الناس فيما اختلفوا فيه وما اختلفوا إلا من بعد ما جاءتهم البينات بغيا بينهم فهدى الله""}]","[{""id"": ""002213"", ""type"": ""ayah"", ""ar"": ""كَانَ النَّاسُ أُمَّةً وَاحِدَةً فَبَعَثَ اللَّهُ النَّبِيِّينَ مُبَشِّرِينَ وَمُنذِرِينَ وَأَنزَلَ مَعَهُمُ الْكِتَابَ بِالْحَقِّ لِيَحْكُمَ بَيْنَ النَّاسِ فِيمَا اخْتَلَفُوا فِيهِ ۚ وَمَا اخْتَلَفَ فِيهِ إِلَّا الَّذِينَ أُوتُوهُ مِن بَعْدِ مَا جَاءَتْهُمُ الْبَيِّنَاتُ بَغْيًا بَيْنَهُمْ ۖ فَهَدَى اللَّهُ الَّذِينَ آمَنُوا لِمَا اخْتَلَفُوا فِيهِ مِنَ الْحَقِّ بِإِذْنِهِ ۗ وَاللَّهُ يَهْدِي مَن يَشَاءُ إِلَىٰ صِرَاطٍ مُّسْتَقِيمٍ"", ""clean"": """", ""en"": """"}]"
train-123,وراودته التي هو في بيتها عن نفسه وغلقت الأبواب وقالت هيت لك قال معاذ الله إنه ربي,012023,high,"[{""id"": ""012023"", ""transcript"": ""وراودته التي هو في بيتها عن نفسه وغلقت الأبواب وقالت هيت لك قال معاذ الله إنه ربي""}]","[{""id"": ""012023"", ""type"": ""ayah"", ""ar"": ""وَرَاوَدَتْهُ الَّتِي هُوَ فِي بَيْتِهَا عَن نَّفْسِهِ وَغَلَّقَتِ الْأَبْوَابَ وَقَالَتْ هَيْتَ لَكَ ۚ قَالَ مَعَاذَ اللَّهِ ۖ إِنَّهُ رَبِّي أَحْسَنَ مَثْوَايَ ۖ إِنَّهُ لَا يُفْلِحُ الظَّالِمُونَ"", ""clean"": """", ""en"": """"}]"
train-124,ولقد خلقنا الإنسان من سلالة من طين ثم جعلناه نطفة في قرار مكين ثم خلقنا النطفة علقة فخلقنا العلقة مضغة فخلقنا المضغة عظاما فكسونا العظام لحما ثم أنشأناه خلقا آخر فتبارك الله أحسن الخالقين ثم إنكم بعد ذلك لميتون ثم إنكم يوم القيامة تبعثون ولقد خلقنا فوقكم سبع طرائق وما كنا عن الخلق غافلين,023012-023017,high,"[{""id"": ""023012"", ""transcript"": ""ولقد خلقنا الإنسان من سلالة من طين""}, {""id"": ""023013"", ""transcript"": ""ثم جعلناه نطفة في قرار مكين""}, {""id"": ""023014"", ""transcript"": ""ثم خلقنا النطفة علقة فخلقنا العلقة مضغة فخلقنا المضغة عظاما فكسونا العظام لحما ثم أنشأناه خلقا آخر فتبارك الله أحسن الخالقين""}, {""id"": ""023015"", ""transcript"": ""ثم إنكم بعد ذلك لميتون""}, {""id"": ""023016"", ""transcript"": ""ثم إنكم يوم القيامة تبعثون""}, {""id"": ""023017"", ""transcript"": ""ولقد خلقنا فوقكم سبع طرائق وما كنا عن الخلق غافلين""}]","[{""id"": ""023012"", ""type"": ""ayah"", ""ar"": ""وَلَقَدْ خَلَقْنَا الْإِنسَانَ مِن سُلَالَةٍ مِّن طِينٍ"", ""clean"": """", ""en"": """"}, {""id"": ""023013"", ""type"": ""ayah"", ""ar"": ""ثُمَّ جَعَلْنَاهُ نُطْفَةً فِي قَرَارٍ مَّكِينٍ"", ""clean"": """", ""en"": """"}, {""id"": ""023014"", ""type"": ""ayah"", ""ar"": ""ثُمَّ خَلَقْنَا النُّطْفَةَ عَلَقَةً فَخَلَقْنَا الْعَلَقَةَ مُضْغَةً فَخَلَقْنَا الْمُضْغَةَ عِظَامًا فَكَسَوْنَا الْعِظَامَ لَحْمًا ثُمَّ أَنشَأْنَاهُ خَلْقًا آخَرَ ۚ فَتَبَارَكَ اللَّهُ أَحْسَنُ الْخَالِقِينَ"", ""clean"": """", ""en"": """"}, {""id"": ""023015"", ""type"": ""ayah"", ""ar"": ""ثُمَّ إِنَّكُم بَعْدَ ذَٰلِكَ لَمَيِّتُونَ"", ""clean"": """", ""en"": """"}, {""id"": ""023016"", ""type"": ""ayah"", ""ar"": ""ثُمَّ إِنَّكُمْ يَوْمَ الْقِيَامَةِ تُبْعَثُونَ"", ""clean"": """", ""en"": """"}, {""id"": ""023017"", ""type"": ""ayah"", ""ar"": ""وَلَقَدْ خَلَقْنَا فَوْقَكُمْ سَبْعَ طَرَائِقَ وَمَا كُنَّا عَنِ الْخَلْقِ غَافِلِينَ"", ""clean"": """", ""en"": """"}]"
train-125,بسم الله الرحمن الرحيم حم تنزيل الكتاب من الله العزيز الحكيم إن في السماوات والأرض لآيات للمؤمنين وفي خلقكم وما يبث من دابة آيات لقوم يوقنون واختلاف الليل والنهار وما أنزل الله من السماء من رزق فأحيا به الأرض بعد موتها وتصريف الرياح آيات لقوم يعقلون تلك آيات الله نتلوها عليك بالحق فبأي حديث بعد الله وآياته يؤمنون ويل لكل أفاك أثيم يسمع آيات الله تتلى عليه ثم يصر مستكبرا كأن لم يسمعها فبشره بعذاب أليم وإذا علم من آياتنا شيئا اتخذها هزوا أولئك لهم عذاب مهين من ورائهم جهنم ولا يغني عنهم ما كسبوا شيئا ولا ما اتخذوا من دون الله أولياء ولهم عذاب عظيم,045001-045010,high,"[{""id"": ""045001"", ""transcript"": ""حم""}, {""id"": ""045002"", ""transcript"": ""تنزيل الكتاب من الله العزيز الحكيم""}, {""id"": ""045003"", ""transcript"": ""إن في السماوات والأرض لآيات للمؤمنين""}, {""id"": ""045004"", ""transcript"": ""وفي خلقكم وما يبث من دابة آيات لقوم يوقنون""}, {""id"": ""045005"", ""transcript"": ""واختلاف الليل والنهار وما أنزل الله من السماء من رزق فأحيا به الأرض بعد موتها وتصريف الرياح آيات لقوم يعقلون""}, {""id"": ""045006"", ""transcript"": ""تلك آيات الله نتلوها عليك بالحق فبأي حديث بعد الله وآياته يؤمنون""}, {""id"": ""045007"", ""transcript"": ""ويل لكل أفاك أثيم""}, {""id"": ""045008"", ""transcript"": ""يسمع آيات الله تتلى عليه ثم يصر مستكبرا كأن لم يسمعها فبشره بعذاب أليم""}, {""id"": ""045009"", ""transcript"": ""وإذا علم من آياتنا شيئا اتخذها هزوا أولئك لهم عذاب مهين""}, {""id"": ""045010"", ""transcript"": ""من ورائهم جهنم ولا يغني عنهم ما كسبوا شيئا ولا ما اتخذوا من دون الله أولياء ولهم عذاب عظيم""}]","[{""id"": ""045001"", ""type"": ""ayah"", ""ar"": ""حم"", ""clean"": """", ""en"": """"}, {""id"": ""045002"", ""type"": ""ayah"", ""ar"": ""تَنزِيلُ الْكِتَابِ مِنَ اللَّهِ الْعَزِيزِ الْحَكِيمِ"", ""clean"": """", ""en"": """"}, {""id"": ""045003"", ""type"": ""ayah"", ""ar"": ""إِنَّ فِي السَّمَاوَاتِ وَالْأَرْضِ لَآيَاتٍ لِّلْمُؤْمِنِينَ"", ""clean"": """", ""en"": """"}, {""id"": ""045004"", ""type"": ""ayah"", ""ar"": ""وَفِي خَلْقِكُمْ وَمَا يَبُثُّ مِن دَابَّةٍ آيَاتٌ لِّقَوْمٍ يُوقِنُونَ"", ""clean"": """", ""en"": """"}, {""id"": ""045005"", ""type"": ""ayah"", ""ar"": ""وَاخْتِلَافِ اللَّيْلِ وَالنَّهَارِ وَمَا أَنزَلَ اللَّهُ مِنَ السَّمَاءِ مِن رِّزْقٍ فَأَحْيَا بِهِ الْأَرْضَ بَعْدَ مَوْتِهَا وَتَصْرِيفِ الرِّيَاحِ آيَاتٌ لِّقَوْمٍ يَعْقِلُونَ"", ""clean"": """", ""en"": """"}, {""id"": ""045006"", ""type"": ""ayah"", ""ar"": ""تِلْكَ آيَاتُ اللَّهِ نَتْلُوهَا عَلَيْكَ بِالْحَقِّ ۖ فَبِأَيِّ حَدِيثٍ بَعْدَ اللَّهِ وَآيَاتِهِ يُؤْمِنُونَ"", ""clean"": """", ""en"": """"}, {""id"": ""045007"", ""type"": ""ayah"", ""ar"": ""وَيْلٌ لِّكُلِّ أَفَّاكٍ أَثِيمٍ"", ""clean"": """", ""en"": """"}, {""id"": ""045008"", ""type"": ""ayah"", ""ar"": ""يَسْمَعُ آيَاتِ اللَّهِ تُتْلَىٰ عَلَيْهِ ثُمَّ يُصِرُّ مُسْتَكْبِرًا كَأَن لَّمْ يَسْمَعْهَا ۖ فَبَشِّرْهُ بِعَذَابٍ أَلِيمٍ"", ""clean"": """", ""en"": """"}, {""id"": ""045009"", ""type"": ""ayah"", ""ar"": ""وَإِذَا عَلِمَ مِنْ آيَاتِنَا شَيْئًا اتَّخَذَهَا هُزُوًا ۚ أُولَـٰئِكَ لَهُمْ عَذَابٌ مُّهِينٌ"", ""clean"": """", ""en"": """"}, {""id"": ""045010"", ""type"": ""ayah"", ""ar"": ""مِّن وَرَائِهِمْ جَهَنَّمُ ۖ وَلَا يُغْنِي عَنْهُم مَّا كَسَبُوا شَيْئًا وَلَا مَا اتَّخَذُوا مِن دُونِ اللَّهِ أَوْلِيَاءَ ۖ وَلَهُمْ عَذَابٌ عَظِيمٌ"", ""clean"": """", ""en"": """"}]"
train-126,بسم الله الرحمن الرحيم الرحمن علم القرآن خلق الإنسان علمه البيان الشمس والقمر بحسبان والنجم والشجر يسجدان والسماء رفعها ووضع الميزان ألا تطغوا في الميزان وأقيموا الوزن بالقسط ولا تخسروا الميزان والأرض وضعها للأنام فيها فاكهة والنخل ذات الأكمام والحب ذو العصف والريحان فبأي آلاء ربكما تكذبان خلق الإنسان من صلصال كالفخار وخلق الجان من مارج من نار فبأي آلاء ربكما تكذبان رب المشرقين ورب المغربين فبأي آلاء ربكما تكذبان,055001-055018,high,"[{""id"": ""055001"", ""transcript"": ""الرحمن""}, {""id"": ""055002"", ""transcript"": ""علم القرآن""}, {""id"": ""055003"", ""transcript"": ""خلق الإنسان""}, {""id"": ""055004"", ""transcript"": ""علمه البيان""}, {""id"": ""055005"", ""transcript"": ""الشمس والقمر بحسبان""}, {""id"": ""055006"", ""transcript"": ""والنجم والشجر يسجدان""}, {""id"": ""055007"", ""transcript"": ""والسماء رفعها ووضع الميزان""}, {""id"": ""055008"", ""transcript"": ""ألا تطغوا في الميزان""}, {""id"": ""055009"", ""transcript"": ""وأقيموا الوزن بالقسط ولا تخسروا الميزان""}, {""id"": ""055010"", ""transcript"": ""والأرض وضعها للأنام""}, {""id"": ""055011"", ""transcript"": ""فيها فاكهة والنخل ذات الأكمام""}, {""id"": ""055012"", ""transcript"": ""والحب ذو العصف والريحان""}, {""id"": ""055013"", ""transcript"": ""فبأي آلاء ربكما تكذبان""}, {""id"": ""055014"", ""transcript"": ""خلق الإنسان من صلصال كالفخار""}, {""id"": ""055015"", ""transcript"": ""وخلق الجان من مارج من نار""}, {""id"": ""055016"", ""transcript"": ""فبأي آلاء ربكما تكذبان""}, {""id"": ""055017"", ""transcript"": ""رب المشرقين ورب المغربين""}, {""id"": ""055018"", ""transcript"": ""فبأي آلاء ربكما تكذبان""}]","[{""id"": ""055001"", ""type"": ""ayah"", ""ar"": ""الرَّحْمَـٰنُ"", ""clean"": """", ""en"": """"}, {""id"": ""055002"", ""type"": ""ayah"", ""ar"": ""عَلَّمَ الْقُرْآنَ"", ""clean"": """", ""en"": """"}, {""id"": ""055003"", ""type"": ""ayah"", ""ar"": ""خَلَقَ الْإِنسَانَ"", ""clean"": """", ""en"": """"}, {""id"": ""055004"", ""type"": ""ayah"", ""ar"": ""عَلَّمَهُ الْبَيَانَ"", ""clean"": """", ""en"": """"}, {""id"": ""055005"", ""type"": ""ayah"", ""ar"": ""الشَّمْسُ وَالْقَمَرُ بِحُسْبَانٍ"", ""clean"": """", ""en"": """"}, {""id"": ""055006"", ""type"": ""ayah"", ""ar"": ""وَالنَّجْمُ وَالشَّجَرُ يَسْجُدَانِ"", ""clean"": """", ""en"": """"}, {""id"": ""055007"", ""type"": ""ayah"", ""ar"": ""وَالسَّمَاءَ رَفَعَهَا وَوَضَعَ الْمِيزَانَ"", ""clean"": """", ""en"": """"}, {""id"": ""055008"", ""type"": ""ayah"", ""ar"": ""أَلَّا تَطْغَوْا فِي الْمِيزَانِ"", ""clean"": """", ""en"": """"}, {""id"": ""055009"", ""type"": ""ayah"", ""ar"": ""وَأَقِيمُوا الْوَزْنَ بِالْقِسْطِ وَلَا تُخْسِرُوا الْمِيزَانَ"", ""clean"": """", ""en"": """"}, {""id"": ""055010"", ""type"": ""ayah"", ""ar"": ""وَالْأَرْضَ وَضَعَهَا لِلْأَنَامِ"", ""clean"": """", ""en"": """"}, {""id"": ""055011"", ""type"": ""ayah"", ""ar"": ""فِيهَا فَاكِهَةٌ وَالنَّخْلُ ذَاتُ الْأَكْمَامِ"", ""clean"": """", ""en"": """"}, {""id"": ""055012"", ""type"": ""ayah"", ""ar"": ""وَالْحَبُّ ذُو الْعَصْفِ وَالرَّيْحَانُ"", ""clean"": """", ""en"": """"}, {""id"": ""055013"", ""type"": ""ayah"", ""ar"": ""فَبِأَيِّ آلَاءِ رَبِّكُمَا تُكَذِّبَانِ"", ""clean"": """", ""en"": """"}, {""id"": ""055014"", ""type"": ""ayah"", ""ar"": ""خَلَقَ الْإِنسَانَ مِن صَلْصَالٍ كَالْفَخَّارِ"", ""clean"": """", ""en"": """"}, {""id"": ""055015"", ""type"": ""ayah"", ""ar"": ""وَخَلَقَ الْجَانَّ مِن مَّارِجٍ مِّن نَّارٍ"", ""clean"": """", ""en"": """"}, {""id"": ""055016"", ""type"": ""ayah"", ""ar"": ""فَبِأَيِّ آلَاءِ رَبِّكُمَا تُكَذِّبَانِ"", ""clean"": """", ""en"": """"}, {""id"": ""055017"", ""type"": ""ayah"", ""ar"": ""رَبُّ الْمَشْرِقَيْنِ وَرَبُّ الْمَغْرِبَيْنِ"", ""clean"": """", ""en"": """"}, {""id"": ""055018"", ""type"": ""ayah"", ""ar"": ""فَبِأَيِّ آلَاءِ رَبِّكُمَا تُكَذِّبَانِ"", ""clean"": """", ""en"": """"}]"
train-127,بسم الله الرحمن الرحيم قد أفلح المؤمنون الذين هم في صلاتهم خاشعون والذين هم عن اللغو معرضون والذين هم للزكاة فاعلون والذين هم لفروجهم حافظون إلا على أزواجهم أو ما ملكت أيمانهم فإنهم غير ملومين فمن ابتغى وراء ذلك فأولئك هم العادون والذين هم لأماناتهم وعهدهم راعون والذين هم على صلواتهم يحافظون أولئك هم الوارثون الذين يرثون الفردوس هم فيها خالدون,023001-023011,high,"[{""id"": ""023001"", ""transcript"": ""قد أفلح المؤمنون""}, {""id"": ""023002"", ""transcript"": ""الذين هم في صلاتهم خاشعون""}, {""id"": ""023003"", ""transcript"": ""والذين هم عن اللغو معرضون""}, {""id"": ""023004"", ""transcript"": ""والذين هم للزكاة فاعلون""}, {""id"": ""023005"", ""transcript"": ""والذين هم لفروجهم حافظون""}, {""id"": ""023006"", ""transcript"": ""إلا على أزواجهم أو ما ملكت أيمانهم فإنهم غير ملومين""}, {""id"": ""023007"", ""transcript"": ""فمن ابتغى وراء ذلك فأولئك هم العادون""}, {""id"": ""023008"", ""transcript"": ""والذين هم لأماناتهم وعهدهم راعون""}, {""id"": ""023009"", ""transcript"": ""والذين هم على صلواتهم يحافظون""}, {""id"": ""023010"", ""transcript"": ""أولئك هم الوارثون""}, {""id"": ""023011"", ""transcript"": ""الذين يرثون الفردوس هم فيها خالدون""}]","[{""id"": ""023001"", ""type"": ""ayah"", ""ar"": ""قَدْ أَفْلَحَ الْمُؤْمِنُونَ"", ""clean"": """", ""en"": """"}, {""id"": ""023002"", ""type"": ""ayah"", ""ar"": ""الَّذِينَ هُمْ فِي صَلَاتِهِمْ خَاشِعُونَ"", ""clean"": """", ""en"": """"}, {""id"": ""023003"", ""type"": ""ayah"", ""ar"": ""وَالَّذِينَ هُمْ عَنِ اللَّغْوِ مُعْرِضُونَ"", ""clean"": """", ""en"": """"}, {""id"": ""023004"", ""type"": ""ayah"", ""ar"": ""وَالَّذِينَ هُمْ لِلزَّكَاةِ فَاعِلُونَ"", ""clean"": """", ""en"": """"}, {""id"": ""023005"", ""type"": ""ayah"", ""ar"": ""وَالَّذِينَ هُمْ لِفُرُوجِهِمْ حَافِظُونَ"", ""clean"": """", ""en"": """"}, {""id"": ""023006"", ""type"": ""ayah"", ""ar"": ""إِلَّا عَلَىٰ أَزْوَاجِهِمْ أَوْ مَا مَلَكَتْ أَيْمَانُهُمْ فَإِنَّهُمْ غَيْرُ مَلُومِينَ"", ""clean"": """", ""en"": """"}, {""id"": ""023007"", ""type"": ""ayah"", ""ar"": ""فَمَنِ ابْتَغَىٰ وَرَاءَ ذَٰلِكَ فَأُولَـٰئِكَ هُمُ الْعَادُونَ"", ""clean"": """", ""en"": """"}, {""id"": ""023008"", ""type"": ""ayah"", ""ar"": ""وَالَّذِينَ هُمْ لِأَمَانَاتِهِمْ وَعَهْدِهِمْ رَاعُونَ"", ""clean"": """", ""en"": """"}, {""id"": ""023009"", ""type"": ""ayah"", ""ar"": ""وَالَّذِينَ هُمْ عَلَىٰ صَلَوَاتِهِمْ يُحَافِظُونَ"", ""clean"": """", ""en"": """"}, {""id"": ""023010"", ""type"": ""ayah"", ""ar"": ""أُولَـٰئِكَ هُمُ الْوَارِثُونَ"", ""clean"": """", ""en"": """"}, {""id"": ""023011"", ""type"": ""ayah"", ""ar"": ""الَّذِينَ يَرِثُونَ الْفِرْدَوْسَ هُمْ فِيهَا خَالِدُونَ"", ""clean"": """", ""en"": """"}]"
train-128,بسم الله الرحمن الرحيم المر كتاب أحكمت آياته ثم فصلت من لدن حكيم خبير ألا تعبدوا إلا الله إنني لكم منه نذير وبشير وأن استغفروا ربكم ثم توبوا إليه يمتعكم متاعا حسنا إلى أجل مسمى ويؤت كلذي فضل فضله وإن تولوا فإني أخاف عليكم عذاب يوم كبير إلى الله مرجعكم وهو على كل شيء قدير ألا إنهم يثنون صدورهم ليستخفوا منه ألا حين يستغشون ثيابهم يعلم ما يسرون وما يعلنون إنه عليم بذات الصدور,011001-011005,high,"[{""id"": ""011001"", ""transcript"": ""المر كتاب أحكمت آياته ثم فصلت من لدن حكيم خبير""}, {""id"": ""011002"", ""transcript"": ""ألا تعبدوا إلا الله إنني لكم منه نذير وبشير""}, {""id"": ""011003"", ""transcript"": ""وأن استغفروا ربكم ثم توبوا إليه يمتعكم متاعا حسنا إلى أجل مسمى ويؤت كلذي فضل فضله وإن تولوا فإني أخاف عليكم عذاب يوم كبير""}, {""id"": ""011004"", ""transcript"": ""إلى الله مرجعكم وهو على كل شيء قدير""}, {""id"": ""011005"", ""transcript"": ""ألا إنهم يثنون صدورهم ليستخفوا منه ألا حين يستغشون ثيابهم يعلم ما يسرون وما يعلنون إنه عليم بذات الصدور""}]","[{""id"": ""011001"", ""type"": ""ayah"", ""ar"": ""الر ۚ كِتَابٌ أُحْكِمَتْ آيَاتُهُ ثُمَّ فُصِّلَتْ مِن لَّدُنْ حَكِيمٍ خَبِيرٍ"", ""clean"": """", ""en"": """"}, {""id"": ""011002"", ""type"": ""ayah"", ""ar"": ""أَلَّا تَعْبُدُوا إِلَّا اللَّهَ ۚ إِنَّنِي لَكُم مِّنْهُ نَذِيرٌ وَبَشِيرٌ"", ""clean"": """", ""en"": """"}, {""id"": ""011003"", ""type"": ""ayah"", ""ar"": ""وَأَنِ اسْتَغْفِرُوا رَبَّكُمْ ثُمَّ تُوبُوا إِلَيْهِ يُمَتِّعْكُم مَّتَاعًا حَسَنًا إِلَىٰ أَجَلٍ مُّسَمًّى وَيُؤْتِ كُلَّ ذِي فَضْلٍ فَضْلَهُ ۖ وَإِن تَوَلَّوْا فَإِنِّي أَخَافُ عَلَيْكُمْ عَذَابَ يَوْمٍ كَبِيرٍ"", ""clean"": """", ""en"": """"}, {""id"": ""011004"", ""type"": ""ayah"", ""ar"": ""إِلَى اللَّهِ مَرْجِعُكُمْ ۖ وَهُوَ عَلَىٰ كُلِّ شَيْءٍ قَدِيرٌ"", ""clean"": """", ""en"": """"}, {""id"": ""011005"", ""type"": ""ayah"", ""ar"": ""أَلَا إِنَّهُمْ يَثْنُونَ صُدُورَهُمْ لِيَسْتَخْفُوا مِنْهُ ۚ أَلَا حِينَ يَسْتَغْشُونَ ثِيَابَهُمْ يَعْلَمُ مَا يُسِرُّونَ وَمَا يُعْلِنُونَ ۚ إِنَّهُ عَلِيمٌ بِذَاتِ الصُّدُورِ"", ""clean"": """", ""en"": """"}]"
train-129,كلا إذا دكت الأرض دكا دكا وجاء ربك والملك صفا صفا وجيء يومئذ بجهنم,089021-089023,high,"[{""id"": ""089021"", ""transcript"": ""كلا إذا دكت الأرض دكا دكا""}, {""id"": ""089022"", ""transcript"": ""وجاء ربك والملك صفا صفا""}, {""id"": ""089023"", ""transcript"": ""وجيء يومئذ بجهنم""}]","[{""id"": ""089021"", ""type"": ""ayah"", ""ar"": ""كَلَّا إِذَا دُكَّتِ الْأَرْضُ دَكًّا دَكًّا"", ""clean"": """", ""en"": """"}, {""id"": ""089022"", ""type"": ""ayah"", ""ar"": ""وَجَاءَ رَبُّكَ وَالْمَلَكُ صَفًّا صَفًّا"", ""clean"": """", ""en"": """"}, {""id"": ""089023"", ""type"": ""ayah"", ""ar"": ""وَجِيءَ يَوْمَئِذٍ بِجَهَنَّمَ ۚ يَوْمَئِذٍ يَتَذَكَّرُ الْإِنسَانُ وَأَنَّىٰ لَهُ الذِّكْرَىٰ"", ""clean"": """", ""en"": """"}]"
train-130,ألم تر كيف فعل ربك بعاد إرم ذات العماد التي لم يخلق مثلها في البلاد وثمود الذين جابوا الصخر بالواد وفرعون ذي الأوتاد,089006-089010,high,"[{""id"": ""089006"", ""transcript"": ""ألم تر كيف فعل ربك بعاد""}, {""id"": ""089007"", ""transcript"": ""إرم ذات العماد""}, {""id"": ""089008"", ""transcript"": ""التي لم يخلق مثلها في البلاد""}, {""id"": ""089009"", ""transcript"": ""وثمود الذين جابوا الصخر بالواد""}, {""id"": ""089010"", ""transcript"": ""وفرعون ذي الأوتاد""}]","[{""id"": ""089006"", ""type"": ""ayah"", ""ar"": ""أَلَمْ تَرَ كَيْفَ فَعَلَ رَبُّكَ بِعَادٍ"", ""clean"": """", ""en"": """"}, {""id"": ""089007"", ""type"": ""ayah"", ""ar"": ""إِرَمَ ذَاتِ الْعِمَادِ"", ""clean"": """", ""en"": """"}, {""id"": ""089008"", ""type"": ""ayah"", ""ar"": ""الَّتِي لَمْ يُخْلَقْ مِثْلُهَا فِي الْبِلَادِ"", ""clean"": """", ""en"": """"}, {""id"": ""089009"", ""type"": ""ayah"", ""ar"": ""وَثَمُودَ الَّذِينَ جَابُوا الصَّخْرَ بِالْوَادِ"", ""clean"": """", ""en"": """"}, {""id"": ""089010"", ""type"": ""ayah"", ""ar"": ""وَفِرْعَوْنَ ذِي الْأَوْتَادِ"", ""clean"": """", ""en"": """"}]"
train-131,أفرأيت الذي تولى وأعطى قليلا وأكدى أعنده علم الغيب فهو يرى,053033-053035,high,"[{""id"": ""053033"", ""transcript"": ""أفرأيت الذي تولى""}, {""id"": ""053034"", ""transcript"": ""وأعطى قليلا وأكدى""}, {""id"": ""053035"", ""transcript"": ""أعنده علم الغيب فهو يرى""}]","[{""id"": ""053033"", ""type"": ""ayah"", ""ar"": ""أَفَرَأَيْتَ الَّذِي تَوَلَّىٰ"", ""clean"": """", ""en"": """"}, {""id"": ""053034"", ""type"": ""ayah"", ""ar"": ""وَأَعْطَىٰ قَلِيلًا وَأَكْدَىٰ"", ""clean"": """", ""en"": """"}, {""id"": ""053035"", ""type"": ""ayah"", ""ar"": ""أَعِندَهُ عِلْمُ الْغَيْبِ فَهُوَ يَرَىٰ"", ""clean"": """", ""en"": """"}]"
train-132,حم، عين، سين، قاف,042001-042002,high,"[{""id"": ""042001"", ""transcript"": ""حم""}, {""id"": ""042002"", ""transcript"": ""عين، سين، قاف""}]","[{""id"": ""042001"", ""type"": ""ayah"", ""ar"": ""حم"", ""clean"": """", ""en"": """"}, {""id"": ""042002"", ""type"": ""ayah"", ""ar"": ""عسق"", ""clean"": """", ""en"": """"}]"
train-133,ألف لام ميم صاد,007001,high,"[{""id"": ""007001"", ""transcript"": ""ألف لام ميم صاد""}]","[{""id"": ""007001"", ""type"": ""ayah"", ""ar"": ""المص"", ""clean"": """", ""en"": """"}]"
train-134,نون والقلم وما يسطرون,068001,high,"[{""id"": ""068001"", ""transcript"": ""نون والقلم وما يسطرون""}]","[{""id"": ""068001"", ""type"": ""ayah"", ""ar"": ""ن ۚ وَالْقَلَمِ وَمَا يَسْطُرُونَ"", ""clean"": """", ""en"": """"}]"
train-135,وعشبت فيها من كل زوج بديج,050007,high,"[{""id"": ""050007"", ""transcript"": ""وعشبت فيها من كل زوج بديج""}]","[{""id"": ""050007"", ""type"": ""ayah"", ""ar"": ""وَالْأَرْضَ مَدَدْنَاهَا وَأَلْقَيْنَا فِيهَا رَوَاسِيَ وَأَنبَتْنَا فِيهَا مِن كُلِّ زَوْجٍ بَهِيجٍ"", ""clean"": """", ""en"": """"}]"
train-136,تلك حجتنا آتيناها إبراهيم على قومه,006083,high,"[{""id"": ""006083"", ""transcript"": ""تلك حجتنا آتيناها إبراهيم على قومه""}]","[{""id"": ""006083"", ""type"": ""ayah"", ""ar"": ""وَتِلْكَ حُجَّتُنَا آتَيْنَاهَا إِبْرَاهِيمَ عَلَىٰ قَوْمِهِ ۚ نَرْفَعُ دَرَجَاتٍ مَّن نَّشَاءُ ۗ إِنَّ رَبَّكَ حَكِيمٌ عَلِيمٌ"", ""clean"": """", ""en"": """"}]"
train-137,تلك حجتنا آتيناها إبراهيم على قومه نرفع درجات من نشاء إن ربك حكيم عليم,006083,high,"[{""id"": ""006083"", ""transcript"": ""تلك حجتنا آتيناها إبراهيم على قومه نرفع درجات من نشاء إن ربك حكيم عليم""}]","[{""id"": ""006083"", ""type"": ""ayah"", ""ar"": ""وَتِلْكَ حُجَّتُنَا آتَيْنَاهَا إِبْرَاهِيمَ عَلَىٰ قَوْمِهِ ۚ نَرْفَعُ دَرَجَاتٍ مَّن نَّشَاءُ ۗ إِنَّ رَبَّكَ حَكِيمٌ عَلِيمٌ"", ""clean"": """", ""en"": """"}]"
train-138,يا أيها الذين آمنوا إذا تداينتم بدين إلى أجل مسمى فاكتبوه وليكتب بينكم كاتب بالعدل ولا يأب كاتب أن يكتب كما علمه الله فليكتب وليملل الذي عليه الحق وليتق الله ربه ولا يبخس منه شيئا فإن كان الذي عليه الحق سفيها أو ضعيفا أو لا يستطيع أن يملله هو فليملل وليه بالعدل واستشهدوا شهيدين من رجالكم فإن لم يكونا رجلين فرجل وامرأتان ممن ترضون من الشهداء أن تضل إحداهما فتذكر إحداهما الأخرى ولا يأب الشهداء إذا ما دعوا ولا تسأموا أن تكتبوه صغيرا أو كبيرا إلى أجله ذلكم أقسط عند الله وأقوم للشهادة وأدنى أن لا ترتابوا إلا أن تكون تجارة حاضرة تديرونها بينكم فليس عليكم جناح أن لا تكتبوها وأشهدوا إذا تبايعتم ولا يضار كاتب ولا شهيد وإن تفعلوا فإنه فسوق بكم واتقوا الله ويعلمكم الله والله بكل شيء عليم,002282,high,"[{""id"": ""002282"", ""transcript"": ""يا أيها الذين آمنوا إذا تداينتم بدين إلى أجل مسمى فاكتبوه وليكتب بينكم كاتب بالعدل ولا يأب كاتب أن يكتب كما علمه الله فليكتب وليملل الذي عليه الحق وليتق الله ربه ولا يبخس منه شيئا فإن كان الذي عليه الحق سفيها أو ضعيفا أو لا يستطيع أن يملله هو فليملل وليه بالعدل واستشهدوا شهيدين من رجالكم فإن لم يكونا رجلين فرجل وامرأتان ممن ترضون من الشهداء أن تضل إحداهما فتذكر إحداهما الأخرى ولا يأب الشهداء إذا ما دعوا ولا تسأموا أن تكتبوه صغيرا أو كبيرا إلى أجله ذلكم أقسط عند الله وأقوم للشهادة وأدنى أن لا ترتابوا إلا أن تكون تجارة حاضرة تديرونها بينكم فليس عليكم جناح أن لا تكتبوها وأشهدوا إذا تبايعتم ولا يضار كاتب ولا شهيد وإن تفعلوا فإنه فسوق بكم واتقوا الله ويعلمكم الله والله بكل شيء عليم""}]","[{""id"": ""002282"", ""type"": ""ayah"", ""ar"": ""يَا أَيُّهَا الَّذِينَ آمَنُوا إِذَا تَدَايَنتُم بِدَيْنٍ إِلَىٰ أَجَلٍ مُّسَمًّى فَاكْتُبُوهُ ۚ وَلْيَكْتُب بَّيْنَكُمْ كَاتِبٌ بِالْعَدْلِ ۚ وَلَا يَأْبَ كَاتِبٌ أَن يَكْتُبَ كَمَا عَلَّمَهُ اللَّهُ ۚ فَلْيَكْتُبْ وَلْيُمْلِلِ الَّذِي عَلَيْهِ الْحَقُّ وَلْيَتَّقِ اللَّهَ رَبَّهُ وَلَا يَبْخَسْ مِنْهُ شَيْئًا ۚ فَإِن كَانَ الَّذِي عَلَيْهِ الْحَقُّ سَفِيهًا أَوْ ضَعِيفًا أَوْ لَا يَسْتَطِيعُ أَن يُمِلَّ هُوَ فَلْيُمْلِلْ وَلِيُّهُ بِالْعَدْلِ ۚ وَاسْتَشْهِدُوا شَهِيدَيْنِ مِن رِّجَالِكُمْ ۖ فَإِن لَّمْ يَكُونَا رَجُلَيْنِ فَرَجُلٌ وَامْرَأَتَانِ مِمَّن تَرْضَوْنَ مِنَ الشُّهَدَاءِ أَن تَضِلَّ إِحْدَاهُمَا فَتُذَكِّرَ إِحْدَاهُمَا الْأُخْرَىٰ ۚ وَلَا يَأْبَ الشُّهَدَاءُ إِذَا مَا دُعُوا ۚ وَلَا تَسْأَمُوا أَن تَكْتُبُوهُ صَغِيرًا أَوْ كَبِيرًا إِلَىٰ أَجَلِهِ ۚ ذَٰلِكُمْ أَقْسَطُ عِندَ اللَّهِ وَأَقْوَمُ لِلشَّهَادَةِ وَأَدْنَىٰ أَلَّا تَرْتَابُوا ۖ إِلَّا أَن تَكُونَ تِجَارَةً حَاضِرَةً تُدِيرُونَهَا بَيْنَكُمْ فَلَيْسَ عَلَيْكُمْ جُنَاحٌ أَلَّا تَكْتُبُوهَا ۗ وَأَشْهِدُوا إِذَا تَبَايَعْتُمْ ۚ وَلَا يُضَارَّ كَاتِبٌ وَلَا شَهِيدٌ ۚ وَإِن تَفْعَلُوا فَإِنَّهُ فُسُوقٌ بِكُمْ ۗ وَاتَّقُوا اللَّهَ ۖ وَيُعَلِّمُكُمُ اللَّهُ ۗ وَاللَّهُ بِكُلِّ شَيْءٍ عَلِيمٌ"", ""clean"": """", ""en"": """"}]"
train-139,هل أتى على الإنسان حين من الدهر لم يكن شيئا مذكورا إنا خلقنا الإنسان من نطفة أمشاج نبتليه فجعلناه سميعا بصيرا إنا هديناه السبيل إما شاكرا وإما كفورا إنا أعتدنا للكافرين سلاسل وأغلالا وسعيرا إن الأبرار يشربون من كأس كان مزاجها كافورا عين يشرب بها عباد الله يفجرونها تفجيرا يوفون بالنذر ويخافون يوما كان شره مستطيرا ويطعمون الطعام على حبه مسكينا ويتيما وأسيرا إنما نطعمكم لوجه الله لا نريد منكم جزاء ولا شكورا إننا نخاف من ربنا يوما عبوسا قمطريرا,076001-076010,high,"[{""id"": ""076001"", ""transcript"": ""هل أتى على الإنسان حين من الدهر لم يكن شيئا مذكورا""}, {""id"": ""076002"", ""transcript"": ""إنا خلقنا الإنسان من نطفة أمشاج نبتليه فجعلناه سميعا بصيرا""}, {""id"": ""076003"", ""transcript"": ""إنا هديناه السبيل إما شاكرا وإما كفورا""}, {""id"": ""076004"", ""transcript"": ""إنا أعتدنا للكافرين سلاسل وأغلالا وسعيرا""}, {""id"": ""076005"", ""transcript"": ""إن الأبرار يشربون من كأس كان مزاجها كافورا""}, {""id"": ""076006"", ""transcript"": ""عين يشرب بها عباد الله يفجرونها تفجيرا""}, {""id"": ""076007"", ""transcript"": ""يوفون بالنذر ويخافون يوما كان شره مستطيرا""}, {""id"": ""076008"", ""transcript"": ""ويطعمون الطعام على حبه مسكينا ويتيما وأسيرا""}, {""id"": ""076009"", ""transcript"": ""إنما نطعمكم لوجه الله لا نريد منكم جزاء ولا شكورا""}, {""id"": ""076010"", ""transcript"": ""إننا نخاف من ربنا يوما عبوسا قمطريرا""}]","[{""id"": ""076001"", ""type"": ""ayah"", ""ar"": ""هَلْ أَتَىٰ عَلَى الْإِنسَانِ حِينٌ مِّنَ الدَّهْرِ لَمْ يَكُن شَيْئًا مَّذْكُورًا"", ""clean"": """", ""en"": """"}, {""id"": ""076002"", ""type"": ""ayah"", ""ar"": ""إِنَّا خَلَقْنَا الْإِنسَانَ مِن نُّطْفَةٍ أَمْشَاجٍ نَّبْتَلِيهِ فَجَعَلْنَاهُ سَمِيعًا بَصِيرًا"", ""clean"": """", ""en"": """"}, {""id"": ""076003"", ""type"": ""ayah"", ""ar"": ""إِنَّا هَدَيْنَاهُ السَّبِيلَ إِمَّا شَاكِرًا وَإِمَّا كَفُورًا"", ""clean"": """", ""en"": """"}, {""id"": ""076004"", ""type"": ""ayah"", ""ar"": ""إِنَّا أَعْتَدْنَا لِلْكَافِرِينَ سَلَاسِلَ وَأَغْلَالًا وَسَعِيرًا"", ""clean"": """", ""en"": """"}, {""id"": ""076005"", ""type"": ""ayah"", ""ar"": ""إِنَّ الْأَبْرَارَ يَشْرَبُونَ مِن كَأْسٍ كَانَ مِزَاجُهَا كَافُورًا"", ""clean"": """", ""en"": """"}, {""id"": ""076006"", ""type"": ""ayah"", ""ar"": ""عَيْنًا يَشْرَبُ بِهَا عِبَادُ اللَّهِ يُفَجِّرُونَهَا تَفْجِيرًا"", ""clean"": """", ""en"": """"}, {""id"": ""076007"", ""type"": ""ayah"", ""ar"": ""يُوفُونَ بِالنَّذْرِ وَيَخَافُونَ يَوْمًا كَانَ شَرُّهُ مُسْتَطِيرًا"", ""clean"": """", ""en"": """"}, {""id"": ""076008"", ""type"": ""ayah"", ""ar"": ""وَيُطْعِمُونَ الطَّعَامَ عَلَىٰ حُبِّهِ مِسْكِينًا وَيَتِيمًا وَأَسِيرًا"", ""clean"": """", ""en"": """"}, {""id"": ""076009"", ""type"": ""ayah"", ""ar"": ""إِنَّمَا نُطْعِمُكُمْ لِوَجْهِ اللَّهِ لَا نُرِيدُ مِنكُمْ جَزَاءً وَلَا شُكُورًا"", ""clean"": """", ""en"": """"}, {""id"": ""076010"", ""type"": ""ayah"", ""ar"": ""إِنَّا نَخَافُ مِن رَّبِّنَا يَوْمًا عَبُوسًا قَمْطَرِيرًا"", ""clean"": """", ""en"": """"}]"
train-140,عين يشرب بها عباد الله يفجرونها تفجيرا.,076006,high,"[{""id"": ""076006"", ""transcript"": ""عين يشرب بها عباد الله يفجرونها تفجيرا.""}]","[{""id"": ""076006"", ""type"": ""ayah"", ""ar"": ""عَيْنًا يَشْرَبُ بِهَا عِبَادُ اللَّهِ يُفَجِّرُونَهَا تَفْجِيرًا"", ""clean"": """", ""en"": """"}]"
train-141,عين يشرب بها عباد الله يفجرونها تفجيرا,076006,high,"[{""id"": ""076006"", ""transcript"": ""عين يشرب بها عباد الله يفجرونها تفجيرا""}]","[{""id"": ""076006"", ""type"": ""ayah"", ""ar"": ""عَيْنًا يَشْرَبُ بِهَا عِبَادُ اللَّهِ يُفَجِّرُونَهَا تَفْجِيرًا"", ""clean"": """", ""en"": """"}]"
train-142,الله لا إله إلا هو الحي القيوم لا تأخذه سنة ولا نوم له ما في السماوات وما في الأرض من ذا الذي يشفع عنده إلا بإذنه يعلم ما بين أيديهم وما خلفهم ولا يحيطون بشيء من علمه إلا بما شاء وسع كرسيه السماوات والأرض ولا يؤوده حفظهما وهو العلي العظيم,002255,high,"[{""id"": ""002255"", ""transcript"": ""الله لا إله إلا هو الحي القيوم لا تأخذه سنة ولا نوم له ما في السماوات وما في الأرض من ذا الذي يشفع عنده إلا بإذنه يعلم ما بين أيديهم وما خلفهم ولا يحيطون بشيء من علمه إلا بما شاء وسع كرسيه السماوات والأرض ولا يؤوده حفظهما وهو العلي العظيم""}]","[{""id"": ""002255"", ""type"": ""ayah"", ""ar"": ""اللَّهُ لَا إِلَـٰهَ إِلَّا هُوَ الْحَيُّ الْقَيُّومُ ۚ لَا تَأْخُذُهُ سِنَةٌ وَلَا نَوْمٌ ۚ لَّهُ مَا فِي السَّمَاوَاتِ وَمَا فِي الْأَرْضِ ۗ مَن ذَا الَّذِي يَشْفَعُ عِندَهُ إِلَّا بِإِذْنِهِ ۚ يَعْلَمُ مَا بَيْنَ أَيْدِيهِمْ وَمَا خَلْفَهُمْ ۖ وَلَا يُحِيطُونَ بِشَيْءٍ مِّنْ عِلْمِهِ إِلَّا بِمَا شَاءَ ۚ وَسِعَ كُرْسِيُّهُ السَّمَاوَاتِ وَالْأَرْضَ ۖ وَلَا يَئُودُهُ حِفْظُهُمَا ۚ وَهُوَ الْعَلِيُّ الْعَظِيمُ"", ""clean"": """", ""en"": """"}]"
train-143,لا أقسم بيوم القيامة ولا أقسم بالنفس اللوامة أيحسب الإنسان أن لن نجمع عظامه بلى قادرين على أن نسوي بنانه يسأل أيان يوم القيامة فإذا برق البصر وخسف القمر وجمع الشمس والقمر يقول الإنسان يومئذ أين المفر كلا لا وزر إلى ربك يومئذ المستقر يقول الإنسان يومئذ بما قدم وأخر بل الإنسان على نفسه بصيرة ولو ألقى معاذيره لا تحرك به لسانك لتعجل به إن علينا جمعه وقرآنه فإذا قرأناه فاتبع قرآنه ثم إن علينا بيانه,"075001,075002,075003,075004,075006,075007,075008,075009,075010,075011,075012,075013,075014,075015,075016,075017,075018,075019",high,"[{""id"": ""075001"", ""transcript"": ""لا أقسم بيوم القيامة""}, {""id"": ""075002"", ""transcript"": ""ولا أقسم بالنفس اللوامة""}, {""id"": ""075003"", ""transcript"": ""أيحسب الإنسان أن لن نجمع عظامه""}, {""id"": ""075004"", ""transcript"": ""بلى قادرين على أن نسوي بنانه""}, {""id"": ""075006"", ""transcript"": ""يسأل أيان يوم القيامة""}, {""id"": ""075007"", ""transcript"": ""فإذا برق البصر""}, {""id"": ""075008"", ""transcript"": ""وخسف القمر""}, {""id"": ""075009"", ""transcript"": ""وجمع الشمس والقمر""}, {""id"": ""075010"", ""transcript"": ""يقول الإنسان يومئذ أين المفر""}, {""id"": ""075011"", ""transcript"": ""كلا لا وزر""}, {""id"": ""075012"", ""transcript"": ""إلى ربك يومئذ المستقر""}, {""id"": ""075013"", ""transcript"": ""يقول الإنسان يومئذ بما قدم وأخر""}, {""id"": ""075014"", ""transcript"": ""بل الإنسان على نفسه بصيرة""}, {""id"": ""075015"", ""transcript"": ""ولو ألقى معاذيره""}, {""id"": ""075016"", ""transcript"": ""لا تحرك به لسانك لتعجل به""}, {""id"": ""075017"", ""transcript"": ""إن علينا جمعه وقرآنه""}, {""id"": ""075018"", ""transcript"": ""فإذا قرأناه فاتبع قرآنه""}, {""id"": ""075019"", ""transcript"": ""ثم إن علينا بيانه""}]","[{""id"": ""075001"", ""type"": ""ayah"", ""ar"": ""لَا أُقْسِمُ بِيَوْمِ الْقِيَامَةِ"", ""clean"": """", ""en"": """"}, {""id"": ""075002"", ""type"": ""ayah"", ""ar"": ""وَلَا أُقْسِمُ بِالنَّفْسِ اللَّوَّامَةِ"", ""clean"": """", ""en"": """"}, {""id"": ""075003"", ""type"": ""ayah"", ""ar"": ""أَيَحْسَبُ الْإِنسَانُ أَلَّن نَّجْمَعَ عِظَامَهُ"", ""clean"": """", ""en"": """"}, {""id"": ""075004"", ""type"": ""ayah"", ""ar"": ""بَلَىٰ قَادِرِينَ عَلَىٰ أَن نُّسَوِّيَ بَنَانَهُ"", ""clean"": """", ""en"": """"}, {""id"": ""075006"", ""type"": ""ayah"", ""ar"": ""يَسْأَلُ أَيَّانَ يَوْمُ الْقِيَامَةِ"", ""clean"": """", ""en"": """"}, {""id"": ""075007"", ""type"": ""ayah"", ""ar"": ""فَإِذَا بَرِقَ الْبَصَرُ"", ""clean"": """", ""en"": """"}, {""id"": ""075008"", ""type"": ""ayah"", ""ar"": ""وَخَسَفَ الْقَمَرُ"", ""clean"": """", ""en"": """"}, {""id"": ""075009"", ""type"": ""ayah"", ""ar"": ""وَجُمِعَ الشَّمْسُ وَالْقَمَرُ"", ""clean"": """", ""en"": """"}, {""id"": ""075010"", ""type"": ""ayah"", ""ar"": ""يَقُولُ الْإِنسَانُ يَوْمَئِذٍ أَيْنَ الْمَفَرُّ"", ""clean"": """", ""en"": """"}, {""id"": ""075011"", ""type"": ""ayah"", ""ar"": ""كَلَّا لَا وَزَرَ"", ""clean"": """", ""en"": """"}, {""id"": ""075012"", ""type"": ""ayah"", ""ar"": ""إِلَىٰ رَبِّكَ يَوْمَئِذٍ الْمُسْتَقَرُّ"", ""clean"": """", ""en"": """"}, {""id"": ""075013"", ""type"": ""ayah"", ""ar"": ""يُنَبَّأُ الْإِنسَانُ يَوْمَئِذٍ بِمَا قَدَّمَ وَأَخَّرَ"", ""clean"": """", ""en"": """"}, {""id"": ""075014"", ""type"": ""ayah"", ""ar"": ""بَلِ الْإِنسَانُ عَلَىٰ نَفْسِهِ بَصِيرَةٌ"", ""clean"": """", ""en"": """"}, {""id"": ""075015"", ""type"": ""ayah"", ""ar"": ""وَلَوْ أَلْقَىٰ مَعَاذِيرَهُ"", ""clean"": """", ""en"": """"}, {""id"": ""075016"", ""type"": ""ayah"", ""ar"": ""لَا تُحَرِّكْ بِهِ لِسَانَكَ لِتَعْجَلَ بِهِ"", ""clean"": """", ""en"": """"}, {""id"": ""075017"", ""type"": ""ayah"", ""ar"": ""إِنَّ عَلَيْنَا جَمْعَهُ وَقُرْآنَهُ"", ""clean"": """", ""en"": """"}, {""id"": ""075018"", ""type"": ""ayah"", ""ar"": ""فَإِذَا قَرَأْنَاهُ فَاتَّبِعْ قُرْآنَهُ"", ""clean"": """", ""en"": """"}, {""id"": ""075019"", ""type"": ""ayah"", ""ar"": ""ثُمَّ إِنَّ عَلَيْنَا بَيَانَهُ"", ""clean"": """", ""en"": """"}]"
train-144,لا أقسم بيوم القيامة ولا أقسم بالنفس اللوامة أيحسب الإنسان أن لن نجمع عظامه بلى قادرين على أن نسوي بنانه يسأل أيان يوم القيامة فإذا برق البصر وخسف القمر وجمع الشمس والقمر يقول الإنسان يومئذ أين المفر كلا لا وزر إلى ربك يومئذ المستقر ينبأ الإنسان يومئذ بما قدم وأخر يقول الإنسان بل الإنسان على نفسه بصيرة ولو ألقى معاذيره لا تحرك به لسانك لتعجل به إن علينا جمعه وقرآنه فإذا قرأناه فاتبع قرآنه ثم إن علينا بيانه,"075001,075002,075003,075004,075006,075007,075008,075009,075010,075011,075012,075013,075014,075015,075016,075017,075018,075019",high,"[{""id"": ""075001"", ""transcript"": ""لا أقسم بيوم القيامة""}, {""id"": ""075002"", ""transcript"": ""ولا أقسم بالنفس اللوامة""}, {""id"": ""075003"", ""transcript"": ""أيحسب الإنسان أن لن نجمع عظامه""}, {""id"": ""075004"", ""transcript"": ""بلى قادرين على أن نسوي بنانه""}, {""id"": ""075006"", ""transcript"": ""يسأل أيان يوم القيامة""}, {""id"": ""075007"", ""transcript"": ""فإذا برق البصر""}, {""id"": ""075008"", ""transcript"": ""وخسف القمر""}, {""id"": ""075009"", ""transcript"": ""وجمع الشمس والقمر""}, {""id"": ""075010"", ""transcript"": ""يقول الإنسان يومئذ أين المفر""}, {""id"": ""075011"", ""transcript"": ""كلا لا وزر""}, {""id"": ""075012"", ""transcript"": ""إلى ربك يومئذ المستقر""}, {""id"": ""075013"", ""transcript"": ""ينبأ الإنسان يومئذ بما قدم وأخر يقول الإنسان""}, {""id"": ""075014"", ""transcript"": ""بل الإنسان على نفسه بصيرة""}, {""id"": ""075015"", ""transcript"": ""ولو ألقى معاذيره""}, {""id"": ""075016"", ""transcript"": ""لا تحرك به لسانك لتعجل به""}, {""id"": ""075017"", ""transcript"": ""إن علينا جمعه وقرآنه""}, {""id"": ""075018"", ""transcript"": ""فإذا قرأناه فاتبع قرآنه""}, {""id"": ""075019"", ""transcript"": ""ثم إن علينا بيانه""}]","[{""id"": ""075001"", ""type"": ""ayah"", ""ar"": ""لَا أُقْسِمُ بِيَوْمِ الْقِيَامَةِ"", ""clean"": """", ""en"": """"}, {""id"": ""075002"", ""type"": ""ayah"", ""ar"": ""وَلَا أُقْسِمُ بِالنَّفْسِ اللَّوَّامَةِ"", ""clean"": """", ""en"": """"}, {""id"": ""075003"", ""type"": ""ayah"", ""ar"": ""أَيَحْسَبُ الْإِنسَانُ أَلَّن نَّجْمَعَ عِظَامَهُ"", ""clean"": """", ""en"": """"}, {""id"": ""075004"", ""type"": ""ayah"", ""ar"": ""بَلَىٰ قَادِرِينَ عَلَىٰ أَن نُّسَوِّيَ بَنَانَهُ"", ""clean"": """", ""en"": """"}, {""id"": ""075006"", ""type"": ""ayah"", ""ar"": ""يَسْأَلُ أَيَّانَ يَوْمُ الْقِيَامَةِ"", ""clean"": """", ""en"": """"}, {""id"": ""075007"", ""type"": ""ayah"", ""ar"": ""فَإِذَا بَرِقَ الْبَصَرُ"", ""clean"": """", ""en"": """"}, {""id"": ""075008"", ""type"": ""ayah"", ""ar"": ""وَخَسَفَ الْقَمَرُ"", ""clean"": """", ""en"": """"}, {""id"": ""075009"", ""type"": ""ayah"", ""ar"": ""وَجُمِعَ الشَّمْسُ وَالْقَمَرُ"", ""clean"": """", ""en"": """"}, {""id"": ""075010"", ""type"": ""ayah"", ""ar"": ""يَقُولُ الْإِنسَانُ يَوْمَئِذٍ أَيْنَ الْمَفَرُّ"", ""clean"": """", ""en"": """"}, {""id"": ""075011"", ""type"": ""ayah"", ""ar"": ""كَلَّا لَا وَزَرَ"", ""clean"": """", ""en"": """"}, {""id"": ""075012"", ""type"": ""ayah"", ""ar"": ""إِلَىٰ رَبِّكَ يَوْمَئِذٍ الْمُسْتَقَرُّ"", ""clean"": """", ""en"": """"}, {""id"": ""075013"", ""type"": ""ayah"", ""ar"": ""يُنَبَّأُ الْإِنسَانُ يَوْمَئِذٍ بِمَا قَدَّمَ وَأَخَّرَ"", ""clean"": """", ""en"": """"}, {""id"": ""075014"", ""type"": ""ayah"", ""ar"": ""بَلِ الْإِنسَانُ عَلَىٰ نَفْسِهِ بَصِيرَةٌ"", ""clean"": """", ""en"": """"}, {""id"": ""075015"", ""type"": ""ayah"", ""ar"": ""وَلَوْ أَلْقَىٰ مَعَاذِيرَهُ"", ""clean"": """", ""en"": """"}, {""id"": ""075016"", ""type"": ""ayah"", ""ar"": ""لَا تُحَرِّكْ بِهِ لِسَانَكَ لِتَعْجَلَ بِهِ"", ""clean"": """", ""en"": """"}, {""id"": ""075017"", ""type"": ""ayah"", ""ar"": ""إِنَّ عَلَيْنَا جَمْعَهُ وَقُرْآنَهُ"", ""clean"": """", ""en"": """"}, {""id"": ""075018"", ""type"": ""ayah"", ""ar"": ""فَإِذَا قَرَأْنَاهُ فَاتَّبِعْ قُرْآنَهُ"", ""clean"": """", ""en"": """"}, {""id"": ""075019"", ""type"": ""ayah"", ""ar"": ""ثُمَّ إِنَّ عَلَيْنَا بَيَانَهُ"", ""clean"": """", ""en"": """"}]"
train-145,لا أقسم بيوم القيامة ولا أقسم بالنفس اللوامة أيحسب الإنسان أن لن نجمع عظامه بلى قادرين على أن نسوي بنانه بل يريد الإنسان ليفجر أمامه يسأل أيان يوم القيامة فإذا برق البصر وخسف القمر وجمع الشمس والقمر يقول الإنسان يومئذ أين المفر كلا لا وزر إلى ربك يومئذ المستقر بل الإنسان على نفسه بصيرة ولو ألقى معاذيره لا تحرك به لسانك لتعجل به إن علينا جمعه وقرآنه فإذا قرأناه فاتبع قرآنه ثم إن علينا بيانه,"075001,075002,075003,075004,075005,075006,075007,075008,075009,075010,075011,075012,075014,075015,075016,075017,075018,075019",high,"[{""id"": ""075001"", ""transcript"": ""لا أقسم بيوم القيامة""}, {""id"": ""075002"", ""transcript"": ""ولا أقسم بالنفس اللوامة""}, {""id"": ""075003"", ""transcript"": ""أيحسب الإنسان أن لن نجمع عظامه""}, {""id"": ""075004"", ""transcript"": ""بلى قادرين على أن نسوي بنانه""}, {""id"": ""075005"", ""transcript"": ""بل يريد الإنسان ليفجر أمامه""}, {""id"": ""075006"", ""transcript"": ""يسأل أيان يوم القيامة""}, {""id"": ""075007"", ""transcript"": ""فإذا برق البصر""}, {""id"": ""075008"", ""transcript"": ""وخسف القمر""}, {""id"": ""075009"", ""transcript"": ""وجمع الشمس والقمر""}, {""id"": ""075010"", ""transcript"": ""يقول الإنسان يومئذ أين المفر""}, {""id"": ""075011"", ""transcript"": ""كلا لا وزر""}, {""id"": ""075012"", ""transcript"": ""إلى ربك يومئذ المستقر""}, {""id"": ""075014"", ""transcript"": ""بل الإنسان على نفسه بصيرة""}, {""id"": ""075015"", ""transcript"": ""ولو ألقى معاذيره""}, {""id"": ""075016"", ""transcript"": ""لا تحرك به لسانك لتعجل به""}, {""id"": ""075017"", ""transcript"": ""إن علينا جمعه وقرآنه""}, {""id"": ""075018"", ""transcript"": ""فإذا قرأناه فاتبع قرآنه""}, {""id"": ""075019"", ""transcript"": ""ثم إن علينا بيانه""}]","[{""id"": ""075001"", ""type"": ""ayah"", ""ar"": ""لَا أُقْسِمُ بِيَوْمِ الْقِيَامَةِ"", ""clean"": """", ""en"": """"}, {""id"": ""075002"", ""type"": ""ayah"", ""ar"": ""وَلَا أُقْسِمُ بِالنَّفْسِ اللَّوَّامَةِ"", ""clean"": """", ""en"": """"}, {""id"": ""075003"", ""type"": ""ayah"", ""ar"": ""أَيَحْسَبُ الْإِنسَانُ أَلَّن نَّجْمَعَ عِظَامَهُ"", ""clean"": """", ""en"": """"}, {""id"": ""075004"", ""type"": ""ayah"", ""ar"": ""بَلَىٰ قَادِرِينَ عَلَىٰ أَن نُّسَوِّيَ بَنَانَهُ"", ""clean"": """", ""en"": """"}, {""id"": ""075005"", ""type"": ""ayah"", ""ar"": ""بَلْ يُرِيدُ الْإِنسَانُ لِيَفْجُرَ أَمَامَهُ"", ""clean"": """", ""en"": """"}, {""id"": ""075006"", ""type"": ""ayah"", ""ar"": ""يَسْأَلُ أَيَّانَ يَوْمُ الْقِيَامَةِ"", ""clean"": """", ""en"": """"}, {""id"": ""075007"", ""type"": ""ayah"", ""ar"": ""فَإِذَا بَرِقَ الْبَصَرُ"", ""clean"": """", ""en"": """"}, {""id"": ""075008"", ""type"": ""ayah"", ""ar"": ""وَخَسَفَ الْقَمَرُ"", ""clean"": """", ""en"": """"}, {""id"": ""075009"", ""type"": ""ayah"", ""ar"": ""وَجُمِعَ الشَّمْسُ وَالْقَمَرُ"", ""clean"": """", ""en"": """"}, {""id"": ""075010"", ""type"": ""ayah"", ""ar"": ""يَقُولُ الْإِنسَانُ يَوْمَئِذٍ أَيْنَ الْمَفَرُّ"", ""clean"": """", ""en"": """"}, {""id"": ""075011"", ""type"": ""ayah"", ""ar"": ""كَلَّا لَا وَزَرَ"", ""clean"": """", ""en"": """"}, {""id"": ""075012"", ""type"": ""ayah"", ""ar"": ""إِلَىٰ رَبِّكَ يَوْمَئِذٍ الْمُسْتَقَرُّ"", ""clean"": """", ""en"": """"}, {""id"": ""075014"", ""type"": ""ayah"", ""ar"": ""بَلِ الْإِنسَانُ عَلَىٰ نَفْسِهِ بَصِيرَةٌ"", ""clean"": """", ""en"": """"}, {""id"": ""075015"", ""type"": ""ayah"", ""ar"": ""وَلَوْ أَلْقَىٰ مَعَاذِيرَهُ"", ""clean"": """", ""en"": """"}, {""id"": ""075016"", ""type"": ""ayah"", ""ar"": ""لَا تُحَرِّكْ بِهِ لِسَانَكَ لِتَعْجَلَ بِهِ"", ""clean"": """", ""en"": """"}, {""id"": ""075017"", ""type"": ""ayah"", ""ar"": ""إِنَّ عَلَيْنَا جَمْعَهُ وَقُرْآنَهُ"", ""clean"": """", ""en"": """"}, {""id"": ""075018"", ""type"": ""ayah"", ""ar"": ""فَإِذَا قَرَأْنَاهُ فَاتَّبِعْ قُرْآنَهُ"", ""clean"": """", ""en"": """"}, {""id"": ""075019"", ""type"": ""ayah"", ""ar"": ""ثُمَّ إِنَّ عَلَيْنَا بَيَانَهُ"", ""clean"": """", ""en"": """"}]"
train-146,أعوذ بالله من الشيطان الرجيم والنجم إذا هوى ما ضل صاحبكم وما غوى إن هو إلا وحي يوحى علمه شديد القوى,"053001,053002,053004,053005",high,"[{""id"": ""053001"", ""transcript"": ""والنجم إذا هوى""}, {""id"": ""053002"", ""transcript"": ""ما ضل صاحبكم وما غوى""}, {""id"": ""053004"", ""transcript"": ""إن هو إلا وحي يوحى""}, {""id"": ""053005"", ""transcript"": ""علمه شديد القوى""}]","[{""id"": ""053001"", ""type"": ""ayah"", ""ar"": ""وَالنَّجْمِ إِذَا هَوَىٰ"", ""clean"": """", ""en"": """"}, {""id"": ""053002"", ""type"": ""ayah"", ""ar"": ""مَا ضَلَّ صَاحِبُكُمْ وَمَا غَوَىٰ"", ""clean"": """", ""en"": """"}, {""id"": ""053004"", ""type"": ""ayah"", ""ar"": ""إِنْ هُوَ إِلَّا وَحْيٌ يُوحَىٰ"", ""clean"": """", ""en"": """"}, {""id"": ""053005"", ""type"": ""ayah"", ""ar"": ""عَلَّمَهُ شَدِيدُ الْقُوَىٰ"", ""clean"": """", ""en"": """"}]"
train-147,والنجم إذا هوى ما ضل صاحبكم وما غوى وما ينطق عن الهوى إن هو إلا وحي يوحى,053001-053004,high,"[{""id"": ""053001"", ""transcript"": ""والنجم إذا هوى""}, {""id"": ""053002"", ""transcript"": ""ما ضل صاحبكم وما غوى""}, {""id"": ""053003"", ""transcript"": ""وما ينطق عن الهوى""}, {""id"": ""053004"", ""transcript"": ""إن هو إلا وحي يوحى""}]","[{""id"": ""053001"", ""type"": ""ayah"", ""ar"": ""وَالنَّجْمِ إِذَا هَوَىٰ"", ""clean"": """", ""en"": """"}, {""id"": ""053002"", ""type"": ""ayah"", ""ar"": ""مَا ضَلَّ صَاحِبُكُمْ وَمَا غَوَىٰ"", ""clean"": """", ""en"": """"}, {""id"": ""053003"", ""type"": ""ayah"", ""ar"": ""وَمَا يَنطِقُ عَنِ الْهَوَىٰ"", ""clean"": """", ""en"": """"}, {""id"": ""053004"", ""type"": ""ayah"", ""ar"": ""إِنْ هُوَ إِلَّا وَحْيٌ يُوحَىٰ"", ""clean"": """", ""en"": """"}]"
train-148,والنجم إذا هوى ما ضل صاحبكم وما غوى وما ينطق عن الهوى إن هو إلا وحي يوحى علمه شديد القوى ذو مرة فاستوى وهو بالأفق الأعلى ثم دنا فتدلى فكان قاب قوسين أو أدنى,053001-053009,high,"[{""id"": ""053001"", ""transcript"": ""والنجم إذا هوى""}, {""id"": ""053002"", ""transcript"": ""ما ضل صاحبكم وما غوى""}, {""id"": ""053003"", ""transcript"": ""وما ينطق عن الهوى""}, {""id"": ""053004"", ""transcript"": ""إن هو إلا وحي يوحى""}, {""id"": ""053005"", ""transcript"": ""علمه شديد القوى""}, {""id"": ""053006"", ""transcript"": ""ذو مرة فاستوى""}, {""id"": ""053007"", ""transcript"": ""وهو بالأفق الأعلى""}, {""id"": ""053008"", ""transcript"": ""ثم دنا فتدلى""}, {""id"": ""053009"", ""transcript"": ""فكان قاب قوسين أو أدنى""}]","[{""id"": ""053001"", ""type"": ""ayah"", ""ar"": ""وَالنَّجْمِ إِذَا هَوَىٰ"", ""clean"": """", ""en"": """"}, {""id"": ""053002"", ""type"": ""ayah"", ""ar"": ""مَا ضَلَّ صَاحِبُكُمْ وَمَا غَوَىٰ"", ""clean"": """", ""en"": """"}, {""id"": ""053003"", ""type"": ""ayah"", ""ar"": ""وَمَا يَنطِقُ عَنِ الْهَوَىٰ"", ""clean"": """", ""en"": """"}, {""id"": ""053004"", ""type"": ""ayah"", ""ar"": ""إِنْ هُوَ إِلَّا وَحْيٌ يُوحَىٰ"", ""clean"": """", ""en"": """"}, {""id"": ""053005"", ""type"": ""ayah"", ""ar"": ""عَلَّمَهُ شَدِيدُ الْقُوَىٰ"", ""clean"": """", ""en"": """"}, {""id"": ""053006"", ""type"": ""ayah"", ""ar"": ""ذُو مِرَّةٍ فَاسْتَوَىٰ"", ""clean"": """", ""en"": """"}, {""id"": ""053007"", ""type"": ""ayah"", ""ar"": ""وَهُوَ بِالْأُفُقِ الْأَعْلَىٰ"", ""clean"": """", ""en"": """"}, {""id"": ""053008"", ""type"": ""ayah"", ""ar"": ""ثُمَّ دَنَا فَتَدَلَّىٰ"", ""clean"": """", ""en"": """"}, {""id"": ""053009"", ""type"": ""ayah"", ""ar"": ""فَكَانَ قَابَ قَوْسَيْنِ أَوْ أَدْنَىٰ"", ""clean"": """", ""en"": """"}]"
train-149,والنجم إذا هوى ما ضل صاحبكم وما غوى وما ينطق عن الهوى إن هو إلا وحي يوحى علمه شديد القوى ذو مرة فاستوى وهو بالأفق الأعلى,053001-053007,high,"[{""id"": ""053001"", ""transcript"": ""والنجم إذا هوى""}, {""id"": ""053002"", ""transcript"": ""ما ضل صاحبكم وما غوى""}, {""id"": ""053003"", ""transcript"": ""وما ينطق عن الهوى""}, {""id"": ""053004"", ""transcript"": ""إن هو إلا وحي يوحى""}, {""id"": ""053005"", ""transcript"": ""علمه شديد القوى""}, {""id"": ""053006"", ""transcript"": ""ذو مرة فاستوى""}, {""id"": ""053007"", ""transcript"": ""وهو بالأفق الأعلى""}]","[{""id"": ""053001"", ""type"": ""ayah"", ""ar"": ""وَالنَّجْمِ إِذَا هَوَىٰ"", ""clean"": """", ""en"": """"}, {""id"": ""053002"", ""type"": ""ayah"", ""ar"": ""مَا ضَلَّ صَاحِبُكُمْ وَمَا غَوَىٰ"", ""clean"": """", ""en"": """"}, {""id"": ""053003"", ""type"": ""ayah"", ""ar"": ""وَمَا يَنطِقُ عَنِ الْهَوَىٰ"", ""clean"": """", ""en"": """"}, {""id"": ""053004"", ""type"": ""ayah"", ""ar"": ""إِنْ هُوَ إِلَّا وَحْيٌ يُوحَىٰ"", ""clean"": """", ""en"": """"}, {""id"": ""053005"", ""type"": ""ayah"", ""ar"": ""عَلَّمَهُ شَدِيدُ الْقُوَىٰ"", ""clean"": """", ""en"": """"}, {""id"": ""053006"", ""type"": ""ayah"", ""ar"": ""ذُو مِرَّةٍ فَاسْتَوَىٰ"", ""clean"": """", ""en"": """"}, {""id"": ""053007"", ""type"": ""ayah"", ""ar"": ""وَهُوَ بِالْأُفُقِ الْأَعْلَىٰ"", ""clean"": """", ""en"": """"}]"
train-150,والنجم إذا هوى ما ضل صاحبكم وما غوى وما ينطق عن الهوى إن هو إلا وحي يوحى علمه شديد القوى ذو مرة فاستوى وهو بالأفق الأعلى فأوحى إلى عبده ما أوحى ما كذب الفؤاد ما,"053001,053002,053003,053004,053005,053006,053007,053010,053011",high,"[{""id"": ""053001"", ""transcript"": ""والنجم إذا هوى""}, {""id"": ""053002"", ""transcript"": ""ما ضل صاحبكم وما غوى""}, {""id"": ""053003"", ""transcript"": ""وما ينطق عن الهوى""}, {""id"": ""053004"", ""transcript"": ""إن هو إلا وحي يوحى""}, {""id"": ""053005"", ""transcript"": ""علمه شديد القوى""}, {""id"": ""053006"", ""transcript"": ""ذو مرة فاستوى""}, {""id"": ""053007"", ""transcript"": ""وهو بالأفق الأعلى""}, {""id"": ""053010"", ""transcript"": ""فأوحى إلى عبده ما أوحى""}, {""id"": ""053011"", ""transcript"": ""ما كذب الفؤاد ما""}]","[{""id"": ""053001"", ""type"": ""ayah"", ""ar"": ""وَالنَّجْمِ إِذَا هَوَىٰ"", ""clean"": """", ""en"": """"}, {""id"": ""053002"", ""type"": ""ayah"", ""ar"": ""مَا ضَلَّ صَاحِبُكُمْ وَمَا غَوَىٰ"", ""clean"": """", ""en"": """"}, {""id"": ""053003"", ""type"": ""ayah"", ""ar"": ""وَمَا يَنطِقُ عَنِ الْهَوَىٰ"", ""clean"": """", ""en"": """"}, {""id"": ""053004"", ""type"": ""ayah"", ""ar"": ""إِنْ هُوَ إِلَّا وَحْيٌ يُوحَىٰ"", ""clean"": """", ""en"": """"}, {""id"": ""053005"", ""type"": ""ayah"", ""ar"": ""عَلَّمَهُ شَدِيدُ الْقُوَىٰ"", ""clean"": """", ""en"": """"}, {""id"": ""053006"", ""type"": ""ayah"", ""ar"": ""ذُو مِرَّةٍ فَاسْتَوَىٰ"", ""clean"": """", ""en"": """"}, {""id"": ""053007"", ""type"": ""ayah"", ""ar"": ""وَهُوَ بِالْأُفُقِ الْأَعْلَىٰ"", ""clean"": """", ""en"": """"}, {""id"": ""053010"", ""type"": ""ayah"", ""ar"": ""فَأَوْحَىٰ إِلَىٰ عَبْدِهِ مَا أَوْحَىٰ"", ""clean"": """", ""en"": """"}, {""id"": ""053011"", ""type"": ""ayah"", ""ar"": ""مَا كَذَبَ الْفُؤَادُ مَا رَأَىٰ"", ""clean"": """", ""en"": """"}]"
train-151,هل أتى على الإنسان حين من الدهر لم يكن شيئا مذكورا إن خلقنا الإنسان من نطفة أمشاج نبتليه فجعلناه سميعا بصيرا إنا هديناه السبيل إما شاكرا وإما كفورا إنا اعتدنا للكافرين سلاسل وأغلالا وسعيرا إن الأبرار يشربون من عين كان مزاجها كافورا عينا يشرب بها عباد الله يفجرونها تفجيرا يوفون بالنذر ويخافون يوما كان شره مستطيرا ويطعمون الطعام على حبه مسكينا ويتيما وأسيرا,076001-076008,high,"[{""id"": ""076001"", ""transcript"": ""هل أتى على الإنسان حين من الدهر لم يكن شيئا مذكورا""}, {""id"": ""076002"", ""transcript"": ""إن خلقنا الإنسان من نطفة أمشاج نبتليه فجعلناه سميعا بصيرا""}, {""id"": ""076003"", ""transcript"": ""إنا هديناه السبيل إما شاكرا وإما كفورا""}, {""id"": ""076004"", ""transcript"": ""إنا اعتدنا للكافرين سلاسل وأغلالا وسعيرا""}, {""id"": ""076005"", ""transcript"": ""إن الأبرار يشربون من عين كان مزاجها كافورا""}, {""id"": ""076006"", ""transcript"": ""عينا يشرب بها عباد الله يفجرونها تفجيرا""}, {""id"": ""076007"", ""transcript"": ""يوفون بالنذر ويخافون يوما كان شره مستطيرا""}, {""id"": ""076008"", ""transcript"": ""ويطعمون الطعام على حبه مسكينا ويتيما وأسيرا""}]","[{""id"": ""076001"", ""type"": ""ayah"", ""ar"": ""هَلْ أَتَىٰ عَلَى الْإِنسَانِ حِينٌ مِّنَ الدَّهْرِ لَمْ يَكُن شَيْئًا مَّذْكُورًا"", ""clean"": """", ""en"": """"}, {""id"": ""076002"", ""type"": ""ayah"", ""ar"": ""إِنَّا خَلَقْنَا الْإِنسَانَ مِن نُّطْفَةٍ أَمْشَاجٍ نَّبْتَلِيهِ فَجَعَلْنَاهُ سَمِيعًا بَصِيرًا"", ""clean"": """", ""en"": """"}, {""id"": ""076003"", ""type"": ""ayah"", ""ar"": ""إِنَّا هَدَيْنَاهُ السَّبِيلَ إِمَّا شَاكِرًا وَإِمَّا كَفُورًا"", ""clean"": """", ""en"": """"}, {""id"": ""076004"", ""type"": ""ayah"", ""ar"": ""إِنَّا أَعْتَدْنَا لِلْكَافِرِينَ سَلَاسِلَ وَأَغْلَالًا وَسَعِيرًا"", ""clean"": """", ""en"": """"}, {""id"": ""076005"", ""type"": ""ayah"", ""ar"": ""إِنَّ الْأَبْرَارَ يَشْرَبُونَ مِن كَأْسٍ كَانَ مِزَاجُهَا كَافُورًا"", ""clean"": """", ""en"": """"}, {""id"": ""076006"", ""type"": ""ayah"", ""ar"": ""عَيْنًا يَشْرَبُ بِهَا عِبَادُ اللَّهِ يُفَجِّرُونَهَا تَفْجِيرًا"", ""clean"": """", ""en"": """"}, {""id"": ""076007"", ""type"": ""ayah"", ""ar"": ""يُوفُونَ بِالنَّذْرِ وَيَخَافُونَ يَوْمًا كَانَ شَرُّهُ مُسْتَطِيرًا"", ""clean"": """", ""en"": """"}, {""id"": ""076008"", ""type"": ""ayah"", ""ar"": ""وَيُطْعِمُونَ الطَّعَامَ عَلَىٰ حُبِّهِ مِسْكِينًا وَيَتِيمًا وَأَسِيرًا"", ""clean"": """", ""en"": """"}]"
